month,sku,account,units,revenue_usd,cogs_usd
2024-09,BTR-1001,Home Depot,2968,37854.47,20096.92
2024-09,BTR-1001,Lowe's,1737,22154.05,11761.57
2024-09,BTR-1001,Target,1447,18455.33,9797.93
2024-09,BTR-1001,Walmart,1836,23416.71,12431.92
2024-09,BTR-1001,Costco,1456,18570.12,9858.87
2024-09,BTR-1001,Kroger,286,3647.7,1936.56
2024-09,BTR-1001,Whole Foods,465,5930.7,3148.61
2024-09,BTR-1001,Amazon,2699,51041.87,18275.47
2024-09,BTR-1001,DTC Shopify,1570,29690.9,10630.78
2024-10,BTR-1001,Home Depot,2614,33339.48,17699.92
2024-10,BTR-1001,Lowe's,2412,30763.13,16332.13
2024-10,BTR-1001,Target,1777,22664.21,12032.42
2024-10,BTR-1001,Walmart,2438,31094.74,16508.19
2024-10,BTR-1001,Costco,1751,22332.6,11856.37
2024-10,BTR-1001,Kroger,302,3851.77,2044.9
2024-10,BTR-1001,Whole Foods,677,8634.59,4584.1
2024-10,BTR-1001,Amazon,3228,61046.0,21857.43
2024-10,BTR-1001,DTC Shopify,1774,33548.82,12012.11
2024-11,BTR-1001,Home Depot,5595,71359.75,37884.86
2024-11,BTR-1001,Lowe's,4519,57636.23,30599.05
2024-11,BTR-1001,Target,2990,38135.06,20245.89
2024-11,BTR-1001,Walmart,4359,55595.56,29515.66
2024-11,BTR-1001,Costco,2890,36859.64,19568.77
2024-11,BTR-1001,Kroger,681,8685.61,4611.19
2024-11,BTR-1001,Whole Foods,1200,15305.04,8125.44
2024-11,BTR-1001,Amazon,6084,115056.96,41195.98
2024-11,BTR-1001,DTC Shopify,3351,63372.1,22690.29
2024-12,BTR-1001,Home Depot,4780,60965.08,32366.34
2024-12,BTR-1001,Lowe's,3552,45302.92,24051.3
2024-12,BTR-1001,Target,3971,50646.93,26888.44
2024-12,BTR-1001,Walmart,3550,45277.41,24037.76
2024-12,BTR-1001,Costco,2998,38237.09,20300.06
2024-12,BTR-1001,Kroger,589,7512.22,3988.24
2024-12,BTR-1001,Whole Foods,1186,15126.48,8030.64
2024-12,BTR-1001,Amazon,5579,105506.7,37776.52
2024-12,BTR-1001,DTC Shopify,2871,54294.63,19440.12
2025-01,BTR-1001,Home Depot,3080,39282.94,20855.3
2025-01,BTR-1001,Lowe's,1757,22409.13,11897.0
2025-01,BTR-1001,Target,1730,22064.77,11714.18
2025-01,BTR-1001,Walmart,1671,21312.27,11314.68
2025-01,BTR-1001,Costco,1298,16554.95,8789.02
2025-01,BTR-1001,Kroger,221,2818.68,1496.44
2025-01,BTR-1001,Whole Foods,579,7384.68,3920.52
2025-01,BTR-1001,Amazon,2508,47429.79,16982.17
2025-01,BTR-1001,DTC Shopify,1338,25303.45,9059.87
2025-02,BTR-1001,Home Depot,2528,32242.62,17117.59
2025-02,BTR-1001,Lowe's,1339,17077.87,9066.64
2025-02,BTR-1001,Target,1198,15279.53,8111.9
2025-02,BTR-1001,Walmart,1532,19539.43,10373.48
2025-02,BTR-1001,Costco,1178,15024.45,7976.47
2025-02,BTR-1001,Kroger,199,2538.09,1347.47
2025-02,BTR-1001,Whole Foods,421,5369.52,2850.68
2025-02,BTR-1001,Amazon,2197,41548.35,14876.33
2025-02,BTR-1001,DTC Shopify,1284,24282.24,8694.22
2025-03,BTR-1001,Home Depot,2044,26069.58,13840.33
2025-03,BTR-1001,Lowe's,1636,20865.87,11077.68
2025-03,BTR-1001,Target,1406,17932.41,9520.31
2025-03,BTR-1001,Walmart,1691,21567.35,11450.1
2025-03,BTR-1001,Costco,1492,19029.27,10102.63
2025-03,BTR-1001,Kroger,200,2550.84,1354.24
2025-03,BTR-1001,Whole Foods,456,5815.92,3087.67
2025-03,BTR-1001,Amazon,2318,43836.63,15695.64
2025-03,BTR-1001,DTC Shopify,1663,31449.66,11260.51
2025-04,BTR-1001,Home Depot,2594,33084.39,17564.49
2025-04,BTR-1001,Lowe's,1841,23480.48,12465.78
2025-04,BTR-1001,Target,1670,21299.51,11307.9
2025-04,BTR-1001,Walmart,2044,26069.58,13840.33
2025-04,BTR-1001,Costco,1617,20623.54,10949.03
2025-04,BTR-1001,Kroger,281,3583.93,1902.71
2025-04,BTR-1001,Whole Foods,460,5866.93,3114.75
2025-04,BTR-1001,Amazon,2736,51741.59,18526.0
2025-04,BTR-1001,DTC Shopify,1432,27081.12,9696.36
2025-05,BTR-1001,Home Depot,2007,25597.68,13589.8
2025-05,BTR-1001,Lowe's,1170,14922.41,7922.3
2025-05,BTR-1001,Target,1532,19539.43,10373.48
2025-05,BTR-1001,Walmart,1975,25189.54,13373.12
2025-05,BTR-1001,Costco,1334,17014.1,9032.78
2025-05,BTR-1001,Kroger,212,2703.89,1435.49
2025-05,BTR-1001,Whole Foods,464,5917.95,3141.84
2025-05,BTR-1001,Amazon,2580,48791.41,17469.7
2025-05,BTR-1001,DTC Shopify,1400,26475.96,9479.68
2025-06,BTR-1001,Home Depot,1753,22358.11,11869.91
2025-06,BTR-1001,Lowe's,1115,14220.93,7549.89
2025-06,BTR-1001,Target,858,10943.1,5809.69
2025-06,BTR-1001,Walmart,1154,14718.35,7813.96
2025-06,BTR-1001,Costco,1045,13328.14,7075.9
2025-06,BTR-1001,Kroger,202,2576.35,1367.78
2025-06,BTR-1001,Whole Foods,301,3839.01,2038.13
2025-06,BTR-1001,Amazon,1907,36064.04,12912.68
2025-06,BTR-1001,DTC Shopify,1023,19346.36,6926.94
2025-07,BTR-1001,Home Depot,1779,22689.72,12045.96
2025-07,BTR-1001,Lowe's,982,12524.62,6649.32
2025-07,BTR-1001,Target,1041,13277.12,7048.82
2025-07,BTR-1001,Walmart,1287,16414.66,8714.53
2025-07,BTR-1001,Costco,985,12562.89,6669.63
2025-07,BTR-1001,Kroger,193,2461.56,1306.84
2025-07,BTR-1001,Whole Foods,294,3749.73,1990.73
2025-07,BTR-1001,Amazon,1952,36915.05,13217.38
2025-07,BTR-1001,DTC Shopify,1225,23166.46,8294.72
2025-08,BTR-1001,Home Depot,3133,39958.91,21214.17
2025-08,BTR-1001,Lowe's,2278,29054.07,15424.79
2025-08,BTR-1001,Target,1771,22587.69,11991.8
2025-08,BTR-1001,Walmart,1997,25470.14,13522.09
2025-08,BTR-1001,Costco,1949,24857.94,13197.07
2025-08,BTR-1001,Kroger,251,3201.3,1699.57
2025-08,BTR-1001,Whole Foods,686,8749.38,4645.04
2025-08,BTR-1001,Amazon,3250,61462.05,22006.4
2025-08,BTR-1001,DTC Shopify,1695,32054.82,11477.18
2025-09,BTR-1001,Home Depot,2952,37650.4,19988.58
2025-09,BTR-1001,Lowe's,2245,28633.18,15201.34
2025-09,BTR-1001,Target,2200,28059.24,14896.64
2025-09,BTR-1001,Walmart,1747,22281.59,11829.29
2025-09,BTR-1001,Costco,1910,24360.52,12932.99
2025-09,BTR-1001,Kroger,274,3494.65,1855.31
2025-09,BTR-1001,Whole Foods,599,7639.77,4055.95
2025-09,BTR-1001,Amazon,2869,54256.81,19426.57
2025-09,BTR-1001,DTC Shopify,2067,39089.86,13996.07
2025-10,BTR-1001,Home Depot,4514,57572.46,30565.2
2025-10,BTR-1001,Lowe's,3001,38275.35,20320.37
2025-10,BTR-1001,Target,3195,40749.67,21633.98
2025-10,BTR-1001,Walmart,2834,36145.4,19189.58
2025-10,BTR-1001,Costco,2949,37612.14,19968.27
2025-10,BTR-1001,Kroger,432,5509.81,2925.16
2025-10,BTR-1001,Whole Foods,817,10420.18,5532.07
2025-10,BTR-1001,Amazon,5088,96221.2,34451.87
2025-10,BTR-1001,DTC Shopify,2576,48715.77,17442.61
2025-11,BTR-1001,Home Depot,5556,70862.34,37620.79
2025-11,BTR-1001,Lowe's,4646,59256.01,31459.0
2025-11,BTR-1001,Target,3608,46017.15,24430.49
2025-11,BTR-1001,Walmart,4620,58924.4,31282.94
2025-11,BTR-1001,Costco,3441,43887.2,23299.7
2025-11,BTR-1001,Kroger,654,8341.25,4428.36
2025-11,BTR-1001,Whole Foods,1147,14629.07,7766.57
2025-11,BTR-1001,Amazon,6381,120673.64,43207.03
2025-11,BTR-1001,DTC Shopify,2802,52989.74,18972.9
2025-12,BTR-1001,Home Depot,7699,98194.59,52131.47
2025-12,BTR-1001,Lowe's,4718,60174.32,31946.52
2025-12,BTR-1001,Target,4734,60378.38,32054.86
2025-12,BTR-1001,Walmart,5568,71015.39,37702.04
2025-12,BTR-1001,Costco,4210,53695.18,28506.75
2025-12,BTR-1001,Kroger,680,8672.86,4604.42
2025-12,BTR-1001,Whole Foods,1262,16095.8,8545.25
2025-12,BTR-1001,Amazon,6260,118385.36,42387.71
2025-12,BTR-1001,DTC Shopify,4448,84117.91,30118.3
2026-01,BTR-1001,Home Depot,2571,32791.05,17408.76
2026-01,BTR-1001,Lowe's,1739,22179.55,11775.12
2026-01,BTR-1001,Target,1532,19539.43,10373.48
2026-01,BTR-1001,Walmart,1803,22995.82,12208.47
2026-01,BTR-1001,Costco,1390,17728.34,9411.97
2026-01,BTR-1001,Kroger,251,3201.3,1699.57
2026-01,BTR-1001,Whole Foods,545,6951.04,3690.3
2026-01,BTR-1001,Amazon,2501,47297.41,16934.77
2026-01,BTR-1001,DTC Shopify,1546,29237.02,10468.28
2026-02,BTR-1001,Home Depot,1908,24335.01,12919.45
2026-02,BTR-1001,Lowe's,1676,21376.04,11348.53
2026-02,BTR-1001,Target,1232,15713.17,8342.12
2026-02,BTR-1001,Walmart,2015,25699.71,13643.97
2026-02,BTR-1001,Costco,1551,19781.76,10502.13
2026-02,BTR-1001,Kroger,226,2882.45,1530.29
2026-02,BTR-1001,Whole Foods,532,6785.23,3602.28
2026-02,BTR-1001,Amazon,2351,44460.7,15919.09
2026-02,BTR-1001,DTC Shopify,1262,23866.19,8545.25
2026-03,BTR-1001,Home Depot,2879,36719.34,19494.28
2026-03,BTR-1001,Lowe's,1474,18799.69,9980.75
2026-03,BTR-1001,Target,1598,20381.21,10820.38
2026-03,BTR-1001,Walmart,2045,26082.34,13847.1
2026-03,BTR-1001,Costco,1742,22217.82,11795.43
2026-03,BTR-1001,Kroger,291,3711.47,1970.42
2026-03,BTR-1001,Whole Foods,559,7129.6,3785.1
2026-03,BTR-1001,Amazon,2713,51306.63,18370.27
2026-03,BTR-1001,DTC Shopify,1944,36763.76,13163.21
2026-04,BTR-1001,Home Depot,2285,29143.35,15472.19
2026-04,BTR-1001,Lowe's,1314,16759.02,8897.36
2026-04,BTR-1001,Target,1463,18659.39,9906.27
2026-04,BTR-1001,Walmart,1886,24054.42,12770.48
2026-04,BTR-1001,Costco,1329,16950.33,8998.92
2026-04,BTR-1001,Kroger,323,4119.61,2187.1
2026-04,BTR-1001,Whole Foods,448,5713.88,3033.5
2026-04,BTR-1001,Amazon,2269,42909.97,15363.85
2026-04,BTR-1001,DTC Shopify,1712,32376.32,11592.29
2026-05,BTR-1001,Home Depot,2205,28123.01,14930.5
2026-05,BTR-1001,Lowe's,1674,21350.53,11334.99
2026-05,BTR-1001,Target,1612,20559.77,10915.17
2026-05,BTR-1001,Walmart,2160,27549.07,14625.79
2026-05,BTR-1001,Costco,1298,16554.95,8789.02
2026-05,BTR-1001,Kroger,240,3061.01,1625.09
2026-05,BTR-1001,Whole Foods,639,8149.93,4326.8
2026-05,BTR-1001,Amazon,2830,53519.26,19162.5
2026-05,BTR-1001,DTC Shopify,1615,30541.91,10935.49
2026-06,BTR-1001,Home Depot,2637,33632.83,17855.65
2026-06,BTR-1001,Lowe's,1851,23608.02,12533.49
2026-06,BTR-1001,Target,1305,16644.23,8836.42
2026-06,BTR-1001,Walmart,1940,24743.15,13136.13
2026-06,BTR-1001,Costco,1273,16236.1,8619.74
2026-06,BTR-1001,Kroger,236,3009.99,1598.0
2026-06,BTR-1001,Whole Foods,557,7104.09,3771.56
2026-06,BTR-1001,Amazon,2223,42040.04,15052.38
2026-06,BTR-1001,DTC Shopify,1631,30844.49,11043.83
2026-07,BTR-1001,Home Depot,2565,32714.52,17368.13
2026-07,BTR-1001,Lowe's,1927,24577.34,13048.1
2026-07,BTR-1001,Target,1845,23531.5,12492.86
2026-07,BTR-1001,Walmart,2096,26732.8,14192.44
2026-07,BTR-1001,Costco,1746,22268.83,11822.52
2026-07,BTR-1001,Kroger,232,2958.97,1570.92
2026-07,BTR-1001,Whole Foods,509,6491.89,3446.54
2026-07,BTR-1001,Amazon,3273,61897.01,22162.14
2026-07,BTR-1001,DTC Shopify,1875,35458.88,12696.0
2026-08,BTR-1001,Home Depot,2499,31872.75,16921.23
2026-08,BTR-1001,Lowe's,1714,21860.7,11605.84
2026-08,BTR-1001,Target,1802,22983.07,12201.7
2026-08,BTR-1001,Walmart,2052,26171.62,13894.5
2026-08,BTR-1001,Costco,1690,21554.6,11443.33
2026-08,BTR-1001,Kroger,246,3137.53,1665.72
2026-08,BTR-1001,Whole Foods,504,6428.12,3412.68
2026-08,BTR-1001,Amazon,3343,63220.81,22636.12
2026-08,BTR-1001,DTC Shopify,1514,28631.86,10251.6
2024-09,BTR-1002,Home Depot,636,9218.31,4609.28
2024-09,BTR-1002,Lowe's,443,6420.93,3210.55
2024-09,BTR-1002,Target,426,6174.53,3087.35
2024-09,BTR-1002,Walmart,434,6290.48,3145.33
2024-09,BTR-1002,Costco,442,6406.44,3203.31
2024-09,BTR-1002,Kroger,67,971.11,485.57
2024-09,BTR-1002,Whole Foods,122,1768.29,884.17
2024-09,BTR-1002,Amazon,725,15581.26,5254.29
2024-09,BTR-1002,DTC Shopify,378,8123.75,2739.48
2024-10,BTR-1002,Home Depot,1132,16407.43,8203.94
2024-10,BTR-1002,Lowe's,756,10957.62,5478.96
2024-10,BTR-1002,Target,732,10609.75,5305.02
2024-10,BTR-1002,Walmart,949,13755.0,6877.69
2024-10,BTR-1002,Costco,636,9218.31,4609.28
2024-10,BTR-1002,Kroger,118,1710.32,855.18
2024-10,BTR-1002,Whole Foods,271,3927.93,1964.02
2024-10,BTR-1002,Amazon,1119,24048.88,8109.73
2024-10,BTR-1002,DTC Shopify,708,15215.91,5131.09
2024-11,BTR-1002,Home Depot,1434,20784.68,10392.63
2024-11,BTR-1002,Lowe's,1029,14914.53,7457.47
2024-11,BTR-1002,Target,877,12711.41,6355.88
2024-11,BTR-1002,Walmart,928,13450.62,6725.49
2024-11,BTR-1002,Costco,748,10841.66,5420.98
2024-11,BTR-1002,Kroger,144,2087.16,1043.61
2024-11,BTR-1002,Whole Foods,331,4797.58,2398.86
2024-11,BTR-1002,Amazon,1126,24199.32,8160.46
2024-11,BTR-1002,DTC Shopify,1014,21792.28,7348.76
2024-12,BTR-1002,Home Depot,1789,25930.12,12965.42
2024-12,BTR-1002,Lowe's,1400,20291.88,10146.22
2024-12,BTR-1002,Target,1227,17784.38,8892.44
2024-12,BTR-1002,Walmart,1524,22089.16,11044.89
2024-12,BTR-1002,Costco,1232,17856.85,8928.67
2024-12,BTR-1002,Kroger,210,3043.78,1521.93
2024-12,BTR-1002,Whole Foods,425,6160.03,3080.1
2024-12,BTR-1002,Amazon,2600,55877.64,18842.98
2024-12,BTR-1002,DTC Shopify,1501,32258.59,10878.2
2025-01,BTR-1002,Home Depot,584,8464.61,4232.42
2025-01,BTR-1002,Lowe's,351,5087.46,2543.8
2025-01,BTR-1002,Target,377,5464.31,2732.23
2025-01,BTR-1002,Walmart,390,5652.74,2826.45
2025-01,BTR-1002,Costco,319,4623.65,2311.89
2025-01,BTR-1002,Kroger,59,855.16,427.59
2025-01,BTR-1002,Whole Foods,125,1811.77,905.91
2025-01,BTR-1002,Amazon,631,13561.07,4573.05
2025-01,BTR-1002,DTC Shopify,387,8317.17,2804.71
2025-02,BTR-1002,Home Depot,650,9421.23,4710.74
2025-02,BTR-1002,Lowe's,343,4971.51,2485.82
2025-02,BTR-1002,Target,397,5754.2,2877.18
2025-02,BTR-1002,Walmart,441,6391.94,3196.06
2025-02,BTR-1002,Costco,359,5203.42,2601.78
2025-02,BTR-1002,Kroger,66,956.62,478.32
2025-02,BTR-1002,Whole Foods,112,1623.35,811.7
2025-02,BTR-1002,Amazon,459,9864.55,3326.51
2025-02,BTR-1002,DTC Shopify,369,7930.33,2674.25
2025-03,BTR-1002,Home Depot,562,8145.74,4072.98
2025-03,BTR-1002,Lowe's,488,7073.17,3536.68
2025-03,BTR-1002,Target,336,4870.05,2435.09
2025-03,BTR-1002,Walmart,469,6797.78,3398.98
2025-03,BTR-1002,Costco,327,4739.6,2369.87
2025-03,BTR-1002,Kroger,65,942.12,471.07
2025-03,BTR-1002,Whole Foods,118,1710.32,855.18
2025-03,BTR-1002,Amazon,598,12851.86,4333.89
2025-03,BTR-1002,DTC Shopify,379,8145.24,2746.73
2025-04,BTR-1002,Home Depot,1120,16233.5,8116.98
2025-04,BTR-1002,Lowe's,822,11914.23,5957.28
2025-04,BTR-1002,Target,648,9392.24,4696.25
2025-04,BTR-1002,Walmart,800,11595.36,5797.84
2025-04,BTR-1002,Costco,754,10928.63,5464.46
2025-04,BTR-1002,Kroger,106,1536.39,768.21
2025-04,BTR-1002,Whole Foods,272,3942.42,1971.27
2025-04,BTR-1002,Amazon,1012,21749.3,7334.27
2025-04,BTR-1002,DTC Shopify,804,17279.09,5826.83
2025-05,BTR-1002,Home Depot,680,9856.06,4928.16
2025-05,BTR-1002,Lowe's,462,6696.32,3348.25
2025-05,BTR-1002,Target,344,4986.0,2493.07
2025-05,BTR-1002,Walmart,465,6739.8,3369.99
2025-05,BTR-1002,Costco,429,6218.01,3109.09
2025-05,BTR-1002,Kroger,63,913.13,456.58
2025-05,BTR-1002,Whole Foods,145,2101.66,1050.86
2025-05,BTR-1002,Amazon,682,14657.13,4942.66
2025-05,BTR-1002,DTC Shopify,519,11154.04,3761.35
2025-06,BTR-1002,Home Depot,484,7015.19,3507.69
2025-06,BTR-1002,Lowe's,434,6290.48,3145.33
2025-06,BTR-1002,Target,275,3985.9,1993.01
2025-06,BTR-1002,Walmart,438,6348.46,3174.32
2025-06,BTR-1002,Costco,319,4623.65,2311.89
2025-06,BTR-1002,Kroger,67,971.11,485.57
2025-06,BTR-1002,Whole Foods,137,1985.71,992.88
2025-06,BTR-1002,Amazon,669,14377.75,4848.44
2025-06,BTR-1002,DTC Shopify,371,7973.31,2688.75
2025-07,BTR-1002,Home Depot,603,8740.0,4370.12
2025-07,BTR-1002,Lowe's,458,6638.34,3319.26
2025-07,BTR-1002,Target,413,5986.1,2993.13
2025-07,BTR-1002,Walmart,494,7160.13,3580.17
2025-07,BTR-1002,Costco,430,6232.51,3116.34
2025-07,BTR-1002,Kroger,70,1014.59,507.31
2025-07,BTR-1002,Whole Foods,112,1623.35,811.7
2025-07,BTR-1002,Amazon,608,13066.77,4406.36
2025-07,BTR-1002,DTC Shopify,405,8704.02,2935.16
2025-08,BTR-1002,Home Depot,591,8566.07,4283.15
2025-08,BTR-1002,Lowe's,460,6667.33,3333.76
2025-08,BTR-1002,Target,396,5739.7,2869.93
2025-08,BTR-1002,Walmart,429,6218.01,3109.09
2025-08,BTR-1002,Costco,392,5681.73,2840.94
2025-08,BTR-1002,Kroger,65,942.12,471.07
2025-08,BTR-1002,Whole Foods,122,1768.29,884.17
2025-08,BTR-1002,Amazon,631,13561.07,4573.05
2025-08,BTR-1002,DTC Shopify,407,8747.0,2949.65
2025-09,BTR-1002,Home Depot,581,8421.13,4210.68
2025-09,BTR-1002,Lowe's,488,7073.17,3536.68
2025-09,BTR-1002,Target,395,5725.21,2862.68
2025-09,BTR-1002,Walmart,481,6971.71,3485.95
2025-09,BTR-1002,Costco,349,5058.48,2529.31
2025-09,BTR-1002,Kroger,60,869.65,434.84
2025-09,BTR-1002,Whole Foods,151,2188.62,1094.34
2025-09,BTR-1002,Amazon,643,13818.97,4660.01
2025-09,BTR-1002,DTC Shopify,351,7543.48,2543.8
2025-10,BTR-1002,Home Depot,913,13233.2,6616.78
2025-10,BTR-1002,Lowe's,795,11522.89,5761.6
2025-10,BTR-1002,Target,658,9537.18,4768.72
2025-10,BTR-1002,Walmart,663,9609.65,4804.96
2025-10,BTR-1002,Costco,531,7696.42,3848.32
2025-10,BTR-1002,Kroger,88,1275.49,637.76
2025-10,BTR-1002,Whole Foods,215,3116.25,1558.17
2025-10,BTR-1002,Amazon,1049,22544.48,7602.42
2025-10,BTR-1002,DTC Shopify,655,14076.87,4746.98
2025-11,BTR-1002,Home Depot,1361,19726.61,9863.58
2025-11,BTR-1002,Lowe's,939,13610.05,6805.21
2025-11,BTR-1002,Target,735,10653.24,5326.77
2025-11,BTR-1002,Walmart,1136,16465.41,8232.93
2025-11,BTR-1002,Costco,773,11204.02,5602.16
2025-11,BTR-1002,Kroger,136,1971.21,985.63
2025-11,BTR-1002,Whole Foods,350,5072.97,2536.55
2025-11,BTR-1002,Amazon,1618,34773.09,11726.13
2025-11,BTR-1002,DTC Shopify,924,19858.05,6696.51
2025-12,BTR-1002,Home Depot,1790,25944.62,12972.67
2025-12,BTR-1002,Lowe's,1273,18451.12,9225.81
2025-12,BTR-1002,Target,1299,18827.97,9414.24
2025-12,BTR-1002,Walmart,1269,18393.14,9196.82
2025-12,BTR-1002,Costco,1133,16421.93,8211.19
2025-12,BTR-1002,Kroger,177,2565.47,1282.77
2025-12,BTR-1002,Whole Foods,327,4739.6,2369.87
2025-12,BTR-1002,Amazon,2208,47453.01,16002.04
2025-12,BTR-1002,DTC Shopify,1250,26864.25,9059.12
2026-01,BTR-1002,Home Depot,652,9450.22,4725.24
2026-01,BTR-1002,Lowe's,500,7247.1,3623.65
2026-01,BTR-1002,Target,405,5870.15,2935.16
2026-01,BTR-1002,Walmart,444,6435.42,3217.8
2026-01,BTR-1002,Costco,394,5710.71,2855.44
2026-01,BTR-1002,Kroger,77,1116.05,558.04
2026-01,BTR-1002,Whole Foods,139,2014.69,1007.37
2026-01,BTR-1002,Amazon,562,12078.17,4072.98
2026-01,BTR-1002,DTC Shopify,497,10681.23,3601.91
2026-02,BTR-1002,Home Depot,502,7276.09,3638.14
2026-02,BTR-1002,Lowe's,507,7348.56,3674.38
2026-02,BTR-1002,Target,307,4449.72,2224.92
2026-02,BTR-1002,Walmart,446,6464.41,3232.3
2026-02,BTR-1002,Costco,398,5768.69,2884.43
2026-02,BTR-1002,Kroger,54,782.69,391.35
2026-02,BTR-1002,Whole Foods,141,2043.68,1021.87
2026-02,BTR-1002,Amazon,647,13904.94,4689.0
2026-02,BTR-1002,DTC Shopify,373,8016.29,2703.24
2026-03,BTR-1002,Home Depot,705,10218.41,5109.35
2026-03,BTR-1002,Lowe's,502,7276.09,3638.14
2026-03,BTR-1002,Target,462,6696.32,3348.25
2026-03,BTR-1002,Walmart,523,7580.47,3790.34
2026-03,BTR-1002,Costco,488,7073.17,3536.68
2026-03,BTR-1002,Kroger,64,927.63,463.83
2026-03,BTR-1002,Whole Foods,163,2362.55,1181.31
2026-03,BTR-1002,Amazon,850,18267.69,6160.2
2026-03,BTR-1002,DTC Shopify,411,8832.97,2978.64
2026-04,BTR-1002,Home Depot,625,9058.87,4529.56
2026-04,BTR-1002,Lowe's,477,6913.73,3456.96
2026-04,BTR-1002,Target,402,5826.67,2913.41
2026-04,BTR-1002,Walmart,485,7029.69,3514.94
2026-04,BTR-1002,Costco,341,4942.52,2471.33
2026-04,BTR-1002,Kroger,64,927.63,463.83
2026-04,BTR-1002,Whole Foods,147,2130.65,1065.35
2026-04,BTR-1002,Amazon,702,15086.96,5087.6
2026-04,BTR-1002,DTC Shopify,517,11111.05,3746.85
2026-05,BTR-1002,Home Depot,839,12160.63,6080.48
2026-05,BTR-1002,Lowe's,529,7667.43,3833.82
2026-05,BTR-1002,Target,402,5826.67,2913.41
2026-05,BTR-1002,Walmart,591,8566.07,4283.15
2026-05,BTR-1002,Costco,422,6116.55,3058.36
2026-05,BTR-1002,Kroger,78,1130.55,565.29
2026-05,BTR-1002,Whole Foods,185,2681.43,1340.75
2026-05,BTR-1002,Amazon,867,18633.04,6283.41
2026-05,BTR-1002,DTC Shopify,377,8102.26,2732.23
2026-06,BTR-1002,Home Depot,629,9116.85,4558.55
2026-06,BTR-1002,Lowe's,375,5435.32,2717.74
2026-06,BTR-1002,Target,398,5768.69,2884.43
2026-06,BTR-1002,Walmart,573,8305.18,4152.7
2026-06,BTR-1002,Costco,368,5333.87,2667.01
2026-06,BTR-1002,Kroger,64,927.63,463.83
2026-06,BTR-1002,Whole Foods,154,2232.11,1116.08
2026-06,BTR-1002,Amazon,646,13883.44,4681.76
2026-06,BTR-1002,DTC Shopify,421,9047.88,3051.11
2026-07,BTR-1002,Home Depot,669,9696.62,4848.44
2026-07,BTR-1002,Lowe's,482,6986.2,3493.2
2026-07,BTR-1002,Target,411,5957.12,2978.64
2026-07,BTR-1002,Walmart,386,5594.76,2797.46
2026-07,BTR-1002,Costco,367,5319.37,2659.76
2026-07,BTR-1002,Kroger,69,1000.1,500.06
2026-07,BTR-1002,Whole Foods,138,2000.2,1000.13
2026-07,BTR-1002,Amazon,593,12744.4,4297.65
2026-07,BTR-1002,DTC Shopify,374,8037.78,2710.49
2026-08,BTR-1002,Home Depot,734,10638.74,5319.52
2026-08,BTR-1002,Lowe's,533,7725.41,3862.81
2026-08,BTR-1002,Target,476,6899.24,3449.71
2026-08,BTR-1002,Walmart,655,9493.7,4746.98
2026-08,BTR-1002,Costco,448,6493.4,3246.79
2026-08,BTR-1002,Kroger,82,1188.52,594.28
2026-08,BTR-1002,Whole Foods,171,2478.51,1239.29
2026-08,BTR-1002,Amazon,784,16849.26,5681.88
2026-08,BTR-1002,DTC Shopify,492,10573.77,3565.67
2024-09,BTR-1003,Home Depot,539,8437.61,4346.28
2024-09,BTR-1003,Lowe's,310,4852.8,2499.72
2024-09,BTR-1003,Target,301,4711.91,2427.14
2024-09,BTR-1003,Walmart,387,6058.18,3120.61
2024-09,BTR-1003,Costco,270,4226.63,2177.17
2024-09,BTR-1003,Kroger,41,641.82,330.61
2024-09,BTR-1003,Whole Foods,109,1706.31,878.93
2024-09,BTR-1003,Amazon,560,12998.38,4515.62
2024-09,BTR-1003,DTC Shopify,244,5663.58,1967.52
2024-10,BTR-1003,Home Depot,1563,24467.51,12603.41
2024-10,BTR-1003,Lowe's,878,13744.39,7079.84
2024-10,BTR-1003,Target,948,14840.18,7644.29
2024-10,BTR-1003,Walmart,1017,15920.32,8200.68
2024-10,BTR-1003,Costco,810,12679.9,6531.52
2024-10,BTR-1003,Kroger,164,2567.29,1322.43
2024-10,BTR-1003,Whole Foods,276,4320.56,2225.55
2024-10,BTR-1003,Amazon,1563,36279.42,12603.41
2024-10,BTR-1003,DTC Shopify,801,18592.33,6458.94
2024-11,BTR-1003,Home Depot,990,15497.66,7982.96
2024-11,BTR-1003,Lowe's,649,10159.58,5233.28
2024-11,BTR-1003,Target,654,10237.85,5273.59
2024-11,BTR-1003,Walmart,857,13415.65,6910.51
2024-11,BTR-1003,Costco,616,9642.99,4967.18
2024-11,BTR-1003,Kroger,103,1612.38,830.55
2024-11,BTR-1003,Whole Foods,208,3256.07,1677.23
2024-11,BTR-1003,Amazon,1078,25021.89,8692.56
2024-11,BTR-1003,DTC Shopify,609,14135.74,4910.73
2024-12,BTR-1003,Home Depot,1060,16593.45,8547.42
2024-12,BTR-1003,Lowe's,688,10770.09,5547.76
2024-12,BTR-1003,Target,721,11286.68,5813.86
2024-12,BTR-1003,Walmart,710,11114.48,5725.16
2024-12,BTR-1003,Costco,702,10989.25,5660.65
2024-12,BTR-1003,Kroger,106,1659.35,854.74
2024-12,BTR-1003,Whole Foods,228,3569.16,1838.5
2024-12,BTR-1003,Amazon,1253,29083.88,10103.69
2024-12,BTR-1003,DTC Shopify,724,16805.05,5838.05
2025-01,BTR-1003,Home Depot,367,5745.09,2959.34
2025-01,BTR-1003,Lowe's,291,4555.37,2346.51
2025-01,BTR-1003,Target,236,3694.39,1903.01
2025-01,BTR-1003,Walmart,375,5870.32,3023.85
2025-01,BTR-1003,Costco,291,4555.37,2346.51
2025-01,BTR-1003,Kroger,39,610.51,314.48
2025-01,BTR-1003,Whole Foods,102,1596.73,822.49
2025-01,BTR-1003,Amazon,364,8448.95,2935.15
2025-01,BTR-1003,DTC Shopify,294,6824.15,2370.7
2025-02,BTR-1003,Home Depot,542,8484.58,4370.47
2025-02,BTR-1003,Lowe's,334,5228.5,2693.24
2025-02,BTR-1003,Target,410,6418.22,3306.08
2025-02,BTR-1003,Walmart,387,6058.18,3120.61
2025-02,BTR-1003,Costco,337,5275.47,2717.43
2025-02,BTR-1003,Kroger,53,829.67,427.37
2025-02,BTR-1003,Whole Foods,88,1377.57,709.6
2025-02,BTR-1003,Amazon,488,11327.16,3935.04
2025-02,BTR-1003,DTC Shopify,306,7102.69,2467.46
2025-03,BTR-1003,Home Depot,375,5870.32,3023.85
2025-03,BTR-1003,Lowe's,318,4978.04,2564.22
2025-03,BTR-1003,Target,246,3850.93,1983.65
2025-03,BTR-1003,Walmart,280,4383.18,2257.81
2025-03,BTR-1003,Costco,223,3490.89,1798.18
2025-03,BTR-1003,Kroger,51,798.36,411.24
2025-03,BTR-1003,Whole Foods,101,1581.07,814.42
2025-03,BTR-1003,Amazon,449,10421.92,3620.56
2025-03,BTR-1003,DTC Shopify,250,5802.85,2015.9
2025-04,BTR-1003,Home Depot,355,5557.24,2862.58
2025-04,BTR-1003,Lowe's,304,4758.88,2451.33
2025-04,BTR-1003,Target,266,4164.02,2144.92
2025-04,BTR-1003,Walmart,273,4273.6,2201.36
2025-04,BTR-1003,Costco,252,3944.86,2032.03
2025-04,BTR-1003,Kroger,36,563.55,290.29
2025-04,BTR-1003,Whole Foods,85,1330.61,685.41
2025-04,BTR-1003,Amazon,464,10770.09,3741.51
2025-04,BTR-1003,DTC Shopify,233,5408.26,1878.82
2025-05,BTR-1003,Home Depot,389,6089.48,3136.74
2025-05,BTR-1003,Lowe's,242,3788.32,1951.39
2025-05,BTR-1003,Target,272,4257.94,2193.3
2025-05,BTR-1003,Walmart,217,3396.96,1749.8
2025-05,BTR-1003,Costco,247,3866.59,1991.71
2025-05,BTR-1003,Kroger,44,688.78,354.8
2025-05,BTR-1003,Whole Foods,82,1283.64,661.22
2025-05,BTR-1003,Amazon,403,9354.19,3249.63
2025-05,BTR-1003,DTC Shopify,255,5918.91,2056.22
2025-06,BTR-1003,Home Depot,370,5792.05,2983.53
2025-06,BTR-1003,Lowe's,210,3287.38,1693.36
2025-06,BTR-1003,Target,233,3647.43,1878.82
2025-06,BTR-1003,Walmart,314,4915.42,2531.97
2025-06,BTR-1003,Costco,216,3381.31,1741.74
2025-06,BTR-1003,Kroger,39,610.51,314.48
2025-06,BTR-1003,Whole Foods,90,1408.88,725.72
2025-06,BTR-1003,Amazon,383,8889.97,3088.36
2025-06,BTR-1003,DTC Shopify,241,5593.95,1943.33
2025-07,BTR-1003,Home Depot,282,4414.48,2273.94
2025-07,BTR-1003,Lowe's,242,3788.32,1951.39
2025-07,BTR-1003,Target,186,2911.68,1499.83
2025-07,BTR-1003,Walmart,254,3976.17,2048.15
2025-07,BTR-1003,Costco,243,3803.97,1959.45
2025-07,BTR-1003,Kroger,38,594.86,306.42
2025-07,BTR-1003,Whole Foods,79,1236.68,637.02
2025-07,BTR-1003,Amazon,416,9655.94,3354.46
2025-07,BTR-1003,DTC Shopify,228,5292.2,1838.5
2025-08,BTR-1003,Home Depot,408,6386.91,3289.95
2025-08,BTR-1003,Lowe's,315,4931.07,2540.03
2025-08,BTR-1003,Target,264,4132.71,2128.79
2025-08,BTR-1003,Walmart,266,4164.02,2144.92
2025-08,BTR-1003,Costco,281,4398.83,2265.87
2025-08,BTR-1003,Kroger,46,720.09,370.93
2025-08,BTR-1003,Whole Foods,100,1565.42,806.36
2025-08,BTR-1003,Amazon,499,11582.49,4023.74
2025-08,BTR-1003,DTC Shopify,264,6127.81,2128.79
2025-09,BTR-1003,Home Depot,641,10034.34,5168.77
2025-09,BTR-1003,Lowe's,393,6152.1,3168.99
2025-09,BTR-1003,Target,379,5932.94,3056.1
2025-09,BTR-1003,Walmart,355,5557.24,2862.58
2025-09,BTR-1003,Costco,334,5228.5,2693.24
2025-09,BTR-1003,Kroger,53,829.67,427.37
2025-09,BTR-1003,Whole Foods,116,1815.89,935.38
2025-09,BTR-1003,Amazon,575,13346.56,4636.57
2025-09,BTR-1003,DTC Shopify,315,7311.59,2540.03
2025-10,BTR-1003,Home Depot,601,9408.17,4846.22
2025-10,BTR-1003,Lowe's,641,10034.34,5168.77
2025-10,BTR-1003,Target,456,7138.32,3677.0
2025-10,BTR-1003,Walmart,535,8375.0,4314.03
2025-10,BTR-1003,Costco,477,7467.05,3846.34
2025-10,BTR-1003,Kroger,80,1252.34,645.09
2025-10,BTR-1003,Whole Foods,143,2238.55,1153.09
2025-10,BTR-1003,Amazon,821,19056.56,6620.22
2025-10,BTR-1003,DTC Shopify,442,10259.44,3564.11
2025-11,BTR-1003,Home Depot,869,13603.5,7007.27
2025-11,BTR-1003,Lowe's,648,10143.92,5225.21
2025-11,BTR-1003,Target,579,9063.78,4668.82
2025-11,BTR-1003,Walmart,713,11161.44,5749.35
2025-11,BTR-1003,Costco,563,8813.31,4539.81
2025-11,BTR-1003,Kroger,73,1142.76,588.64
2025-11,BTR-1003,Whole Foods,187,2927.34,1507.89
2025-11,BTR-1003,Amazon,792,18383.43,6386.37
2025-11,BTR-1003,DTC Shopify,525,12185.99,4233.39
2025-12,BTR-1003,Home Depot,1000,15654.2,8063.6
2025-12,BTR-1003,Lowe's,630,9862.15,5080.07
2025-12,BTR-1003,Target,506,7921.03,4080.18
2025-12,BTR-1003,Walmart,815,12758.17,6571.83
2025-12,BTR-1003,Costco,561,8782.01,4523.68
2025-12,BTR-1003,Kroger,104,1628.04,838.61
2025-12,BTR-1003,Whole Foods,232,3631.77,1870.76
2025-12,BTR-1003,Amazon,1165,27041.28,9394.09
2025-12,BTR-1003,DTC Shopify,632,14669.6,5096.2
2026-01,BTR-1003,Home Depot,457,7153.97,3685.07
2026-01,BTR-1003,Lowe's,333,5212.85,2685.18
2026-01,BTR-1003,Target,278,4351.87,2241.68
2026-01,BTR-1003,Walmart,378,5917.29,3048.04
2026-01,BTR-1003,Costco,296,4633.64,2386.83
2026-01,BTR-1003,Kroger,49,767.06,395.12
2026-01,BTR-1003,Whole Foods,89,1393.22,717.66
2026-01,BTR-1003,Amazon,562,13044.81,4531.74
2026-01,BTR-1003,DTC Shopify,300,6963.42,2419.08
2026-02,BTR-1003,Home Depot,440,6887.85,3547.98
2026-02,BTR-1003,Lowe's,312,4884.11,2515.84
2026-02,BTR-1003,Target,315,4931.07,2540.03
2026-02,BTR-1003,Walmart,343,5369.39,2765.81
2026-02,BTR-1003,Costco,270,4226.63,2177.17
2026-02,BTR-1003,Kroger,50,782.71,403.18
2026-02,BTR-1003,Whole Foods,105,1643.69,846.68
2026-02,BTR-1003,Amazon,504,11698.55,4064.05
2026-02,BTR-1003,DTC Shopify,295,6847.36,2378.76
2026-03,BTR-1003,Home Depot,613,9596.02,4942.99
2026-03,BTR-1003,Lowe's,448,7013.08,3612.49
2026-03,BTR-1003,Target,409,6402.57,3298.01
2026-03,BTR-1003,Walmart,393,6152.1,3168.99
2026-03,BTR-1003,Costco,330,5165.89,2660.99
2026-03,BTR-1003,Kroger,59,923.6,475.75
2026-03,BTR-1003,Whole Foods,128,2003.74,1032.14
2026-03,BTR-1003,Amazon,655,15203.47,5281.66
2026-03,BTR-1003,DTC Shopify,345,8007.93,2781.94
2026-04,BTR-1003,Home Depot,369,5776.4,2975.47
2026-04,BTR-1003,Lowe's,366,5729.44,2951.28
2026-04,BTR-1003,Target,319,4993.69,2572.29
2026-04,BTR-1003,Walmart,358,5604.2,2886.77
2026-04,BTR-1003,Costco,279,4367.52,2249.74
2026-04,BTR-1003,Kroger,51,798.36,411.24
2026-04,BTR-1003,Whole Foods,106,1659.35,854.74
2026-04,BTR-1003,Amazon,407,9447.04,3281.89
2026-04,BTR-1003,DTC Shopify,323,7497.28,2604.54
2026-05,BTR-1003,Home Depot,459,7185.28,3701.19
2026-05,BTR-1003,Lowe's,383,5995.56,3088.36
2026-05,BTR-1003,Target,310,4852.8,2499.72
2026-05,BTR-1003,Walmart,361,5651.17,2910.96
2026-05,BTR-1003,Costco,242,3788.32,1951.39
2026-05,BTR-1003,Kroger,54,845.33,435.43
2026-05,BTR-1003,Whole Foods,120,1878.5,967.63
2026-05,BTR-1003,Amazon,484,11234.32,3902.78
2026-05,BTR-1003,DTC Shopify,255,5918.91,2056.22
2026-06,BTR-1003,Home Depot,383,5995.56,3088.36
2026-06,BTR-1003,Lowe's,261,4085.75,2104.6
2026-06,BTR-1003,Target,212,3318.69,1709.48
2026-06,BTR-1003,Walmart,265,4148.36,2136.85
2026-06,BTR-1003,Costco,209,3271.73,1685.29
2026-06,BTR-1003,Kroger,40,626.17,322.54
2026-06,BTR-1003,Whole Foods,80,1252.34,645.09
2026-06,BTR-1003,Amazon,400,9284.56,3225.44
2026-06,BTR-1003,DTC Shopify,207,4804.76,1669.17
2026-07,BTR-1003,Home Depot,293,4586.68,2362.63
2026-07,BTR-1003,Lowe's,256,4007.48,2064.28
2026-07,BTR-1003,Target,200,3130.84,1612.72
2026-07,BTR-1003,Walmart,229,3584.81,1846.56
2026-07,BTR-1003,Costco,156,2442.06,1257.92
2026-07,BTR-1003,Kroger,33,516.59,266.1
2026-07,BTR-1003,Whole Foods,81,1267.99,653.15
2026-07,BTR-1003,Amazon,319,7404.44,2572.29
2026-07,BTR-1003,DTC Shopify,219,5083.3,1765.93
2026-08,BTR-1003,Home Depot,396,6199.06,3193.19
2026-08,BTR-1003,Lowe's,252,3944.86,2032.03
2026-08,BTR-1003,Target,226,3537.85,1822.37
2026-08,BTR-1003,Walmart,251,3929.2,2023.96
2026-08,BTR-1003,Costco,255,3991.82,2056.22
2026-08,BTR-1003,Kroger,44,688.78,354.8
2026-08,BTR-1003,Whole Foods,95,1487.15,766.04
2026-08,BTR-1003,Amazon,401,9307.77,3233.5
2026-08,BTR-1003,DTC Shopify,271,6290.29,2185.24
2024-09,BTR-1004,Home Depot,555,12872.78,7105.0
2024-09,BTR-1004,Lowe's,346,8025.19,4429.42
2024-09,BTR-1004,Target,304,7051.04,3891.75
2024-09,BTR-1004,Walmart,411,9532.82,5261.54
2024-09,BTR-1004,Costco,303,7027.84,3878.95
2024-09,BTR-1004,Kroger,47,1090.13,601.68
2024-09,BTR-1004,Whole Foods,100,2319.42,1280.18
2024-09,BTR-1004,Amazon,413,14203.65,5287.14
2024-09,BTR-1004,DTC Shopify,308,10592.55,3942.95
2024-10,BTR-1004,Home Depot,625,14496.37,8001.12
2024-10,BTR-1004,Lowe's,463,10738.91,5927.23
2024-10,BTR-1004,Target,437,10135.87,5594.39
2024-10,BTR-1004,Walmart,476,11040.44,6093.66
2024-10,BTR-1004,Costco,397,9208.1,5082.31
2024-10,BTR-1004,Kroger,77,1785.95,985.74
2024-10,BTR-1004,Whole Foods,106,2458.59,1356.99
2024-10,BTR-1004,Amazon,611,21013.15,7821.9
2024-10,BTR-1004,DTC Shopify,358,12312.12,4583.04
2024-11,BTR-1004,Home Depot,820,19019.24,10497.48
2024-11,BTR-1004,Lowe's,507,11759.46,6490.51
2024-11,BTR-1004,Target,541,12548.06,6925.77
2024-11,BTR-1004,Walmart,509,11805.85,6516.12
2024-11,BTR-1004,Costco,366,8489.08,4685.46
2024-11,BTR-1004,Kroger,94,2180.25,1203.37
2024-11,BTR-1004,Whole Foods,192,4453.29,2457.95
2024-11,BTR-1004,Amazon,775,26653.33,9921.4
2024-11,BTR-1004,DTC Shopify,438,15063.43,5607.19
2024-12,BTR-1004,Home Depot,928,21524.22,11880.07
2024-12,BTR-1004,Lowe's,589,13661.38,7540.26
2024-12,BTR-1004,Target,489,11341.96,6260.08
2024-12,BTR-1004,Walmart,588,13638.19,7527.46
2024-12,BTR-1004,Costco,530,12292.93,6784.95
2024-12,BTR-1004,Kroger,87,2017.9,1113.76
2024-12,BTR-1004,Whole Foods,157,3641.49,2009.88
2024-12,BTR-1004,Amazon,873,30023.69,11175.97
2024-12,BTR-1004,DTC Shopify,438,15063.43,5607.19
2025-01,BTR-1004,Home Depot,379,8790.6,4851.88
2025-01,BTR-1004,Lowe's,228,5288.28,2918.81
2025-01,BTR-1004,Target,239,5543.41,3059.63
2025-01,BTR-1004,Walmart,288,6679.93,3686.92
2025-01,BTR-1004,Costco,184,4267.73,2355.53
2025-01,BTR-1004,Kroger,40,927.77,512.07
2025-01,BTR-1004,Whole Foods,71,1646.79,908.93
2025-01,BTR-1004,Amazon,368,12656.04,4711.06
2025-01,BTR-1004,DTC Shopify,209,7187.8,2675.58
2025-02,BTR-1004,Home Depot,375,8697.82,4800.68
2025-02,BTR-1004,Lowe's,301,6981.45,3853.34
2025-02,BTR-1004,Target,273,6332.02,3494.89
2025-02,BTR-1004,Walmart,284,6587.15,3635.71
2025-02,BTR-1004,Costco,242,5613.0,3098.04
2025-02,BTR-1004,Kroger,45,1043.74,576.08
2025-02,BTR-1004,Whole Foods,77,1785.95,985.74
2025-02,BTR-1004,Amazon,501,17230.09,6413.7
2025-02,BTR-1004,DTC Shopify,207,7119.02,2649.97
2025-03,BTR-1004,Home Depot,491,11388.35,6285.68
2025-03,BTR-1004,Lowe's,285,6610.35,3648.51
2025-03,BTR-1004,Target,249,5775.36,3187.65
2025-03,BTR-1004,Walmart,352,8164.36,4506.23
2025-03,BTR-1004,Costco,255,5914.52,3264.46
2025-03,BTR-1004,Kroger,46,1066.93,588.88
2025-03,BTR-1004,Whole Foods,97,2249.84,1241.77
2025-03,BTR-1004,Amazon,402,13825.34,5146.32
2025-03,BTR-1004,DTC Shopify,242,8322.72,3098.04
2025-04,BTR-1004,Home Depot,305,7074.23,3904.55
2025-04,BTR-1004,Lowe's,261,6053.69,3341.27
2025-04,BTR-1004,Target,186,4314.12,2381.13
2025-04,BTR-1004,Walmart,257,5960.91,3290.06
2025-04,BTR-1004,Costco,200,4638.84,2560.36
2025-04,BTR-1004,Kroger,41,950.96,524.87
2025-04,BTR-1004,Whole Foods,60,1391.65,768.11
2025-04,BTR-1004,Amazon,325,11177.2,4160.59
2025-04,BTR-1004,DTC Shopify,247,8494.68,3162.04
2025-05,BTR-1004,Home Depot,314,7282.98,4019.77
2025-05,BTR-1004,Lowe's,188,4360.51,2406.74
2025-05,BTR-1004,Target,165,3827.04,2112.3
2025-05,BTR-1004,Walmart,191,4430.09,2445.14
2025-05,BTR-1004,Costco,151,3502.32,1933.07
2025-05,BTR-1004,Kroger,26,603.05,332.85
2025-05,BTR-1004,Whole Foods,67,1554.01,857.72
2025-05,BTR-1004,Amazon,367,12621.64,4698.26
2025-05,BTR-1004,DTC Shopify,153,5261.88,1958.68
2025-06,BTR-1004,Home Depot,727,16862.18,9306.91
2025-06,BTR-1004,Lowe's,469,10878.08,6004.04
2025-06,BTR-1004,Target,537,12455.29,6874.57
2025-06,BTR-1004,Walmart,630,14612.35,8065.13
2025-06,BTR-1004,Costco,477,11063.63,6106.46
2025-06,BTR-1004,Kroger,80,1855.54,1024.14
2025-06,BTR-1004,Whole Foods,153,3548.71,1958.68
2025-06,BTR-1004,Amazon,701,24108.37,8974.06
2025-06,BTR-1004,DTC Shopify,441,15166.61,5645.59
2025-07,BTR-1004,Home Depot,288,6679.93,3686.92
2025-07,BTR-1004,Lowe's,201,4662.03,2573.16
2025-07,BTR-1004,Target,218,5056.34,2790.79
2025-07,BTR-1004,Walmart,211,4893.98,2701.18
2025-07,BTR-1004,Costco,214,4963.56,2739.59
2025-07,BTR-1004,Kroger,31,719.02,396.86
2025-07,BTR-1004,Whole Foods,81,1878.73,1036.95
2025-07,BTR-1004,Amazon,337,11589.9,4314.21
2025-07,BTR-1004,DTC Shopify,187,6431.19,2393.94
2025-08,BTR-1004,Home Depot,342,7932.42,4378.22
2025-08,BTR-1004,Lowe's,201,4662.03,2573.16
2025-08,BTR-1004,Target,174,4035.79,2227.51
2025-08,BTR-1004,Walmart,203,4708.42,2598.77
2025-08,BTR-1004,Costco,144,3339.96,1843.46
2025-08,BTR-1004,Kroger,23,533.47,294.44
2025-08,BTR-1004,Whole Foods,65,1507.62,832.12
2025-08,BTR-1004,Amazon,293,10076.68,3750.93
2025-08,BTR-1004,DTC Shopify,184,6328.02,2355.53
2025-09,BTR-1004,Home Depot,508,11782.65,6503.31
2025-09,BTR-1004,Lowe's,302,7004.65,3866.14
2025-09,BTR-1004,Target,320,7422.14,4096.58
2025-09,BTR-1004,Walmart,344,7978.8,4403.82
2025-09,BTR-1004,Costco,302,7004.65,3866.14
2025-09,BTR-1004,Kroger,48,1113.32,614.49
2025-09,BTR-1004,Whole Foods,92,2133.87,1177.77
2025-09,BTR-1004,Amazon,440,15132.22,5632.79
2025-09,BTR-1004,DTC Shopify,253,8701.02,3238.86
2025-10,BTR-1004,Home Depot,728,16885.38,9319.71
2025-10,BTR-1004,Lowe's,386,8952.96,4941.49
2025-10,BTR-1004,Target,389,9022.54,4979.9
2025-10,BTR-1004,Walmart,445,10321.42,5696.8
2025-10,BTR-1004,Costco,488,11318.77,6247.28
2025-10,BTR-1004,Kroger,79,1832.34,1011.34
2025-10,BTR-1004,Whole Foods,161,3734.27,2061.09
2025-10,BTR-1004,Amazon,633,21769.76,8103.54
2025-10,BTR-1004,DTC Shopify,416,14306.82,5325.55
2025-11,BTR-1004,Home Depot,733,17001.35,9383.72
2025-11,BTR-1004,Lowe's,447,10367.81,5722.4
2025-11,BTR-1004,Target,411,9532.82,5261.54
2025-11,BTR-1004,Walmart,503,11666.68,6439.31
2025-11,BTR-1004,Costco,393,9115.32,5031.11
2025-11,BTR-1004,Kroger,64,1484.43,819.32
2025-11,BTR-1004,Whole Foods,154,3571.91,1971.48
2025-11,BTR-1004,Amazon,646,22216.84,8269.96
2025-11,BTR-1004,DTC Shopify,411,14134.87,5261.54
2025-12,BTR-1004,Home Depot,1006,23333.37,12878.61
2025-12,BTR-1004,Lowe's,704,16328.72,9012.47
2025-12,BTR-1004,Target,563,13058.33,7207.41
2025-12,BTR-1004,Walmart,894,20735.61,11444.81
2025-12,BTR-1004,Costco,545,12640.84,6976.98
2025-12,BTR-1004,Kroger,81,1878.73,1036.95
2025-12,BTR-1004,Whole Foods,222,5149.11,2842.0
2025-12,BTR-1004,Amazon,923,31743.26,11816.06
2025-12,BTR-1004,DTC Shopify,574,19740.66,7348.23
2026-01,BTR-1004,Home Depot,382,8860.18,4890.29
2026-01,BTR-1004,Lowe's,233,5404.25,2982.82
2026-01,BTR-1004,Target,230,5334.67,2944.41
2026-01,BTR-1004,Walmart,248,5752.16,3174.85
2026-01,BTR-1004,Costco,210,4870.78,2688.38
2026-01,BTR-1004,Kroger,36,834.99,460.86
2026-01,BTR-1004,Whole Foods,63,1461.23,806.51
2026-01,BTR-1004,Amazon,361,12415.3,4621.45
2026-01,BTR-1004,DTC Shopify,223,7669.28,2854.8
2026-02,BTR-1004,Home Depot,296,6865.48,3789.33
2026-02,BTR-1004,Lowe's,187,4337.32,2393.94
2026-02,BTR-1004,Target,144,3339.96,1843.46
2026-02,BTR-1004,Walmart,227,5265.08,2906.01
2026-02,BTR-1004,Costco,154,3571.91,1971.48
2026-02,BTR-1004,Kroger,27,626.24,345.65
2026-02,BTR-1004,Whole Foods,61,1414.85,780.91
2026-02,BTR-1004,Amazon,332,11417.94,4250.2
2026-02,BTR-1004,DTC Shopify,197,6775.11,2521.95
2026-03,BTR-1004,Home Depot,389,9022.54,4979.9
2026-03,BTR-1004,Lowe's,241,5589.8,3085.23
2026-03,BTR-1004,Target,250,5798.55,3200.45
2026-03,BTR-1004,Walmart,321,7445.34,4109.38
2026-03,BTR-1004,Costco,241,5589.8,3085.23
2026-03,BTR-1004,Kroger,41,950.96,524.87
2026-03,BTR-1004,Whole Foods,86,1994.7,1100.95
2026-03,BTR-1004,Amazon,356,12243.34,4557.44
2026-03,BTR-1004,DTC Shopify,246,8460.28,3149.24
2026-04,BTR-1004,Home Depot,274,6355.21,3507.69
2026-04,BTR-1004,Lowe's,250,5798.55,3200.45
2026-04,BTR-1004,Target,245,5682.58,3136.44
2026-04,BTR-1004,Walmart,342,7932.42,4378.22
2026-04,BTR-1004,Costco,254,5891.33,3251.66
2026-04,BTR-1004,Kroger,38,881.38,486.47
2026-04,BTR-1004,Whole Foods,75,1739.56,960.13
2026-04,BTR-1004,Amazon,376,12931.17,4813.48
2026-04,BTR-1004,DTC Shopify,241,8288.33,3085.23
2026-05,BTR-1004,Home Depot,306,7097.43,3917.35
2026-05,BTR-1004,Lowe's,205,4754.81,2624.37
2026-05,BTR-1004,Target,179,4151.76,2291.52
2026-05,BTR-1004,Walmart,232,5381.05,2970.02
2026-05,BTR-1004,Costco,179,4151.76,2291.52
2026-05,BTR-1004,Kroger,29,672.63,371.25
2026-05,BTR-1004,Whole Foods,64,1484.43,819.32
2026-05,BTR-1004,Amazon,301,10351.81,3853.34
2026-05,BTR-1004,DTC Shopify,217,7462.93,2777.99
2026-06,BTR-1004,Home Depot,326,7561.31,4173.39
2026-06,BTR-1004,Lowe's,292,6772.71,3738.13
2026-06,BTR-1004,Target,235,5450.64,3008.42
2026-06,BTR-1004,Walmart,234,5427.44,2995.62
2026-06,BTR-1004,Costco,242,5613.0,3098.04
2026-06,BTR-1004,Kroger,45,1043.74,576.08
2026-06,BTR-1004,Whole Foods,78,1809.15,998.54
2026-06,BTR-1004,Amazon,444,15269.78,5684.0
2026-06,BTR-1004,DTC Shopify,220,7566.11,2816.4
2026-07,BTR-1004,Home Depot,407,9440.04,5210.33
2026-07,BTR-1004,Lowe's,273,6332.02,3494.89
2026-07,BTR-1004,Target,219,5079.53,2803.59
2026-07,BTR-1004,Walmart,266,6169.66,3405.28
2026-07,BTR-1004,Costco,242,5613.0,3098.04
2026-07,BTR-1004,Kroger,39,904.57,499.27
2026-07,BTR-1004,Whole Foods,81,1878.73,1036.95
2026-07,BTR-1004,Amazon,403,13859.73,5159.13
2026-07,BTR-1004,DTC Shopify,225,7738.06,2880.41
2026-08,BTR-1004,Home Depot,389,9022.54,4979.9
2026-08,BTR-1004,Lowe's,221,5125.92,2829.2
2026-08,BTR-1004,Target,225,5218.69,2880.41
2026-08,BTR-1004,Walmart,264,6123.27,3379.68
2026-08,BTR-1004,Costco,220,5102.72,2816.4
2026-08,BTR-1004,Kroger,40,927.77,512.07
2026-08,BTR-1004,Whole Foods,68,1577.21,870.52
2026-08,BTR-1004,Amazon,319,10970.86,4083.77
2026-08,BTR-1004,DTC Shopify,225,7738.06,2880.41
2025-08,BTR-1005,Home Depot,97,2531.14,1415.11
2025-08,BTR-1005,Lowe's,63,1643.93,919.09
2025-08,BTR-1005,Target,58,1513.46,846.15
2025-08,BTR-1005,Walmart,66,1722.22,962.86
2025-08,BTR-1005,Costco,62,1617.84,904.51
2025-08,BTR-1005,Kroger,11,287.04,160.48
2025-08,BTR-1005,Whole Foods,22,574.07,320.95
2025-08,BTR-1005,Amazon,86,3327.46,1254.64
2025-08,BTR-1005,DTC Shopify,63,2437.56,919.09
2025-09,BTR-1005,Home Depot,188,4905.71,2742.69
2025-09,BTR-1005,Lowe's,122,3183.49,1779.83
2025-09,BTR-1005,Target,132,3444.43,1925.72
2025-09,BTR-1005,Walmart,126,3287.87,1838.19
2025-09,BTR-1005,Costco,106,2765.99,1546.41
2025-09,BTR-1005,Kroger,23,600.17,335.54
2025-09,BTR-1005,Whole Foods,50,1304.71,729.44
2025-09,BTR-1005,Amazon,224,8666.87,3267.89
2025-09,BTR-1005,DTC Shopify,132,5107.26,1925.72
2025-10,BTR-1005,Home Depot,454,11846.77,6623.32
2025-10,BTR-1005,Lowe's,261,6810.59,3807.68
2025-10,BTR-1005,Target,209,5453.69,3049.06
2025-10,BTR-1005,Walmart,297,7749.98,4332.87
2025-10,BTR-1005,Costco,219,5714.63,3194.95
2025-10,BTR-1005,Kroger,42,1095.96,612.73
2025-10,BTR-1005,Whole Foods,81,2113.63,1181.69
2025-10,BTR-1005,Amazon,420,16250.39,6127.3
2025-10,BTR-1005,DTC Shopify,229,8860.33,3340.84
2025-11,BTR-1005,Home Depot,768,20040.35,11204.2
2025-11,BTR-1005,Lowe's,573,14951.98,8359.38
2025-11,BTR-1005,Target,421,10985.66,6141.88
2025-11,BTR-1005,Walmart,472,12316.46,6885.91
2025-11,BTR-1005,Costco,378,9863.61,5514.57
2025-11,BTR-1005,Kroger,78,2035.35,1137.93
2025-11,BTR-1005,Whole Foods,150,3914.13,2188.32
2025-11,BTR-1005,Amazon,798,30875.74,11641.86
2025-11,BTR-1005,DTC Shopify,394,15244.41,5747.99
2025-12,BTR-1005,Home Depot,665,17352.64,9701.55
2025-12,BTR-1005,Lowe's,508,13255.85,7411.11
2025-12,BTR-1005,Target,413,10776.9,6025.17
2025-12,BTR-1005,Walmart,559,14586.66,8155.14
2025-12,BTR-1005,Costco,389,10150.64,5675.04
2025-12,BTR-1005,Kroger,78,2035.35,1137.93
2025-12,BTR-1005,Whole Foods,144,3757.56,2100.79
2025-12,BTR-1005,Amazon,722,27935.19,10533.11
2025-12,BTR-1005,DTC Shopify,519,20080.84,7571.59
2026-01,BTR-1005,Home Depot,266,6941.06,3880.62
2026-01,BTR-1005,Lowe's,197,5140.56,2873.99
2026-01,BTR-1005,Target,168,4383.83,2450.92
2026-01,BTR-1005,Walmart,173,4514.3,2523.86
2026-01,BTR-1005,Costco,142,3705.38,2071.61
2026-01,BTR-1005,Kroger,31,808.92,452.25
2026-01,BTR-1005,Whole Foods,55,1435.18,802.38
2026-01,BTR-1005,Amazon,282,10910.97,4114.04
2026-01,BTR-1005,DTC Shopify,132,5107.26,1925.72
2026-02,BTR-1005,Home Depot,477,12446.93,6958.86
2026-02,BTR-1005,Lowe's,345,9002.5,5033.14
2026-02,BTR-1005,Target,391,10202.83,5704.22
2026-02,BTR-1005,Walmart,405,10568.15,5908.46
2026-02,BTR-1005,Costco,300,7828.26,4376.64
2026-02,BTR-1005,Kroger,57,1487.37,831.56
2026-02,BTR-1005,Whole Foods,110,2870.36,1604.77
2026-02,BTR-1005,Amazon,480,18571.87,7002.62
2026-02,BTR-1005,DTC Shopify,333,12884.24,4858.07
2026-03,BTR-1005,Home Depot,323,8428.43,4712.18
2026-03,BTR-1005,Lowe's,238,6210.42,3472.13
2026-03,BTR-1005,Target,241,6288.7,3515.9
2026-03,BTR-1005,Walmart,266,6941.06,3880.62
2026-03,BTR-1005,Costco,225,5871.19,3282.48
2026-03,BTR-1005,Kroger,35,913.3,510.61
2026-03,BTR-1005,Whole Foods,74,1930.97,1079.57
2026-03,BTR-1005,Amazon,401,15515.25,5850.11
2026-03,BTR-1005,DTC Shopify,215,8318.65,3136.59
2026-04,BTR-1005,Home Depot,318,8297.96,4639.24
2026-04,BTR-1005,Lowe's,244,6366.98,3559.67
2026-04,BTR-1005,Target,178,4644.77,2596.81
2026-04,BTR-1005,Walmart,228,5949.48,3326.25
2026-04,BTR-1005,Costco,182,4749.14,2655.16
2026-04,BTR-1005,Kroger,29,756.73,423.08
2026-04,BTR-1005,Whole Foods,63,1643.93,919.09
2026-04,BTR-1005,Amazon,372,14393.2,5427.03
2026-04,BTR-1005,DTC Shopify,204,7893.05,2976.12
2026-05,BTR-1005,Home Depot,303,7906.54,4420.41
2026-05,BTR-1005,Lowe's,271,7071.53,3953.56
2026-05,BTR-1005,Target,243,6340.89,3545.08
2026-05,BTR-1005,Walmart,233,6079.95,3399.19
2026-05,BTR-1005,Costco,189,4931.8,2757.28
2026-05,BTR-1005,Kroger,39,1017.67,568.96
2026-05,BTR-1005,Whole Foods,90,2348.48,1312.99
2026-05,BTR-1005,Amazon,414,16018.24,6039.76
2026-05,BTR-1005,DTC Shopify,221,8550.8,3224.12
2026-06,BTR-1005,Home Depot,274,7149.81,3997.33
2026-06,BTR-1005,Lowe's,225,5871.19,3282.48
2026-06,BTR-1005,Target,160,4175.07,2334.21
2026-06,BTR-1005,Walmart,208,5427.59,3034.47
2026-06,BTR-1005,Costco,157,4096.79,2290.44
2026-06,BTR-1005,Kroger,31,808.92,452.25
2026-06,BTR-1005,Whole Foods,56,1461.28,816.97
2026-06,BTR-1005,Amazon,315,12187.79,4595.47
2026-06,BTR-1005,DTC Shopify,204,7893.05,2976.12
2026-07,BTR-1005,Home Depot,239,6236.51,3486.72
2026-07,BTR-1005,Lowe's,197,5140.56,2873.99
2026-07,BTR-1005,Target,151,3940.22,2202.91
2026-07,BTR-1005,Walmart,220,5740.72,3209.54
2026-07,BTR-1005,Costco,152,3966.32,2217.5
2026-07,BTR-1005,Kroger,31,808.92,452.25
2026-07,BTR-1005,Whole Foods,45,1174.24,656.5
2026-07,BTR-1005,Amazon,275,10640.14,4011.92
2026-07,BTR-1005,DTC Shopify,202,7815.66,2946.94
2026-08,BTR-1005,Home Depot,327,8532.8,4770.54
2026-08,BTR-1005,Lowe's,218,5688.54,3180.36
2026-08,BTR-1005,Target,213,5558.06,3107.41
2026-08,BTR-1005,Walmart,253,6601.83,3690.97
2026-08,BTR-1005,Costco,227,5923.38,3311.66
2026-08,BTR-1005,Kroger,35,913.3,510.61
2026-08,BTR-1005,Whole Foods,60,1565.65,875.33
2026-08,BTR-1005,Amazon,360,13928.9,5251.97
2026-08,BTR-1005,DTC Shopify,191,7390.06,2786.46
2024-09,BTR-1101,Home Depot,272,15774.42,8103.32
2024-09,BTR-1101,Lowe's,268,15542.45,7984.15
2024-09,BTR-1101,Target,304,17630.24,9056.65
2024-09,BTR-1101,Walmart,254,14730.53,7567.07
2024-09,BTR-1101,Costco,184,10670.93,5481.65
2024-09,BTR-1101,Kroger,25,1449.85,744.79
2024-09,BTR-1101,Whole Foods,90,5219.48,2681.24
2024-09,BTR-1101,Amazon,606,52110.79,18053.71
2024-09,BTR-1101,DTC Shopify,342,29409.06,10188.73
2024-10,BTR-1101,Home Depot,273,15832.42,8133.11
2024-10,BTR-1101,Lowe's,284,16470.35,8460.81
2024-10,BTR-1101,Target,274,15890.41,8162.9
2024-10,BTR-1101,Walmart,424,24589.54,12631.64
2024-10,BTR-1101,Costco,166,9627.04,4945.41
2024-10,BTR-1101,Kroger,22,1275.87,655.42
2024-10,BTR-1101,Whole Foods,100,5799.42,2979.16
2024-10,BTR-1101,Amazon,459,39470.05,13674.34
2024-10,BTR-1101,DTC Shopify,315,27087.29,9384.35
2024-11,BTR-1101,Home Depot,428,24821.52,12750.8
2024-11,BTR-1101,Lowe's,406,23545.65,12095.39
2024-11,BTR-1101,Target,368,21341.87,10963.31
2024-11,BTR-1101,Walmart,434,25169.48,12929.55
2024-11,BTR-1101,Costco,210,12178.78,6256.24
2024-11,BTR-1101,Kroger,26,1507.85,774.58
2024-11,BTR-1101,Whole Foods,105,6089.39,3128.12
2024-11,BTR-1101,Amazon,586,50390.96,17457.88
2024-11,BTR-1101,DTC Shopify,423,36374.36,12601.85
2024-12,BTR-1101,Home Depot,587,34042.6,17487.67
2024-12,BTR-1101,Lowe's,478,27721.23,14240.38
2024-12,BTR-1101,Target,419,24299.57,12482.68
2024-12,BTR-1101,Walmart,579,33578.64,17249.34
2024-12,BTR-1101,Costco,347,20123.99,10337.69
2024-12,BTR-1101,Kroger,35,2029.8,1042.71
2024-12,BTR-1101,Whole Foods,146,8467.15,4349.57
2024-12,BTR-1101,Amazon,785,67503.25,23386.41
2024-12,BTR-1101,DTC Shopify,554,47639.24,16504.55
2025-01,BTR-1101,Home Depot,256,14846.52,7626.65
2025-01,BTR-1101,Lowe's,277,16064.39,8252.27
2025-01,BTR-1101,Target,250,14498.55,7447.9
2025-01,BTR-1101,Walmart,340,19718.03,10129.14
2025-01,BTR-1101,Costco,163,9453.05,4856.03
2025-01,BTR-1101,Kroger,21,1217.88,625.62
2025-01,BTR-1101,Whole Foods,85,4929.51,2532.29
2025-01,BTR-1101,Amazon,446,38352.16,13287.05
2025-01,BTR-1101,DTC Shopify,269,23131.69,8013.94
2025-02,BTR-1101,Home Depot,275,15948.4,8192.69
2025-02,BTR-1101,Lowe's,309,17920.21,9205.6
2025-02,BTR-1101,Target,235,13628.64,7001.03
2025-02,BTR-1101,Walmart,301,17456.25,8967.27
2025-02,BTR-1101,Costco,173,10033.0,5153.95
2025-02,BTR-1101,Kroger,18,1043.9,536.25
2025-02,BTR-1101,Whole Foods,84,4871.51,2502.49
2025-02,BTR-1101,Amazon,503,43253.67,14985.17
2025-02,BTR-1101,DTC Shopify,232,19950.0,6911.65
2025-03,BTR-1101,Home Depot,417,24183.58,12423.1
2025-03,BTR-1101,Lowe's,424,24589.54,12631.64
2025-03,BTR-1101,Target,331,19196.08,9861.02
2025-03,BTR-1101,Walmart,357,20703.93,10635.6
2025-03,BTR-1101,Costco,178,10322.97,5302.9
2025-03,BTR-1101,Kroger,23,1333.87,685.21
2025-03,BTR-1101,Whole Foods,106,6147.39,3157.91
2025-03,BTR-1101,Amazon,633,54432.56,18858.08
2025-03,BTR-1101,DTC Shopify,374,32160.78,11142.06
2025-04,BTR-1101,Home Depot,324,18790.12,9652.48
2025-04,BTR-1101,Lowe's,314,18210.18,9354.56
2025-04,BTR-1101,Target,298,17282.27,8877.9
2025-04,BTR-1101,Walmart,322,18674.13,9592.9
2025-04,BTR-1101,Costco,170,9859.01,5064.57
2025-04,BTR-1101,Kroger,25,1449.85,744.79
2025-04,BTR-1101,Whole Foods,90,5219.48,2681.24
2025-04,BTR-1101,Amazon,542,46607.34,16147.05
2025-04,BTR-1101,DTC Shopify,268,23045.7,7984.15
2025-05,BTR-1101,Home Depot,508,29461.05,15134.13
2025-05,BTR-1101,Lowe's,361,20935.91,10754.77
2025-05,BTR-1101,Target,307,17804.22,9146.02
2025-05,BTR-1101,Walmart,416,24125.59,12393.31
2025-05,BTR-1101,Costco,227,13164.68,6762.69
2025-05,BTR-1101,Kroger,29,1681.83,863.96
2025-05,BTR-1101,Whole Foods,134,7771.22,3992.07
2025-05,BTR-1101,Amazon,770,66213.38,22939.53
2025-05,BTR-1101,DTC Shopify,332,28549.14,9890.81
2025-06,BTR-1101,Home Depot,645,37406.26,19215.58
2025-06,BTR-1101,Lowe's,518,30041.0,15432.05
2025-06,BTR-1101,Target,547,31722.83,16296.01
2025-06,BTR-1101,Walmart,688,39900.01,20496.62
2025-06,BTR-1101,Costco,342,19834.02,10188.73
2025-06,BTR-1101,Kroger,40,2319.77,1191.66
2025-06,BTR-1101,Whole Foods,166,9627.04,4945.41
2025-06,BTR-1101,Amazon,1120,96310.37,33366.59
2025-06,BTR-1101,DTC Shopify,664,57098.29,19781.62
2025-07,BTR-1101,Home Depot,546,31664.83,16266.21
2025-07,BTR-1101,Lowe's,585,33926.61,17428.09
2025-07,BTR-1101,Target,444,25749.42,13227.47
2025-07,BTR-1101,Walmart,683,39610.04,20347.66
2025-07,BTR-1101,Costco,353,20471.95,10516.43
2025-07,BTR-1101,Kroger,49,2841.72,1459.79
2025-07,BTR-1101,Whole Foods,187,10844.92,5571.03
2025-07,BTR-1101,Amazon,1100,94590.54,32770.76
2025-07,BTR-1101,DTC Shopify,575,49445.06,17130.17
2025-08,BTR-1101,Home Depot,577,33462.65,17189.75
2025-08,BTR-1101,Lowe's,565,32766.72,16832.25
2025-08,BTR-1101,Target,504,29229.08,15014.97
2025-08,BTR-1101,Walmart,595,34506.55,17726.0
2025-08,BTR-1101,Costco,358,20761.92,10665.39
2025-08,BTR-1101,Kroger,42,2435.76,1251.25
2025-08,BTR-1101,Whole Foods,175,10148.98,5213.53
2025-08,BTR-1101,Amazon,980,84271.57,29195.77
2025-08,BTR-1101,DTC Shopify,458,39384.06,13644.55
2025-09,BTR-1101,Home Depot,358,20761.92,10665.39
2025-09,BTR-1101,Lowe's,279,16180.38,8311.86
2025-09,BTR-1101,Target,216,12526.75,6434.99
2025-09,BTR-1101,Walmart,383,22211.78,11410.18
2025-09,BTR-1101,Costco,186,10786.92,5541.24
2025-09,BTR-1101,Kroger,24,1391.86,715.0
2025-09,BTR-1101,Whole Foods,119,6901.31,3545.2
2025-09,BTR-1101,Amazon,520,44715.53,15491.63
2025-09,BTR-1101,DTC Shopify,294,25281.47,8758.73
2025-10,BTR-1101,Home Depot,343,19892.01,10218.52
2025-10,BTR-1101,Lowe's,383,22211.78,11410.18
2025-10,BTR-1101,Target,228,13222.68,6792.48
2025-10,BTR-1101,Walmart,294,17050.29,8758.73
2025-10,BTR-1101,Costco,200,11598.84,5958.32
2025-10,BTR-1101,Kroger,23,1333.87,685.21
2025-10,BTR-1101,Whole Foods,98,5683.43,2919.58
2025-10,BTR-1101,Amazon,477,41017.9,14210.59
2025-10,BTR-1101,DTC Shopify,387,33278.67,11529.35
2025-11,BTR-1101,Home Depot,515,29867.01,15342.67
2025-11,BTR-1101,Lowe's,521,30214.98,15521.42
2025-11,BTR-1101,Target,383,22211.78,11410.18
2025-11,BTR-1101,Walmart,491,28475.15,14627.68
2025-11,BTR-1101,Costco,279,16180.38,8311.86
2025-11,BTR-1101,Kroger,33,1913.81,983.12
2025-11,BTR-1101,Whole Foods,157,9105.09,4677.28
2025-11,BTR-1101,Amazon,812,69825.02,24190.78
2025-11,BTR-1101,DTC Shopify,451,38782.12,13436.01
2025-12,BTR-1101,Home Depot,552,32012.8,16444.96
2025-12,BTR-1101,Lowe's,513,29751.02,15283.09
2025-12,BTR-1101,Target,422,24473.55,12572.06
2025-12,BTR-1101,Walmart,535,31026.9,15938.51
2025-12,BTR-1101,Costco,333,19312.07,9920.6
2025-12,BTR-1101,Kroger,35,2029.8,1042.71
2025-12,BTR-1101,Whole Foods,167,9685.03,4975.2
2025-12,BTR-1101,Amazon,793,68191.18,23624.74
2025-12,BTR-1101,DTC Shopify,432,37148.28,12869.97
2026-01,BTR-1101,Home Depot,340,19718.03,10129.14
2026-01,BTR-1101,Lowe's,288,16702.33,8579.98
2026-01,BTR-1101,Target,238,13802.62,7090.4
2026-01,BTR-1101,Walmart,332,19254.07,9890.81
2026-01,BTR-1101,Costco,184,10670.93,5481.65
2026-01,BTR-1101,Kroger,21,1217.88,625.62
2026-01,BTR-1101,Whole Foods,85,4929.51,2532.29
2026-01,BTR-1101,Amazon,590,50734.93,17577.04
2026-01,BTR-1101,DTC Shopify,302,25969.4,8997.06
2026-02,BTR-1101,Home Depot,272,15774.42,8103.32
2026-02,BTR-1101,Lowe's,287,16644.34,8550.19
2026-02,BTR-1101,Target,244,14150.58,7269.15
2026-02,BTR-1101,Walmart,290,16818.32,8639.56
2026-02,BTR-1101,Costco,150,8699.13,4468.74
2026-02,BTR-1101,Kroger,21,1217.88,625.62
2026-02,BTR-1101,Whole Foods,80,4639.54,2383.33
2026-02,BTR-1101,Amazon,450,38696.13,13406.22
2026-02,BTR-1101,DTC Shopify,279,23991.6,8311.86
2026-03,BTR-1101,Home Depot,357,20703.93,10635.6
2026-03,BTR-1101,Lowe's,403,23371.66,12006.01
2026-03,BTR-1101,Target,363,21051.89,10814.35
2026-03,BTR-1101,Walmart,406,23545.65,12095.39
2026-03,BTR-1101,Costco,200,11598.84,5958.32
2026-03,BTR-1101,Kroger,26,1507.85,774.58
2026-03,BTR-1101,Whole Foods,100,5799.42,2979.16
2026-03,BTR-1101,Amazon,543,46693.33,16176.84
2026-03,BTR-1101,DTC Shopify,354,30440.96,10546.23
2026-04,BTR-1101,Home Depot,522,30272.97,15551.22
2026-04,BTR-1101,Lowe's,417,24183.58,12423.1
2026-04,BTR-1101,Target,381,22095.79,11350.6
2026-04,BTR-1101,Walmart,445,25807.42,13257.26
2026-04,BTR-1101,Costco,255,14788.52,7596.86
2026-04,BTR-1101,Kroger,36,2087.79,1072.5
2026-04,BTR-1101,Whole Foods,156,9047.1,4647.49
2026-04,BTR-1101,Amazon,757,65095.49,22552.24
2026-04,BTR-1101,DTC Shopify,408,35084.49,12154.97
2026-05,BTR-1101,Home Depot,404,23429.66,12035.81
2026-05,BTR-1101,Lowe's,473,27431.26,14091.43
2026-05,BTR-1101,Target,339,19660.03,10099.35
2026-05,BTR-1101,Walmart,422,24473.55,12572.06
2026-05,BTR-1101,Costco,271,15716.43,8073.52
2026-05,BTR-1101,Kroger,35,2029.8,1042.71
2026-05,BTR-1101,Whole Foods,102,5915.41,3038.74
2026-05,BTR-1101,Amazon,660,56754.32,19662.46
2026-05,BTR-1101,DTC Shopify,368,31644.84,10963.31
2026-06,BTR-1101,Home Depot,308,17862.21,9175.81
2026-06,BTR-1101,Lowe's,348,20181.98,10367.48
2026-06,BTR-1101,Target,275,15948.4,8192.69
2026-06,BTR-1101,Walmart,323,18732.13,9622.69
2026-06,BTR-1101,Costco,203,11772.82,6047.69
2026-06,BTR-1101,Kroger,28,1623.84,834.16
2026-06,BTR-1101,Whole Foods,104,6031.4,3098.33
2026-06,BTR-1101,Amazon,537,46177.38,15998.09
2026-06,BTR-1101,DTC Shopify,318,27345.27,9473.73
2026-07,BTR-1101,Home Depot,306,17746.23,9116.23
2026-07,BTR-1101,Lowe's,224,12990.7,6673.32
2026-07,BTR-1101,Target,303,17572.24,9026.85
2026-07,BTR-1101,Walmart,316,18326.17,9414.15
2026-07,BTR-1101,Costco,153,8873.11,4558.11
2026-07,BTR-1101,Kroger,19,1101.89,566.04
2026-07,BTR-1101,Whole Foods,79,4581.54,2353.54
2026-07,BTR-1101,Amazon,465,39986.0,13853.09
2026-07,BTR-1101,DTC Shopify,301,25883.41,8967.27
2026-08,BTR-1101,Home Depot,361,20935.91,10754.77
2026-08,BTR-1101,Lowe's,425,24647.53,12661.43
2026-08,BTR-1101,Target,395,22907.71,11767.68
2026-08,BTR-1101,Walmart,448,25981.4,13346.64
2026-08,BTR-1101,Costco,258,14962.5,7686.23
2026-08,BTR-1101,Kroger,38,2203.78,1132.08
2026-08,BTR-1101,Whole Foods,132,7655.23,3932.49
2026-08,BTR-1101,Amazon,684,58818.12,20377.45
2026-08,BTR-1101,DTC Shopify,462,39728.03,13763.72
2024-09,BTR-1102,Home Depot,370,3646.05,1630.15
2024-09,BTR-1102,Lowe's,452,4454.1,1991.42
2024-09,BTR-1102,Target,349,3439.12,1537.62
2024-09,BTR-1102,Walmart,526,5183.31,2317.45
2024-09,BTR-1102,Costco,319,3143.49,1405.45
2024-09,BTR-1102,Kroger,26,256.21,114.55
2024-09,BTR-1102,Whole Foods,142,1399.3,625.62
2024-09,BTR-1102,Amazon,737,10768.6,3247.07
2024-09,BTR-1102,DTC Shopify,420,6136.79,1850.44
2024-10,BTR-1102,Home Depot,372,3665.76,1638.96
2024-10,BTR-1102,Lowe's,532,5242.43,2343.89
2024-10,BTR-1102,Target,478,4710.31,2105.97
2024-10,BTR-1102,Walmart,527,5193.16,2321.86
2024-10,BTR-1102,Costco,307,3025.24,1352.58
2024-10,BTR-1102,Kroger,35,344.9,154.2
2024-10,BTR-1102,Whole Foods,138,1359.88,608.0
2024-10,BTR-1102,Amazon,824,12039.79,3630.38
2024-10,BTR-1102,DTC Shopify,575,8401.56,2533.34
2024-11,BTR-1102,Home Depot,510,5025.64,2246.96
2024-11,BTR-1102,Lowe's,459,4523.08,2022.26
2024-11,BTR-1102,Target,495,4877.83,2180.87
2024-11,BTR-1102,Walmart,619,6099.75,2727.19
2024-11,BTR-1102,Costco,378,3724.89,1665.39
2024-11,BTR-1102,Kroger,47,463.15,207.07
2024-11,BTR-1102,Whole Foods,146,1438.71,643.25
2024-11,BTR-1102,Amazon,1111,16233.27,4894.84
2024-11,BTR-1102,DTC Shopify,554,8094.72,2440.81
2024-12,BTR-1102,Home Depot,480,4730.02,2114.78
2024-12,BTR-1102,Lowe's,576,5676.02,2537.74
2024-12,BTR-1102,Target,473,4661.04,2083.94
2024-12,BTR-1102,Walmart,581,5725.29,2559.77
2024-12,BTR-1102,Costco,327,3222.32,1440.7
2024-12,BTR-1102,Kroger,35,344.9,154.2
2024-12,BTR-1102,Whole Foods,165,1625.94,726.96
2024-12,BTR-1102,Amazon,908,13267.15,4000.47
2024-12,BTR-1102,DTC Shopify,505,7378.76,2224.93
2025-01,BTR-1102,Home Depot,347,3419.41,1528.81
2025-01,BTR-1102,Lowe's,333,3281.45,1467.13
2025-01,BTR-1102,Target,362,3567.22,1594.9
2025-01,BTR-1102,Walmart,370,3646.05,1630.15
2025-01,BTR-1102,Costco,167,1645.65,735.77
2025-01,BTR-1102,Kroger,27,266.06,118.96
2025-01,BTR-1102,Whole Foods,95,936.15,418.55
2025-01,BTR-1102,Amazon,510,7451.81,2246.96
2025-01,BTR-1102,DTC Shopify,347,5070.16,1528.81
2025-02,BTR-1102,Home Depot,379,3734.74,1669.8
2025-02,BTR-1102,Lowe's,410,4040.22,1806.38
2025-02,BTR-1102,Target,363,3577.07,1599.31
2025-02,BTR-1102,Walmart,387,3813.58,1705.04
2025-02,BTR-1102,Costco,296,2916.84,1304.12
2025-02,BTR-1102,Kroger,38,374.46,167.42
2025-02,BTR-1102,Whole Foods,121,1192.36,533.1
2025-02,BTR-1102,Amazon,864,12624.25,3806.61
2025-02,BTR-1102,DTC Shopify,388,5669.22,1709.45
2025-03,BTR-1102,Home Depot,594,5853.39,2617.05
2025-03,BTR-1102,Lowe's,485,4779.29,2136.81
2025-03,BTR-1102,Target,434,4276.72,1912.12
2025-03,BTR-1102,Walmart,621,6119.46,2736.0
2025-03,BTR-1102,Costco,318,3133.64,1401.04
2025-03,BTR-1102,Kroger,38,374.46,167.42
2025-03,BTR-1102,Whole Foods,168,1655.51,740.17
2025-03,BTR-1102,Amazon,994,14523.73,4379.37
2025-03,BTR-1102,DTC Shopify,480,7013.47,2114.78
2025-04,BTR-1102,Home Depot,503,4956.66,2216.12
2025-04,BTR-1102,Lowe's,527,5193.16,2321.86
2025-04,BTR-1102,Target,475,4680.74,2092.76
2025-04,BTR-1102,Walmart,509,5015.79,2242.55
2025-04,BTR-1102,Costco,355,3498.24,1564.06
2025-04,BTR-1102,Kroger,42,413.88,185.04
2025-04,BTR-1102,Whole Foods,156,1537.26,687.3
2025-04,BTR-1102,Amazon,738,10783.21,3251.48
2025-04,BTR-1102,DTC Shopify,530,7744.04,2335.07
2025-05,BTR-1102,Home Depot,884,8711.11,3894.73
2025-05,BTR-1102,Lowe's,799,7873.51,3520.23
2025-05,BTR-1102,Target,669,6592.46,2947.48
2025-05,BTR-1102,Walmart,1014,9992.16,4467.48
2025-05,BTR-1102,Costco,495,4877.83,2180.87
2025-05,BTR-1102,Kroger,62,610.96,273.16
2025-05,BTR-1102,Whole Foods,276,2719.76,1216.0
2025-05,BTR-1102,Amazon,1232,18001.24,5427.95
2025-05,BTR-1102,DTC Shopify,824,12039.79,3630.38
2025-06,BTR-1102,Home Depot,314,3094.22,1383.42
2025-06,BTR-1102,Lowe's,365,3596.78,1608.12
2025-06,BTR-1102,Target,417,4109.2,1837.22
2025-06,BTR-1102,Walmart,422,4158.47,1859.25
2025-06,BTR-1102,Costco,245,2414.28,1079.42
2025-06,BTR-1102,Kroger,31,305.48,136.58
2025-06,BTR-1102,Whole Foods,136,1340.17,599.19
2025-06,BTR-1102,Amazon,735,10739.38,3238.26
2025-06,BTR-1102,DTC Shopify,423,6180.62,1863.65
2025-07,BTR-1102,Home Depot,381,3754.45,1678.61
2025-07,BTR-1102,Lowe's,350,3448.97,1542.03
2025-07,BTR-1102,Target,323,3182.91,1423.07
2025-07,BTR-1102,Walmart,352,3468.68,1550.84
2025-07,BTR-1102,Costco,259,2552.24,1141.1
2025-07,BTR-1102,Kroger,22,216.79,96.93
2025-07,BTR-1102,Whole Foods,107,1054.4,471.42
2025-07,BTR-1102,Amazon,623,9102.9,2744.81
2025-07,BTR-1102,DTC Shopify,366,5347.77,1612.52
2025-08,BTR-1102,Home Depot,380,3744.6,1674.2
2025-08,BTR-1102,Lowe's,343,3379.99,1511.19
2025-08,BTR-1102,Target,312,3074.51,1374.61
2025-08,BTR-1102,Walmart,461,4542.79,2031.07
2025-08,BTR-1102,Costco,296,2916.84,1304.12
2025-08,BTR-1102,Kroger,33,325.19,145.39
2025-08,BTR-1102,Whole Foods,123,1212.07,541.91
2025-08,BTR-1102,Amazon,749,10943.94,3299.94
2025-08,BTR-1102,DTC Shopify,433,6326.74,1907.71
2025-09,BTR-1102,Home Depot,397,3912.12,1749.1
2025-09,BTR-1102,Lowe's,342,3370.14,1506.78
2025-09,BTR-1102,Target,400,3941.68,1762.32
2025-09,BTR-1102,Walmart,337,3320.87,1484.75
2025-09,BTR-1102,Costco,306,3015.39,1348.17
2025-09,BTR-1102,Kroger,28,275.92,123.36
2025-09,BTR-1102,Whole Foods,136,1340.17,599.19
2025-09,BTR-1102,Amazon,749,10943.94,3299.94
2025-09,BTR-1102,DTC Shopify,466,6808.91,2053.1
2025-10,BTR-1102,Home Depot,802,7903.07,3533.45
2025-10,BTR-1102,Lowe's,903,8898.34,3978.44
2025-10,BTR-1102,Target,905,8918.05,3987.25
2025-10,BTR-1102,Walmart,1030,10149.83,4537.97
2025-10,BTR-1102,Costco,586,5774.56,2581.8
2025-10,BTR-1102,Kroger,68,670.09,299.59
2025-10,BTR-1102,Whole Foods,331,3261.74,1458.32
2025-10,BTR-1102,Amazon,1768,25832.96,7789.45
2025-10,BTR-1102,DTC Shopify,963,14070.78,4242.79
2025-11,BTR-1102,Home Depot,554,5459.23,2440.81
2025-11,BTR-1102,Lowe's,690,6799.4,3040.0
2025-11,BTR-1102,Target,544,5360.68,2396.76
2025-11,BTR-1102,Walmart,582,5735.14,2564.18
2025-11,BTR-1102,Costco,391,3852.99,1722.67
2025-11,BTR-1102,Kroger,49,482.86,215.88
2025-11,BTR-1102,Whole Foods,194,1911.71,854.73
2025-11,BTR-1102,Amazon,1083,15824.15,4771.48
2025-11,BTR-1102,DTC Shopify,710,10374.09,3128.12
2025-12,BTR-1102,Home Depot,624,6149.02,2749.22
2025-12,BTR-1102,Lowe's,596,5873.1,2625.86
2025-12,BTR-1102,Target,505,4976.37,2224.93
2025-12,BTR-1102,Walmart,763,7518.75,3361.63
2025-12,BTR-1102,Costco,369,3636.2,1625.74
2025-12,BTR-1102,Kroger,49,482.86,215.88
2025-12,BTR-1102,Whole Foods,195,1921.57,859.13
2025-12,BTR-1102,Amazon,934,13647.05,4115.02
2025-12,BTR-1102,DTC Shopify,685,10008.81,3017.97
2026-01,BTR-1102,Home Depot,325,3202.61,1431.88
2026-01,BTR-1102,Lowe's,332,3271.59,1462.73
2026-01,BTR-1102,Target,292,2877.43,1286.49
2026-01,BTR-1102,Walmart,402,3961.39,1771.13
2026-01,BTR-1102,Costco,216,2128.51,951.65
2026-01,BTR-1102,Kroger,24,236.5,105.74
2026-01,BTR-1102,Whole Foods,91,896.73,400.93
2026-01,BTR-1102,Amazon,464,6779.69,2044.29
2026-01,BTR-1102,DTC Shopify,365,5333.16,1608.12
2026-02,BTR-1102,Home Depot,357,3517.95,1572.87
2026-02,BTR-1102,Lowe's,324,3192.76,1427.48
2026-02,BTR-1102,Target,319,3143.49,1405.45
2026-02,BTR-1102,Walmart,465,4582.2,2048.7
2026-02,BTR-1102,Costco,273,2690.2,1202.78
2026-02,BTR-1102,Kroger,31,305.48,136.58
2026-02,BTR-1102,Whole Foods,107,1054.4,471.42
2026-02,BTR-1102,Amazon,606,8854.51,2669.91
2026-02,BTR-1102,DTC Shopify,316,4617.2,1392.23
2026-03,BTR-1102,Home Depot,435,4286.58,1916.52
2026-03,BTR-1102,Lowe's,441,4345.7,1942.96
2026-03,BTR-1102,Target,394,3882.55,1735.89
2026-03,BTR-1102,Walmart,477,4700.45,2101.57
2026-03,BTR-1102,Costco,263,2591.65,1158.73
2026-03,BTR-1102,Kroger,33,325.19,145.39
2026-03,BTR-1102,Whole Foods,127,1251.48,559.54
2026-03,BTR-1102,Amazon,701,10242.59,3088.47
2026-03,BTR-1102,DTC Shopify,419,6122.18,1846.03
2026-04,BTR-1102,Home Depot,611,6020.92,2691.94
2026-04,BTR-1102,Lowe's,539,5311.41,2374.73
2026-04,BTR-1102,Target,478,4710.31,2105.97
2026-04,BTR-1102,Walmart,534,5262.14,2352.7
2026-04,BTR-1102,Costco,344,3389.84,1515.6
2026-04,BTR-1102,Kroger,34,335.04,149.8
2026-04,BTR-1102,Whole Foods,154,1517.55,678.49
2026-04,BTR-1102,Amazon,865,12638.86,3811.02
2026-04,BTR-1102,DTC Shopify,582,8503.83,2564.18
2026-05,BTR-1102,Home Depot,535,5272.0,2357.1
2026-05,BTR-1102,Lowe's,721,7104.88,3176.58
2026-05,BTR-1102,Target,653,6434.79,2876.99
2026-05,BTR-1102,Walmart,673,6631.88,2965.1
2026-05,BTR-1102,Costco,399,3931.83,1757.91
2026-05,BTR-1102,Kroger,49,482.86,215.88
2026-05,BTR-1102,Whole Foods,181,1783.61,797.45
2026-05,BTR-1102,Amazon,1137,16613.16,5009.39
2026-05,BTR-1102,DTC Shopify,535,7817.1,2357.1
2026-06,BTR-1102,Home Depot,501,4936.95,2207.31
2026-06,BTR-1102,Lowe's,584,5754.85,2572.99
2026-06,BTR-1102,Target,553,5449.37,2436.41
2026-06,BTR-1102,Walmart,510,5025.64,2246.96
2026-06,BTR-1102,Costco,363,3577.07,1599.31
2026-06,BTR-1102,Kroger,38,374.46,167.42
2026-06,BTR-1102,Whole Foods,139,1369.73,612.41
2026-06,BTR-1102,Amazon,866,12653.47,3815.42
2026-06,BTR-1102,DTC Shopify,495,7232.64,2180.87
2026-07,BTR-1102,Home Depot,351,3458.82,1546.44
2026-07,BTR-1102,Lowe's,353,3478.53,1555.25
2026-07,BTR-1102,Target,331,3261.74,1458.32
2026-07,BTR-1102,Walmart,352,3468.68,1550.84
2026-07,BTR-1102,Costco,290,2857.72,1277.68
2026-07,BTR-1102,Kroger,28,275.92,123.36
2026-07,BTR-1102,Whole Foods,131,1290.9,577.16
2026-07,BTR-1102,Amazon,658,9614.3,2899.02
2026-07,BTR-1102,DTC Shopify,449,6560.52,1978.2
2026-08,BTR-1102,Home Depot,501,4936.95,2207.31
2026-08,BTR-1102,Lowe's,406,4000.81,1788.75
2026-08,BTR-1102,Target,410,4040.22,1806.38
2026-08,BTR-1102,Walmart,489,4818.7,2154.44
2026-08,BTR-1102,Costco,279,2749.32,1229.22
2026-08,BTR-1102,Kroger,40,394.17,176.23
2026-08,BTR-1102,Whole Foods,143,1409.15,630.03
2026-08,BTR-1102,Amazon,827,12083.63,3643.6
2026-08,BTR-1102,DTC Shopify,428,6253.68,1885.68
2024-09,BTR-1103,Home Depot,125,4711.77,2520.79
2024-09,BTR-1103,Lowe's,171,6445.71,3448.44
2024-09,BTR-1103,Target,156,5880.3,3145.94
2024-09,BTR-1103,Walmart,163,6144.15,3287.11
2024-09,BTR-1103,Costco,88,3317.09,1774.63
2024-09,BTR-1103,Kroger,12,452.33,242.0
2024-09,BTR-1103,Whole Foods,56,2110.88,1129.31
2024-09,BTR-1103,Amazon,250,13972.85,5041.57
2024-09,BTR-1103,DTC Shopify,149,8327.82,3004.78
2024-10,BTR-1103,Home Depot,150,5654.13,3024.95
2024-10,BTR-1103,Lowe's,128,4824.86,2581.29
2024-10,BTR-1103,Target,117,4410.22,2359.46
2024-10,BTR-1103,Walmart,136,5126.41,2742.62
2024-10,BTR-1103,Costco,92,3467.87,1855.3
2024-10,BTR-1103,Kroger,12,452.33,242.0
2024-10,BTR-1103,Whole Foods,41,1545.46,826.82
2024-10,BTR-1103,Amazon,227,12687.35,4577.75
2024-10,BTR-1103,DTC Shopify,154,8607.28,3105.61
2024-11,BTR-1103,Home Depot,349,13155.28,7038.04
2024-11,BTR-1103,Lowe's,412,15530.01,8308.52
2024-11,BTR-1103,Target,422,15906.95,8510.18
2024-11,BTR-1103,Walmart,368,13871.47,7421.2
2024-11,BTR-1103,Costco,255,9612.02,5142.41
2024-11,BTR-1103,Kroger,30,1130.83,604.99
2024-11,BTR-1103,Whole Foods,125,4711.77,2520.79
2024-11,BTR-1103,Amazon,759,42421.57,15306.22
2024-11,BTR-1103,DTC Shopify,442,24704.0,8913.5
2024-12,BTR-1103,Home Depot,191,7199.59,3851.76
2024-12,BTR-1103,Lowe's,213,8028.86,4295.42
2024-12,BTR-1103,Target,154,5804.91,3105.61
2024-12,BTR-1103,Walmart,197,7425.76,3972.76
2024-12,BTR-1103,Costco,148,5578.74,2984.61
2024-12,BTR-1103,Kroger,17,640.8,342.83
2024-12,BTR-1103,Whole Foods,67,2525.51,1351.14
2024-12,BTR-1103,Amazon,363,20288.58,7320.37
2024-12,BTR-1103,DTC Shopify,210,11737.19,4234.92
2025-01,BTR-1103,Home Depot,119,4485.61,2399.79
2025-01,BTR-1103,Lowe's,124,4674.08,2500.62
2025-01,BTR-1103,Target,118,4447.92,2379.62
2025-01,BTR-1103,Walmart,137,5164.11,2762.78
2025-01,BTR-1103,Costco,75,2827.06,1512.47
2025-01,BTR-1103,Kroger,11,414.64,221.83
2025-01,BTR-1103,Whole Foods,39,1470.07,786.49
2025-01,BTR-1103,Amazon,210,11737.19,4234.92
2025-01,BTR-1103,DTC Shopify,131,7321.77,2641.79
2025-02,BTR-1103,Home Depot,30,1130.83,604.99
2025-02,BTR-1103,Lowe's,48,1809.32,967.98
2025-02,BTR-1103,Target,29,1093.13,584.82
2025-02,BTR-1103,Walmart,36,1356.99,725.99
2025-02,BTR-1103,Costco,21,791.58,423.49
2025-02,BTR-1103,Kroger,3,113.08,60.5
2025-02,BTR-1103,Whole Foods,11,414.64,221.83
2025-02,BTR-1103,Amazon,65,3632.94,1310.81
2025-02,BTR-1103,DTC Shopify,42,2347.44,846.98
2025-03,BTR-1103,Home Depot,179,6747.26,3609.77
2025-03,BTR-1103,Lowe's,194,7312.67,3912.26
2025-03,BTR-1103,Target,151,5691.82,3045.11
2025-03,BTR-1103,Walmart,184,6935.73,3710.6
2025-03,BTR-1103,Costco,111,4184.06,2238.46
2025-03,BTR-1103,Kroger,15,565.41,302.49
2025-03,BTR-1103,Whole Foods,57,2148.57,1149.48
2025-03,BTR-1103,Amazon,320,17885.25,6453.22
2025-03,BTR-1103,DTC Shopify,198,11066.5,3992.93
2025-04,BTR-1103,Home Depot,261,9838.19,5263.4
2025-04,BTR-1103,Lowe's,292,11006.71,5888.56
2025-04,BTR-1103,Target,264,9951.27,5323.9
2025-04,BTR-1103,Walmart,306,11534.43,6170.89
2025-04,BTR-1103,Costco,156,5880.3,3145.94
2025-04,BTR-1103,Kroger,21,791.58,423.49
2025-04,BTR-1103,Whole Foods,89,3354.78,1794.8
2025-04,BTR-1103,Amazon,464,25933.61,9357.16
2025-04,BTR-1103,DTC Shopify,298,16655.64,6009.56
2025-05,BTR-1103,Home Depot,295,11119.79,5949.06
2025-05,BTR-1103,Lowe's,311,11722.9,6271.72
2025-05,BTR-1103,Target,265,9988.96,5344.07
2025-05,BTR-1103,Walmart,350,13192.97,7058.2
2025-05,BTR-1103,Costco,189,7124.2,3811.43
2025-05,BTR-1103,Kroger,22,829.27,443.66
2025-05,BTR-1103,Whole Foods,102,3844.81,2056.96
2025-05,BTR-1103,Amazon,510,28504.61,10284.81
2025-05,BTR-1103,DTC Shopify,304,16990.99,6130.56
2025-06,BTR-1103,Home Depot,199,7501.15,4013.09
2025-06,BTR-1103,Lowe's,216,8141.95,4355.92
2025-06,BTR-1103,Target,171,6445.71,3448.44
2025-06,BTR-1103,Walmart,214,8066.56,4315.59
2025-06,BTR-1103,Costco,130,4900.25,2621.62
2025-06,BTR-1103,Kroger,17,640.8,342.83
2025-06,BTR-1103,Whole Foods,58,2186.26,1169.65
2025-06,BTR-1103,Amazon,324,18108.81,6533.88
2025-06,BTR-1103,DTC Shopify,197,11010.61,3972.76
2025-07,BTR-1103,Home Depot,235,8858.14,4739.08
2025-07,BTR-1103,Lowe's,221,8330.42,4456.75
2025-07,BTR-1103,Target,204,7689.62,4113.93
2025-07,BTR-1103,Walmart,240,9046.61,4839.91
2025-07,BTR-1103,Costco,156,5880.3,3145.94
2025-07,BTR-1103,Kroger,20,753.88,403.33
2025-07,BTR-1103,Whole Foods,67,2525.51,1351.14
2025-07,BTR-1103,Amazon,409,22859.58,8248.02
2025-07,BTR-1103,DTC Shopify,208,11625.41,4194.59
2025-08,BTR-1103,Home Depot,113,4259.44,2278.79
2025-08,BTR-1103,Lowe's,112,4221.75,2258.63
2025-08,BTR-1103,Target,99,3731.73,1996.46
2025-08,BTR-1103,Walmart,110,4146.36,2218.29
2025-08,BTR-1103,Costco,62,2337.04,1250.31
2025-08,BTR-1103,Kroger,7,263.86,141.16
2025-08,BTR-1103,Whole Foods,39,1470.07,786.49
2025-08,BTR-1103,Amazon,177,9892.78,3569.44
2025-08,BTR-1103,DTC Shopify,123,6874.64,2480.45
2025-09,BTR-1103,Home Depot,166,6257.24,3347.61
2025-09,BTR-1103,Lowe's,123,4636.39,2480.45
2025-09,BTR-1103,Target,132,4975.63,2661.95
2025-09,BTR-1103,Walmart,140,5277.19,2823.28
2025-09,BTR-1103,Costco,82,3090.92,1653.64
2025-09,BTR-1103,Kroger,11,414.64,221.83
2025-09,BTR-1103,Whole Foods,34,1281.6,685.65
2025-09,BTR-1103,Amazon,232,12966.8,4678.58
2025-09,BTR-1103,DTC Shopify,136,7601.23,2742.62
2025-10,BTR-1103,Home Depot,226,8518.89,4557.58
2025-10,BTR-1103,Lowe's,218,8217.34,4396.25
2025-10,BTR-1103,Target,210,7915.78,4234.92
2025-10,BTR-1103,Walmart,236,8895.83,4759.25
2025-10,BTR-1103,Costco,120,4523.3,2419.96
2025-10,BTR-1103,Kroger,15,565.41,302.49
2025-10,BTR-1103,Whole Foods,55,2073.18,1109.15
2025-10,BTR-1103,Amazon,332,18555.94,6695.21
2025-10,BTR-1103,DTC Shopify,199,11122.39,4013.09
2025-11,BTR-1103,Home Depot,220,8292.72,4436.59
2025-11,BTR-1103,Lowe's,273,10290.52,5505.4
2025-11,BTR-1103,Target,238,8971.22,4799.58
2025-11,BTR-1103,Walmart,259,9762.8,5223.07
2025-11,BTR-1103,Costco,158,5955.68,3186.28
2025-11,BTR-1103,Kroger,21,791.58,423.49
2025-11,BTR-1103,Whole Foods,73,2751.68,1472.14
2025-11,BTR-1103,Amazon,384,21462.3,7743.86
2025-11,BTR-1103,DTC Shopify,237,13246.26,4779.41
2025-12,BTR-1103,Home Depot,297,11195.18,5989.39
2025-12,BTR-1103,Lowe's,387,14587.66,7804.36
2025-12,BTR-1103,Target,305,11496.73,6150.72
2025-12,BTR-1103,Walmart,370,13946.85,7461.53
2025-12,BTR-1103,Costco,190,7161.9,3831.6
2025-12,BTR-1103,Kroger,27,1017.74,544.49
2025-12,BTR-1103,Whole Foods,106,3995.59,2137.63
2025-12,BTR-1103,Amazon,503,28113.37,10143.65
2025-12,BTR-1103,DTC Shopify,346,19338.42,6977.54
2026-01,BTR-1103,Home Depot,181,6822.65,3650.1
2026-01,BTR-1103,Lowe's,207,7802.7,4174.42
2026-01,BTR-1103,Target,214,8066.56,4315.59
2026-01,BTR-1103,Walmart,232,8745.05,4678.58
2026-01,BTR-1103,Costco,118,4447.92,2379.62
2026-01,BTR-1103,Kroger,18,678.5,362.99
2026-01,BTR-1103,Whole Foods,61,2299.35,1230.14
2026-01,BTR-1103,Amazon,364,20344.47,7340.53
2026-01,BTR-1103,DTC Shopify,238,13302.15,4799.58
2026-02,BTR-1103,Home Depot,167,6294.93,3367.77
2026-02,BTR-1103,Lowe's,129,4862.55,2601.45
2026-02,BTR-1103,Target,114,4297.14,2298.96
2026-02,BTR-1103,Walmart,187,7048.82,3771.1
2026-02,BTR-1103,Costco,91,3430.17,1835.13
2026-02,BTR-1103,Kroger,13,490.02,262.16
2026-02,BTR-1103,Whole Foods,46,1733.93,927.65
2026-02,BTR-1103,Amazon,240,13413.94,4839.91
2026-02,BTR-1103,DTC Shopify,153,8551.38,3085.44
2026-03,BTR-1103,Home Depot,319,12024.45,6433.05
2026-03,BTR-1103,Lowe's,396,14926.9,7985.85
2026-03,BTR-1103,Target,283,10667.46,5707.06
2026-03,BTR-1103,Walmart,393,14813.82,7925.36
2026-03,BTR-1103,Costco,219,8255.03,4416.42
2026-03,BTR-1103,Kroger,30,1130.83,604.99
2026-03,BTR-1103,Whole Foods,106,3995.59,2137.63
2026-03,BTR-1103,Amazon,649,36273.52,13087.93
2026-03,BTR-1103,DTC Shopify,298,16655.64,6009.56
2026-04,BTR-1103,Home Depot,247,9310.47,4981.08
2026-04,BTR-1103,Lowe's,233,8782.75,4698.75
2026-04,BTR-1103,Target,246,9272.77,4960.91
2026-04,BTR-1103,Walmart,299,11270.57,6029.72
2026-04,BTR-1103,Costco,159,5993.38,3206.44
2026-04,BTR-1103,Kroger,20,753.88,403.33
2026-04,BTR-1103,Whole Foods,72,2713.98,1451.97
2026-04,BTR-1103,Amazon,381,21294.62,7683.36
2026-04,BTR-1103,DTC Shopify,247,13805.18,4981.08
2026-05,BTR-1103,Home Depot,180,6784.96,3629.93
2026-05,BTR-1103,Lowe's,210,7915.78,4234.92
2026-05,BTR-1103,Target,222,8368.11,4476.92
2026-05,BTR-1103,Walmart,298,11232.87,6009.56
2026-05,BTR-1103,Costco,171,6445.71,3448.44
2026-05,BTR-1103,Kroger,17,640.8,342.83
2026-05,BTR-1103,Whole Foods,71,2676.29,1431.81
2026-05,BTR-1103,Amazon,373,20847.49,7522.03
2026-05,BTR-1103,DTC Shopify,234,13078.59,4718.91
2026-06,BTR-1103,Home Depot,249,9385.86,5021.41
2026-06,BTR-1103,Lowe's,324,12212.92,6533.88
2026-06,BTR-1103,Target,226,8518.89,4557.58
2026-06,BTR-1103,Walmart,319,12024.45,6433.05
2026-06,BTR-1103,Costco,203,7651.92,4093.76
2026-06,BTR-1103,Kroger,23,866.97,463.82
2026-06,BTR-1103,Whole Foods,75,2827.06,1512.47
2026-06,BTR-1103,Amazon,457,25542.37,9216.0
2026-06,BTR-1103,DTC Shopify,272,15202.46,5485.23
2026-07,BTR-1103,Home Depot,156,5880.3,3145.94
2026-07,BTR-1103,Lowe's,176,6634.18,3549.27
2026-07,BTR-1103,Target,158,5955.68,3186.28
2026-07,BTR-1103,Walmart,218,8217.34,4396.25
2026-07,BTR-1103,Costco,132,4975.63,2661.95
2026-07,BTR-1103,Kroger,15,565.41,302.49
2026-07,BTR-1103,Whole Foods,57,2148.57,1149.48
2026-07,BTR-1103,Amazon,278,15537.81,5606.23
2026-07,BTR-1103,DTC Shopify,181,10116.34,3650.1
2026-08,BTR-1103,Home Depot,214,8066.56,4315.59
2026-08,BTR-1103,Lowe's,232,8745.05,4678.58
2026-08,BTR-1103,Target,192,7237.29,3871.93
2026-08,BTR-1103,Walmart,246,9272.77,4960.91
2026-08,BTR-1103,Costco,147,5541.05,2964.45
2026-08,BTR-1103,Kroger,17,640.8,342.83
2026-08,BTR-1103,Whole Foods,64,2412.43,1290.64
2026-08,BTR-1103,Amazon,356,19897.34,7179.2
2026-08,BTR-1103,DTC Shopify,247,13805.18,4981.08
2024-09,BTR-1201,Home Depot,933,9735.11,4927.73
2024-09,BTR-1201,Lowe's,672,7011.78,3549.24
2024-09,BTR-1201,Target,550,5738.81,2904.88
2024-09,BTR-1201,Walmart,741,7731.74,3913.67
2024-09,BTR-1201,Costco,394,4111.07,2080.95
2024-09,BTR-1201,Kroger,249,2598.12,1315.12
2024-09,BTR-1201,Whole Foods,240,2504.21,1267.58
2024-09,BTR-1201,Amazon,483,7472.69,2551.01
2024-09,BTR-1201,DTC Shopify,246,3805.96,1299.27
2024-10,BTR-1201,Home Depot,1332,13898.35,7035.09
2024-10,BTR-1201,Lowe's,915,9547.29,4832.66
2024-10,BTR-1201,Target,880,9182.1,4647.81
2024-10,BTR-1201,Walmart,1003,10465.5,5297.44
2024-10,BTR-1201,Costco,574,5989.23,3031.64
2024-10,BTR-1201,Kroger,360,3756.31,1901.38
2024-10,BTR-1201,Whole Foods,309,3224.17,1632.01
2024-10,BTR-1201,Amazon,769,11897.51,4061.55
2024-10,BTR-1201,DTC Shopify,379,5863.66,2001.73
2024-11,BTR-1201,Home Depot,1651,17226.86,8719.92
2024-11,BTR-1201,Lowe's,1218,12708.86,6432.99
2024-11,BTR-1201,Target,1002,10455.07,5292.16
2024-11,BTR-1201,Walmart,1239,12927.97,6543.9
2024-11,BTR-1201,Costco,791,8253.45,4177.75
2024-11,BTR-1201,Kroger,352,3672.84,1859.12
2024-11,BTR-1201,Whole Foods,317,3307.64,1674.27
2024-11,BTR-1201,Amazon,862,13336.35,4552.74
2024-11,BTR-1201,DTC Shopify,439,6791.94,2318.62
2024-12,BTR-1201,Home Depot,1137,11863.69,6005.18
2024-12,BTR-1201,Lowe's,896,9349.04,4732.31
2024-12,BTR-1201,Target,809,8441.27,4272.81
2024-12,BTR-1201,Walmart,734,7658.7,3876.69
2024-12,BTR-1201,Costco,618,6448.34,3264.03
2024-12,BTR-1201,Kroger,367,3829.35,1938.35
2024-12,BTR-1201,Whole Foods,305,3182.43,1610.89
2024-12,BTR-1201,Amazon,789,12206.93,4167.18
2024-12,BTR-1201,DTC Shopify,404,6250.45,2133.77
2025-01,BTR-1201,Home Depot,1054,10997.65,5566.81
2025-01,BTR-1201,Lowe's,846,8827.33,4468.23
2025-01,BTR-1201,Target,736,7679.57,3887.26
2025-01,BTR-1201,Walmart,719,7502.19,3797.47
2025-01,BTR-1201,Costco,514,5363.18,2714.74
2025-01,BTR-1201,Kroger,275,2869.4,1452.44
2025-01,BTR-1201,Whole Foods,242,2525.08,1278.15
2025-01,BTR-1201,Amazon,595,9205.48,3142.55
2025-01,BTR-1201,DTC Shopify,309,4780.66,1632.01
2025-02,BTR-1201,Home Depot,1289,13449.68,6807.98
2025-02,BTR-1201,Lowe's,888,9265.57,4690.06
2025-02,BTR-1201,Target,689,7189.16,3639.02
2025-02,BTR-1201,Walmart,902,9411.65,4764.0
2025-02,BTR-1201,Costco,542,5655.34,2862.63
2025-02,BTR-1201,Kroger,301,3140.69,1589.76
2025-02,BTR-1201,Whole Foods,266,2775.5,1404.91
2025-02,BTR-1201,Amazon,675,10443.19,3565.08
2025-02,BTR-1201,DTC Shopify,346,5353.1,1827.43
2025-03,BTR-1201,Home Depot,1031,10757.66,5445.33
2025-03,BTR-1201,Lowe's,991,10340.29,5234.07
2025-03,BTR-1201,Target,768,8013.47,4056.27
2025-03,BTR-1201,Walmart,786,8201.28,4151.34
2025-03,BTR-1201,Costco,536,5592.73,2830.94
2025-03,BTR-1201,Kroger,285,2973.75,1505.26
2025-03,BTR-1201,Whole Foods,244,2545.94,1288.71
2025-03,BTR-1201,Amazon,647,10010.0,3417.2
2025-03,BTR-1201,DTC Shopify,365,5647.06,1927.78
2025-04,BTR-1201,Home Depot,1158,12082.8,6116.09
2025-04,BTR-1201,Lowe's,848,8848.2,4478.8
2025-04,BTR-1201,Target,889,9276.0,4695.34
2025-04,BTR-1201,Walmart,882,9202.96,4658.37
2025-04,BTR-1201,Costco,584,6093.57,3084.45
2025-04,BTR-1201,Kroger,384,4006.73,2028.13
2025-04,BTR-1201,Whole Foods,295,3078.09,1558.07
2025-04,BTR-1201,Amazon,780,12067.69,4119.65
2025-04,BTR-1201,DTC Shopify,350,5414.99,1848.56
2025-05,BTR-1201,Home Depot,1515,15807.81,8001.62
2025-05,BTR-1201,Lowe's,1086,11331.54,5735.82
2025-05,BTR-1201,Target,881,9192.53,4653.09
2025-05,BTR-1201,Walmart,1288,13439.25,6802.7
2025-05,BTR-1201,Costco,645,6730.06,3406.63
2025-05,BTR-1201,Kroger,471,4914.51,2487.63
2025-05,BTR-1201,Whole Foods,348,3631.1,1838.0
2025-05,BTR-1201,Amazon,954,14759.72,5038.65
2025-05,BTR-1201,DTC Shopify,441,6822.89,2329.19
2025-06,BTR-1201,Home Depot,1039,10841.13,5487.58
2025-06,BTR-1201,Lowe's,852,8889.94,4499.92
2025-06,BTR-1201,Target,810,8451.7,4278.1
2025-06,BTR-1201,Walmart,848,8848.2,4478.8
2025-06,BTR-1201,Costco,440,4591.05,2323.9
2025-06,BTR-1201,Kroger,266,2775.5,1404.91
2025-06,BTR-1201,Whole Foods,204,2128.58,1077.45
2025-06,BTR-1201,Amazon,689,10659.79,3639.02
2025-06,BTR-1201,DTC Shopify,376,5817.25,1985.88
2025-07,BTR-1201,Home Depot,885,9234.27,4674.22
2025-07,BTR-1201,Lowe's,612,6385.73,3232.34
2025-07,BTR-1201,Target,617,6437.9,3258.75
2025-07,BTR-1201,Walmart,725,7564.79,3829.16
2025-07,BTR-1201,Costco,392,4090.21,2070.39
2025-07,BTR-1201,Kroger,263,2744.19,1389.06
2025-07,BTR-1201,Whole Foods,183,1909.46,966.53
2025-07,BTR-1201,Amazon,615,9514.91,3248.18
2025-07,BTR-1201,DTC Shopify,323,4997.26,1705.96
2025-08,BTR-1201,Home Depot,1030,10747.23,5440.05
2025-08,BTR-1201,Lowe's,749,7815.22,3955.92
2025-08,BTR-1201,Target,510,5321.44,2693.62
2025-08,BTR-1201,Walmart,617,6437.9,3258.75
2025-08,BTR-1201,Costco,445,4643.22,2350.31
2025-08,BTR-1201,Kroger,224,2337.26,1183.08
2025-08,BTR-1201,Whole Foods,218,2274.66,1151.39
2025-08,BTR-1201,Amazon,573,8865.11,3026.36
2025-08,BTR-1201,DTC Shopify,310,4796.13,1637.3
2025-09,BTR-1201,Home Depot,1265,13199.26,6681.22
2025-09,BTR-1201,Lowe's,717,7481.32,3786.91
2025-09,BTR-1201,Target,651,6792.66,3438.32
2025-09,BTR-1201,Walmart,942,9829.02,4975.27
2025-09,BTR-1201,Costco,511,5331.88,2698.9
2025-09,BTR-1201,Kroger,319,3328.51,1684.83
2025-09,BTR-1201,Whole Foods,275,2869.4,1452.44
2025-09,BTR-1201,Amazon,627,9700.57,3311.56
2025-09,BTR-1201,DTC Shopify,349,5399.52,1843.28
2025-10,BTR-1201,Home Depot,1140,11894.99,6021.02
2025-10,BTR-1201,Lowe's,1018,10622.02,5376.67
2025-10,BTR-1201,Target,932,9724.67,4922.45
2025-10,BTR-1201,Walmart,928,9682.94,4901.32
2025-10,BTR-1201,Costco,558,5822.28,2947.13
2025-10,BTR-1201,Kroger,308,3213.73,1626.73
2025-10,BTR-1201,Whole Foods,231,2410.3,1220.05
2025-10,BTR-1201,Amazon,750,11603.55,3961.2
2025-10,BTR-1201,DTC Shopify,394,6095.73,2080.95
2025-11,BTR-1201,Home Depot,1621,16913.84,8561.47
2025-11,BTR-1201,Lowe's,1186,12374.96,6263.98
2025-11,BTR-1201,Target,1136,11853.25,5999.9
2025-11,BTR-1201,Walmart,1147,11968.03,6058.0
2025-11,BTR-1201,Costco,715,7460.45,3776.34
2025-11,BTR-1201,Kroger,406,4236.29,2144.33
2025-11,BTR-1201,Whole Foods,343,3578.93,1811.59
2025-11,BTR-1201,Amazon,1006,15564.23,5313.29
2025-11,BTR-1201,DTC Shopify,517,7998.71,2730.59
2025-12,BTR-1201,Home Depot,1138,11874.12,6010.46
2025-12,BTR-1201,Lowe's,778,8117.81,4109.08
2025-12,BTR-1201,Target,652,6803.1,3443.6
2025-12,BTR-1201,Walmart,881,9192.53,4653.09
2025-12,BTR-1201,Costco,483,5039.72,2551.01
2025-12,BTR-1201,Kroger,307,3203.3,1621.45
2025-12,BTR-1201,Whole Foods,221,2305.96,1167.23
2025-12,BTR-1201,Amazon,615,9514.91,3248.18
2025-12,BTR-1201,DTC Shopify,346,5353.1,1827.43
2026-01,BTR-1201,Home Depot,1325,13825.31,6998.12
2026-01,BTR-1201,Lowe's,910,9495.12,4806.26
2026-01,BTR-1201,Target,773,8065.64,4082.68
2026-01,BTR-1201,Walmart,805,8399.53,4251.69
2026-01,BTR-1201,Costco,492,5133.63,2598.55
2026-01,BTR-1201,Kroger,293,3057.22,1547.51
2026-01,BTR-1201,Whole Foods,232,2420.73,1225.33
2026-01,BTR-1201,Amazon,694,10737.15,3665.43
2026-01,BTR-1201,DTC Shopify,369,5708.95,1948.91
2026-02,BTR-1201,Home Depot,1443,15056.55,7621.35
2026-02,BTR-1201,Lowe's,1046,10914.17,5524.55
2026-02,BTR-1201,Target,739,7710.87,3903.1
2026-02,BTR-1201,Walmart,955,9964.66,5043.93
2026-02,BTR-1201,Costco,557,5811.85,2941.85
2026-02,BTR-1201,Kroger,356,3714.58,1880.25
2026-02,BTR-1201,Whole Foods,282,2942.44,1489.41
2026-02,BTR-1201,Amazon,751,11619.02,3966.48
2026-02,BTR-1201,DTC Shopify,386,5971.96,2038.7
2026-03,BTR-1201,Home Depot,1698,17717.27,8968.16
2026-03,BTR-1201,Lowe's,1183,12343.66,6248.13
2026-03,BTR-1201,Target,782,8159.54,4130.21
2026-03,BTR-1201,Walmart,988,10308.99,5218.22
2026-03,BTR-1201,Costco,530,5530.13,2799.25
2026-03,BTR-1201,Kroger,362,3777.18,1911.94
2026-03,BTR-1201,Whole Foods,304,3172.0,1605.61
2026-03,BTR-1201,Amazon,805,12454.48,4251.69
2026-03,BTR-1201,DTC Shopify,424,6559.87,2239.4
2026-04,BTR-1201,Home Depot,1641,17122.52,8667.11
2026-04,BTR-1201,Lowe's,1137,11863.69,6005.18
2026-04,BTR-1201,Target,985,10277.69,5202.38
2026-04,BTR-1201,Walmart,1148,11978.46,6063.28
2026-04,BTR-1201,Costco,711,7418.72,3755.22
2026-04,BTR-1201,Kroger,434,4528.44,2292.21
2026-04,BTR-1201,Whole Foods,386,4027.6,2038.7
2026-04,BTR-1201,Amazon,1095,16941.18,5783.35
2026-04,BTR-1201,DTC Shopify,483,7472.69,2551.01
2026-05,BTR-1201,Home Depot,1445,15077.42,7631.91
2026-05,BTR-1201,Lowe's,1105,11529.79,5836.17
2026-05,BTR-1201,Target,1213,12656.68,6406.58
2026-05,BTR-1201,Walmart,974,10162.91,5144.28
2026-05,BTR-1201,Costco,740,7721.31,3908.38
2026-05,BTR-1201,Kroger,484,5050.15,2556.29
2026-05,BTR-1201,Whole Foods,302,3151.13,1595.04
2026-05,BTR-1201,Amazon,904,13986.15,4774.57
2026-05,BTR-1201,DTC Shopify,556,8602.1,2936.57
2026-06,BTR-1201,Home Depot,986,10288.12,5207.66
2026-06,BTR-1201,Lowe's,752,7846.52,3971.76
2026-06,BTR-1201,Target,573,5978.8,3026.36
2026-06,BTR-1201,Walmart,727,7585.66,3839.72
2026-06,BTR-1201,Costco,482,5029.28,2545.73
2026-06,BTR-1201,Kroger,215,2243.35,1135.54
2026-06,BTR-1201,Whole Foods,199,2076.41,1051.04
2026-06,BTR-1201,Amazon,587,9081.71,3100.3
2026-06,BTR-1201,DTC Shopify,334,5167.45,1764.05
2026-07,BTR-1201,Home Depot,1061,11070.69,5603.78
2026-07,BTR-1201,Lowe's,959,10006.4,5065.05
2026-07,BTR-1201,Target,672,7011.78,3549.24
2026-07,BTR-1201,Walmart,723,7543.93,3818.6
2026-07,BTR-1201,Costco,412,4298.89,2176.02
2026-07,BTR-1201,Kroger,310,3234.6,1637.3
2026-07,BTR-1201,Whole Foods,287,2994.62,1515.82
2026-07,BTR-1201,Amazon,582,9004.35,3073.89
2026-07,BTR-1201,DTC Shopify,309,4780.66,1632.01
2026-08,BTR-1201,Home Depot,1110,11581.96,5862.58
2026-08,BTR-1201,Lowe's,790,8243.02,4172.46
2026-08,BTR-1201,Target,892,9307.31,4711.19
2026-08,BTR-1201,Walmart,1110,11581.96,5862.58
2026-08,BTR-1201,Costco,528,5509.26,2788.68
2026-08,BTR-1201,Kroger,335,3495.46,1769.34
2026-08,BTR-1201,Whole Foods,273,2848.54,1441.88
2026-08,BTR-1201,Amazon,688,10644.32,3633.74
2026-08,BTR-1201,DTC Shopify,357,5523.29,1885.53
2024-09,BTR-1202,Home Depot,648,6761.36,3422.48
2024-09,BTR-1202,Lowe's,483,5039.72,2551.01
2024-09,BTR-1202,Target,457,4768.43,2413.69
2024-09,BTR-1202,Walmart,485,5060.59,2561.58
2024-09,BTR-1202,Costco,285,2973.75,1505.26
2024-09,BTR-1202,Kroger,150,1565.13,792.24
2024-09,BTR-1202,Whole Foods,126,1314.71,665.48
2024-09,BTR-1202,Amazon,378,5848.19,1996.44
2024-09,BTR-1202,DTC Shopify,181,2800.32,955.97
2024-10,BTR-1202,Home Depot,845,8816.9,4462.95
2024-10,BTR-1202,Lowe's,590,6156.18,3116.14
2024-10,BTR-1202,Target,487,5081.46,2572.14
2024-10,BTR-1202,Walmart,612,6385.73,3232.34
2024-10,BTR-1202,Costco,323,3370.25,1705.96
2024-10,BTR-1202,Kroger,201,2097.27,1061.6
2024-10,BTR-1202,Whole Foods,151,1575.56,797.52
2024-10,BTR-1202,Amazon,482,7457.21,2545.73
2024-10,BTR-1202,DTC Shopify,239,3697.66,1262.3
2024-11,BTR-1202,Home Depot,1204,12562.78,6359.05
2024-11,BTR-1202,Lowe's,746,7783.91,3940.07
2024-11,BTR-1202,Target,657,6855.27,3470.01
2024-11,BTR-1202,Walmart,752,7846.52,3971.76
2024-11,BTR-1202,Costco,425,4434.53,2244.68
2024-11,BTR-1202,Kroger,251,2618.98,1325.68
2024-11,BTR-1202,Whole Foods,246,2566.81,1299.27
2024-11,BTR-1202,Amazon,534,8261.73,2820.37
2024-11,BTR-1202,DTC Shopify,283,4378.41,1494.69
2024-12,BTR-1202,Home Depot,1131,11801.08,5973.49
2024-12,BTR-1202,Lowe's,756,7888.26,3992.89
2024-12,BTR-1202,Target,707,7376.98,3734.09
2024-12,BTR-1202,Walmart,879,9171.66,4642.53
2024-12,BTR-1202,Costco,434,4528.44,2292.21
2024-12,BTR-1202,Kroger,288,3005.05,1521.1
2024-12,BTR-1202,Whole Foods,232,2420.73,1225.33
2024-12,BTR-1202,Amazon,513,7936.83,2709.46
2024-12,BTR-1202,DTC Shopify,299,4625.95,1579.2
2025-01,BTR-1202,Home Depot,663,6917.87,3501.7
2025-01,BTR-1202,Lowe's,348,3631.1,1838.0
2025-01,BTR-1202,Target,438,4570.18,2313.34
2025-01,BTR-1202,Walmart,431,4497.14,2276.37
2025-01,BTR-1202,Costco,279,2911.14,1473.57
2025-01,BTR-1202,Kroger,159,1659.04,839.77
2025-01,BTR-1202,Whole Foods,139,1450.35,734.14
2025-01,BTR-1202,Amazon,356,5507.82,1880.25
2025-01,BTR-1202,DTC Shopify,163,2521.84,860.9
2025-02,BTR-1202,Home Depot,915,9547.29,4832.66
2025-02,BTR-1202,Lowe's,618,6448.34,3264.03
2025-02,BTR-1202,Target,588,6135.31,3105.58
2025-02,BTR-1202,Walmart,615,6417.03,3248.18
2025-02,BTR-1202,Costco,377,3933.69,1991.16
2025-02,BTR-1202,Kroger,251,2618.98,1325.68
2025-02,BTR-1202,Whole Foods,202,2107.71,1066.88
2025-02,BTR-1202,Amazon,492,7611.93,2598.55
2025-02,BTR-1202,DTC Shopify,219,3388.24,1156.67
2025-03,BTR-1202,Home Depot,1152,12020.2,6084.4
2025-03,BTR-1202,Lowe's,947,9881.19,5001.68
2025-03,BTR-1202,Target,738,7700.44,3897.82
2025-03,BTR-1202,Walmart,903,9422.08,4769.28
2025-03,BTR-1202,Costco,457,4768.43,2413.69
2025-03,BTR-1202,Kroger,321,3349.38,1695.39
2025-03,BTR-1202,Whole Foods,250,2608.55,1320.4
2025-03,BTR-1202,Amazon,655,10133.77,3459.45
2025-03,BTR-1202,DTC Shopify,384,5941.02,2028.13
2025-04,BTR-1202,Home Depot,2282,23810.84,12052.61
2025-04,BTR-1202,Lowe's,1751,18270.28,9248.08
2025-04,BTR-1202,Target,1410,14712.22,7447.06
2025-04,BTR-1202,Walmart,1663,17352.07,8783.3
2025-04,BTR-1202,Costco,1129,11780.21,5962.93
2025-04,BTR-1202,Kroger,736,7679.57,3887.26
2025-04,BTR-1202,Whole Foods,526,5488.39,2778.12
2025-04,BTR-1202,Amazon,1227,18983.41,6480.52
2025-04,BTR-1202,DTC Shopify,626,9685.1,3306.28
2025-05,BTR-1202,Home Depot,1417,14785.26,7484.03
2025-05,BTR-1202,Lowe's,919,9589.03,4853.79
2025-05,BTR-1202,Target,703,7335.24,3712.96
2025-05,BTR-1202,Walmart,987,10298.56,5212.94
2025-05,BTR-1202,Costco,483,5039.72,2551.01
2025-05,BTR-1202,Kroger,285,2973.75,1505.26
2025-05,BTR-1202,Whole Foods,234,2441.6,1235.89
2025-05,BTR-1202,Amazon,696,10768.09,3675.99
2025-05,BTR-1202,DTC Shopify,306,4734.25,1616.17
2025-06,BTR-1202,Home Depot,818,8535.18,4320.35
2025-06,BTR-1202,Lowe's,661,6897.01,3491.14
2025-06,BTR-1202,Target,604,6302.26,3190.09
2025-06,BTR-1202,Walmart,609,6354.43,3216.49
2025-06,BTR-1202,Costco,451,4705.82,2382.0
2025-06,BTR-1202,Kroger,218,2274.66,1151.39
2025-06,BTR-1202,Whole Foods,182,1899.02,961.25
2025-06,BTR-1202,Amazon,424,6559.87,2239.4
2025-06,BTR-1202,DTC Shopify,194,3001.45,1024.63
2025-07,BTR-1202,Home Depot,746,7783.91,3940.07
2025-07,BTR-1202,Lowe's,581,6062.27,3068.61
2025-07,BTR-1202,Target,541,5644.9,2857.35
2025-07,BTR-1202,Walmart,444,4632.78,2345.03
2025-07,BTR-1202,Costco,338,3526.76,1785.18
2025-07,BTR-1202,Kroger,203,2118.14,1072.16
2025-07,BTR-1202,Whole Foods,165,1721.64,871.46
2025-07,BTR-1202,Amazon,440,6807.42,2323.9
2025-07,BTR-1202,DTC Shopify,213,3295.41,1124.98
2025-08,BTR-1202,Home Depot,530,5530.13,2799.25
2025-08,BTR-1202,Lowe's,411,4288.46,2170.74
2025-08,BTR-1202,Target,490,5112.76,2587.98
2025-08,BTR-1202,Walmart,434,4528.44,2292.21
2025-08,BTR-1202,Costco,265,2765.06,1399.62
2025-08,BTR-1202,Kroger,157,1638.17,829.21
2025-08,BTR-1202,Whole Foods,131,1366.88,691.89
2025-08,BTR-1202,Amazon,339,5244.8,1790.46
2025-08,BTR-1202,DTC Shopify,170,2630.14,897.87
2025-09,BTR-1202,Home Depot,752,7846.52,3971.76
2025-09,BTR-1202,Lowe's,504,5258.84,2661.93
2025-09,BTR-1202,Target,477,4977.11,2519.32
2025-09,BTR-1202,Walmart,638,6657.02,3369.66
2025-09,BTR-1202,Costco,403,4204.98,2128.48
2025-09,BTR-1202,Kroger,240,2504.21,1267.58
2025-09,BTR-1202,Whole Foods,216,2253.79,1140.83
2025-09,BTR-1202,Amazon,533,8246.26,2815.09
2025-09,BTR-1202,DTC Shopify,228,3527.48,1204.2
2025-10,BTR-1202,Home Depot,932,9724.67,4922.45
2025-10,BTR-1202,Lowe's,521,5436.22,2751.71
2025-10,BTR-1202,Target,474,4945.81,2503.48
2025-10,BTR-1202,Walmart,641,6688.32,3385.51
2025-10,BTR-1202,Costco,367,3829.35,1938.35
2025-10,BTR-1202,Kroger,194,2024.23,1024.63
2025-10,BTR-1202,Whole Foods,159,1659.04,839.77
2025-10,BTR-1202,Amazon,411,6358.75,2170.74
2025-10,BTR-1202,DTC Shopify,261,4038.04,1378.5
2025-11,BTR-1202,Home Depot,1323,13804.45,6987.56
2025-11,BTR-1202,Lowe's,1072,11185.46,5661.88
2025-11,BTR-1202,Target,703,7335.24,3712.96
2025-11,BTR-1202,Walmart,1043,10882.87,5508.71
2025-11,BTR-1202,Costco,595,6208.35,3142.55
2025-11,BTR-1202,Kroger,322,3359.81,1700.68
2025-11,BTR-1202,Whole Foods,254,2650.29,1341.53
2025-11,BTR-1202,Amazon,818,12655.61,4320.35
2025-11,BTR-1202,DTC Shopify,355,5492.35,1874.97
2025-12,BTR-1202,Home Depot,784,8180.41,4140.77
2025-12,BTR-1202,Lowe's,574,5989.23,3031.64
2025-12,BTR-1202,Target,402,4194.55,2123.2
2025-12,BTR-1202,Walmart,561,5853.59,2962.98
2025-12,BTR-1202,Costco,286,2984.18,1510.54
2025-12,BTR-1202,Kroger,199,2076.41,1051.04
2025-12,BTR-1202,Whole Foods,164,1711.21,866.18
2025-12,BTR-1202,Amazon,382,5910.07,2017.57
2025-12,BTR-1202,DTC Shopify,194,3001.45,1024.63
2026-01,BTR-1202,Home Depot,908,9474.25,4795.69
2026-01,BTR-1202,Lowe's,633,6604.85,3343.25
2026-01,BTR-1202,Target,554,5780.55,2926.01
2026-01,BTR-1202,Walmart,661,6897.01,3491.14
2026-01,BTR-1202,Costco,412,4298.89,2176.02
2026-01,BTR-1202,Kroger,256,2671.16,1352.09
2026-01,BTR-1202,Whole Foods,176,1836.42,929.56
2026-01,BTR-1202,Amazon,454,7024.02,2397.85
2026-01,BTR-1202,DTC Shopify,293,4533.12,1547.51
2026-02,BTR-1202,Home Depot,1016,10601.15,5366.11
2026-02,BTR-1202,Lowe's,749,7815.22,3955.92
2026-02,BTR-1202,Target,559,5832.72,2952.41
2026-02,BTR-1202,Walmart,754,7867.39,3982.33
2026-02,BTR-1202,Costco,499,5206.67,2635.52
2026-02,BTR-1202,Kroger,242,2525.08,1278.15
2026-02,BTR-1202,Whole Foods,206,2149.45,1088.01
2026-02,BTR-1202,Amazon,530,8199.84,2799.25
2026-02,BTR-1202,DTC Shopify,318,4919.91,1679.55
2026-03,BTR-1202,Home Depot,1078,11248.07,5693.56
2026-03,BTR-1202,Lowe's,784,8180.41,4140.77
2026-03,BTR-1202,Target,667,6959.61,3522.83
2026-03,BTR-1202,Walmart,815,8503.87,4304.5
2026-03,BTR-1202,Costco,546,5697.07,2883.75
2026-03,BTR-1202,Kroger,328,3422.42,1732.36
2026-03,BTR-1202,Whole Foods,256,2671.16,1352.09
2026-03,BTR-1202,Amazon,673,10412.25,3554.52
2026-03,BTR-1202,DTC Shopify,309,4780.66,1632.01
2026-04,BTR-1202,Home Depot,1110,11581.96,5862.58
2026-04,BTR-1202,Lowe's,602,6281.39,3179.52
2026-04,BTR-1202,Target,544,5676.2,2873.19
2026-04,BTR-1202,Walmart,682,7116.12,3602.05
2026-04,BTR-1202,Costco,386,4027.6,2038.7
2026-04,BTR-1202,Kroger,243,2535.51,1283.43
2026-04,BTR-1202,Whole Foods,219,2285.09,1156.67
2026-04,BTR-1202,Amazon,651,10071.88,3438.32
2026-04,BTR-1202,DTC Shopify,281,4347.46,1484.13
2026-05,BTR-1202,Home Depot,796,8305.62,4204.15
2026-05,BTR-1202,Lowe's,563,5874.45,2973.54
2026-05,BTR-1202,Target,412,4298.89,2176.02
2026-05,BTR-1202,Walmart,618,6448.34,3264.03
2026-05,BTR-1202,Costco,365,3808.48,1927.78
2026-05,BTR-1202,Kroger,183,1909.46,966.53
2026-05,BTR-1202,Whole Foods,141,1471.22,744.71
2026-05,BTR-1202,Amazon,440,6807.42,2323.9
2026-05,BTR-1202,DTC Shopify,233,3604.84,1230.61
2026-06,BTR-1202,Home Depot,935,9755.98,4938.3
2026-06,BTR-1202,Lowe's,543,5665.77,2867.91
2026-06,BTR-1202,Target,564,5884.89,2978.82
2026-06,BTR-1202,Walmart,565,5895.32,2984.1
2026-06,BTR-1202,Costco,344,3589.36,1816.87
2026-06,BTR-1202,Kroger,206,2149.45,1088.01
2026-06,BTR-1202,Whole Foods,182,1899.02,961.25
2026-06,BTR-1202,Amazon,486,7519.1,2566.86
2026-06,BTR-1202,DTC Shopify,214,3310.88,1130.26
2026-07,BTR-1202,Home Depot,857,8942.11,4526.33
2026-07,BTR-1202,Lowe's,510,5321.44,2693.62
2026-07,BTR-1202,Target,513,5352.74,2709.46
2026-07,BTR-1202,Walmart,686,7157.86,3623.18
2026-07,BTR-1202,Costco,357,3725.01,1885.53
2026-07,BTR-1202,Kroger,211,2201.62,1114.42
2026-07,BTR-1202,Whole Foods,203,2118.14,1072.16
2026-07,BTR-1202,Amazon,409,6327.8,2160.17
2026-07,BTR-1202,DTC Shopify,223,3450.12,1177.8
2026-08,BTR-1202,Home Depot,722,7533.49,3813.32
2026-08,BTR-1202,Lowe's,510,5321.44,2693.62
2026-08,BTR-1202,Target,399,4163.25,2107.36
2026-08,BTR-1202,Walmart,454,4737.13,2397.85
2026-08,BTR-1202,Costco,256,2671.16,1352.09
2026-08,BTR-1202,Kroger,202,2107.71,1066.88
2026-08,BTR-1202,Whole Foods,138,1439.92,728.86
2026-08,BTR-1202,Amazon,380,5879.13,2007.01
2026-08,BTR-1202,DTC Shopify,183,2831.27,966.53
2024-09,BTR-1203,Home Depot,564,5884.89,2978.82
2024-09,BTR-1203,Lowe's,287,2994.62,1515.82
2024-09,BTR-1203,Target,386,4027.6,2038.7
2024-09,BTR-1203,Walmart,443,4622.35,2339.75
2024-09,BTR-1203,Costco,217,2264.22,1146.11
2024-09,BTR-1203,Kroger,139,1450.35,734.14
2024-09,BTR-1203,Whole Foods,111,1158.2,586.26
2024-09,BTR-1203,Amazon,335,5182.92,1769.34
2024-09,BTR-1203,DTC Shopify,172,2661.08,908.44
2024-10,BTR-1203,Home Depot,415,4330.19,2191.86
2024-10,BTR-1203,Lowe's,267,2785.93,1410.19
2024-10,BTR-1203,Target,262,2733.76,1383.78
2024-10,BTR-1203,Walmart,249,2598.12,1315.12
2024-10,BTR-1203,Costco,166,1732.08,876.75
2024-10,BTR-1203,Kroger,85,886.91,448.94
2024-10,BTR-1203,Whole Foods,84,876.47,443.65
2024-10,BTR-1203,Amazon,208,3218.05,1098.57
2024-10,BTR-1203,DTC Shopify,97,1500.73,512.32
2024-11,BTR-1203,Home Depot,682,7116.12,3602.05
2024-11,BTR-1203,Lowe's,586,6114.44,3095.02
2024-11,BTR-1203,Target,539,5624.03,2846.78
2024-11,BTR-1203,Walmart,668,6970.05,3528.11
2024-11,BTR-1203,Costco,308,3213.73,1626.73
2024-11,BTR-1203,Kroger,193,2013.8,1019.35
2024-11,BTR-1203,Whole Foods,163,1700.77,860.9
2024-11,BTR-1203,Amazon,428,6621.76,2260.52
2024-11,BTR-1203,DTC Shopify,257,3976.15,1357.37
2024-12,BTR-1203,Home Depot,675,7043.08,3565.08
2024-12,BTR-1203,Lowe's,524,5467.52,2767.56
2024-12,BTR-1203,Target,506,5279.71,2672.49
2024-12,BTR-1203,Walmart,553,5770.11,2920.72
2024-12,BTR-1203,Costco,305,3182.43,1610.89
2024-12,BTR-1203,Kroger,199,2076.41,1051.04
2024-12,BTR-1203,Whole Foods,152,1586.0,802.8
2024-12,BTR-1203,Amazon,388,6002.9,2049.26
2024-12,BTR-1203,DTC Shopify,189,2924.09,998.22
2025-01,BTR-1203,Home Depot,417,4351.06,2202.43
2025-01,BTR-1203,Lowe's,280,2921.58,1478.85
2025-01,BTR-1203,Target,267,2785.93,1410.19
2025-01,BTR-1203,Walmart,323,3370.25,1705.96
2025-01,BTR-1203,Costco,166,1732.08,876.75
2025-01,BTR-1203,Kroger,118,1231.24,623.23
2025-01,BTR-1203,Whole Foods,89,928.64,470.06
2025-01,BTR-1203,Amazon,236,3651.25,1246.46
2025-01,BTR-1203,DTC Shopify,117,1810.15,617.95
2025-02,BTR-1203,Home Depot,587,6124.88,3100.3
2025-02,BTR-1203,Lowe's,449,4684.96,2371.44
2025-02,BTR-1203,Target,377,3933.69,1991.16
2025-02,BTR-1203,Walmart,369,3850.22,1948.91
2025-02,BTR-1203,Costco,242,2525.08,1278.15
2025-02,BTR-1203,Kroger,151,1575.56,797.52
2025-02,BTR-1203,Whole Foods,129,1346.01,681.33
2025-02,BTR-1203,Amazon,257,3976.15,1357.37
2025-02,BTR-1203,DTC Shopify,144,2227.88,760.55
2025-03,BTR-1203,Home Depot,650,6782.23,3433.04
2025-03,BTR-1203,Lowe's,609,6354.43,3216.49
2025-03,BTR-1203,Target,375,3912.82,1980.6
2025-03,BTR-1203,Walmart,577,6020.53,3047.48
2025-03,BTR-1203,Costco,289,3015.48,1526.38
2025-03,BTR-1203,Kroger,221,2305.96,1167.23
2025-03,BTR-1203,Whole Foods,162,1690.34,855.62
2025-03,BTR-1203,Amazon,386,5971.96,2038.7
2025-03,BTR-1203,DTC Shopify,233,3604.84,1230.61
2025-04,BTR-1203,Home Depot,661,6897.01,3491.14
2025-04,BTR-1203,Lowe's,634,6615.28,3348.53
2025-04,BTR-1203,Target,434,4528.44,2292.21
2025-04,BTR-1203,Walmart,624,6510.94,3295.72
2025-04,BTR-1203,Costco,371,3871.09,1959.47
2025-04,BTR-1203,Kroger,221,2305.96,1167.23
2025-04,BTR-1203,Whole Foods,178,1857.29,940.12
2025-04,BTR-1203,Amazon,464,7178.73,2450.66
2025-04,BTR-1203,DTC Shopify,260,4022.56,1373.22
2025-05,BTR-1203,Home Depot,1084,11310.67,5725.25
2025-05,BTR-1203,Lowe's,682,7116.12,3602.05
2025-05,BTR-1203,Target,629,6563.11,3322.13
2025-05,BTR-1203,Walmart,688,7178.73,3633.74
2025-05,BTR-1203,Costco,460,4799.73,2429.54
2025-05,BTR-1203,Kroger,229,2389.43,1209.49
2025-05,BTR-1203,Whole Foods,250,2608.55,1320.4
2025-05,BTR-1203,Amazon,569,8803.23,3005.23
2025-05,BTR-1203,DTC Shopify,255,3945.21,1346.81
2025-06,BTR-1203,Home Depot,600,6260.52,3168.96
2025-06,BTR-1203,Lowe's,375,3912.82,1980.6
2025-06,BTR-1203,Target,409,4267.59,2160.17
2025-06,BTR-1203,Walmart,547,5707.51,2889.04
2025-06,BTR-1203,Costco,323,3370.25,1705.96
2025-06,BTR-1203,Kroger,182,1899.02,961.25
2025-06,BTR-1203,Whole Foods,142,1481.66,749.99
2025-06,BTR-1203,Amazon,361,5585.18,1906.66
2025-06,BTR-1203,DTC Shopify,157,2429.01,829.21
2025-07,BTR-1203,Home Depot,522,5446.65,2757.0
2025-07,BTR-1203,Lowe's,395,4121.51,2086.23
2025-07,BTR-1203,Target,336,3505.89,1774.62
2025-07,BTR-1203,Walmart,393,4100.64,2075.67
2025-07,BTR-1203,Costco,225,2347.69,1188.36
2025-07,BTR-1203,Kroger,140,1460.79,739.42
2025-07,BTR-1203,Whole Foods,114,1189.5,602.1
2025-07,BTR-1203,Amazon,238,3682.19,1257.02
2025-07,BTR-1203,DTC Shopify,160,2475.42,845.06
2025-08,BTR-1203,Home Depot,567,5916.19,2994.67
2025-08,BTR-1203,Lowe's,386,4027.6,2038.7
2025-08,BTR-1203,Target,315,3286.77,1663.7
2025-08,BTR-1203,Walmart,377,3933.69,1991.16
2025-08,BTR-1203,Costco,227,2368.56,1198.92
2025-08,BTR-1203,Kroger,137,1429.49,723.58
2025-08,BTR-1203,Whole Foods,119,1241.67,628.51
2025-08,BTR-1203,Amazon,313,4842.55,1653.14
2025-08,BTR-1203,DTC Shopify,164,2537.31,866.18
2025-09,BTR-1203,Home Depot,875,9129.92,4621.4
2025-09,BTR-1203,Lowe's,555,5790.98,2931.29
2025-09,BTR-1203,Target,479,4997.98,2529.89
2025-09,BTR-1203,Walmart,610,6364.86,3221.78
2025-09,BTR-1203,Costco,377,3933.69,1991.16
2025-09,BTR-1203,Kroger,218,2274.66,1151.39
2025-09,BTR-1203,Whole Foods,184,1919.89,971.81
2025-09,BTR-1203,Amazon,481,7441.74,2540.45
2025-09,BTR-1203,DTC Shopify,230,3558.42,1214.77
2025-10,BTR-1203,Home Depot,756,7888.26,3992.89
2025-10,BTR-1203,Lowe's,469,4893.64,2477.07
2025-10,BTR-1203,Target,399,4163.25,2107.36
2025-10,BTR-1203,Walmart,471,4914.51,2487.63
2025-10,BTR-1203,Costco,291,3036.35,1536.95
2025-10,BTR-1203,Kroger,184,1919.89,971.81
2025-10,BTR-1203,Whole Foods,154,1606.87,813.37
2025-10,BTR-1203,Amazon,398,6157.62,2102.08
2025-10,BTR-1203,DTC Shopify,194,3001.45,1024.63
2025-11,BTR-1203,Home Depot,1638,17091.22,8651.26
2025-11,BTR-1203,Lowe's,1044,10893.3,5513.99
2025-11,BTR-1203,Target,1123,11717.61,5931.24
2025-11,BTR-1203,Walmart,1015,10590.71,5360.82
2025-11,BTR-1203,Costco,654,6823.97,3454.17
2025-11,BTR-1203,Kroger,432,4507.57,2281.65
2025-11,BTR-1203,Whole Foods,289,3015.48,1526.38
2025-11,BTR-1203,Amazon,767,11866.56,4050.99
2025-11,BTR-1203,DTC Shopify,483,7472.69,2551.01
2025-12,BTR-1203,Home Depot,716,7470.89,3781.63
2025-12,BTR-1203,Lowe's,406,4236.29,2144.33
2025-12,BTR-1203,Target,366,3818.92,1933.07
2025-12,BTR-1203,Walmart,439,4580.61,2318.62
2025-12,BTR-1203,Costco,266,2775.5,1404.91
2025-12,BTR-1203,Kroger,159,1659.04,839.77
2025-12,BTR-1203,Whole Foods,139,1450.35,734.14
2025-12,BTR-1203,Amazon,419,6482.52,2212.99
2025-12,BTR-1203,DTC Shopify,164,2537.31,866.18
2026-01,BTR-1203,Home Depot,472,4924.94,2492.92
2026-01,BTR-1203,Lowe's,323,3370.25,1705.96
2026-01,BTR-1203,Target,333,3474.59,1758.77
2026-01,BTR-1203,Walmart,387,4038.04,2043.98
2026-01,BTR-1203,Costco,207,2159.88,1093.29
2026-01,BTR-1203,Kroger,108,1126.89,570.41
2026-01,BTR-1203,Whole Foods,99,1032.99,522.88
2026-01,BTR-1203,Amazon,218,3372.77,1151.39
2026-01,BTR-1203,DTC Shopify,114,1763.74,602.1
2026-02,BTR-1203,Home Depot,509,5311.01,2688.33
2026-02,BTR-1203,Lowe's,296,3088.52,1563.35
2026-02,BTR-1203,Target,266,2775.5,1404.91
2026-02,BTR-1203,Walmart,297,3098.96,1568.64
2026-02,BTR-1203,Costco,183,1909.46,966.53
2026-02,BTR-1203,Kroger,139,1450.35,734.14
2026-02,BTR-1203,Whole Foods,91,949.51,480.63
2026-02,BTR-1203,Amazon,272,4208.22,1436.6
2026-02,BTR-1203,DTC Shopify,119,1841.1,628.51
2026-03,BTR-1203,Home Depot,670,6990.91,3538.67
2026-03,BTR-1203,Lowe's,476,4966.68,2514.04
2026-03,BTR-1203,Target,414,4319.76,2186.58
2026-03,BTR-1203,Walmart,491,5123.19,2593.27
2026-03,BTR-1203,Costco,271,2827.67,1431.31
2026-03,BTR-1203,Kroger,219,2285.09,1156.67
2026-03,BTR-1203,Whole Foods,164,1711.21,866.18
2026-03,BTR-1203,Amazon,404,6250.45,2133.77
2026-03,BTR-1203,DTC Shopify,196,3032.39,1035.19
2026-04,BTR-1203,Home Depot,821,8566.48,4336.19
2026-04,BTR-1203,Lowe's,647,6750.93,3417.2
2026-04,BTR-1203,Target,480,5008.42,2535.17
2026-04,BTR-1203,Walmart,569,5937.06,3005.23
2026-04,BTR-1203,Costco,387,4038.04,2043.98
2026-04,BTR-1203,Kroger,238,2483.34,1257.02
2026-04,BTR-1203,Whole Foods,197,2055.54,1040.48
2026-04,BTR-1203,Amazon,393,6080.26,2075.67
2026-04,BTR-1203,DTC Shopify,247,3821.44,1304.56
2026-05,BTR-1203,Home Depot,855,8921.24,4515.77
2026-05,BTR-1203,Lowe's,607,6333.56,3205.93
2026-05,BTR-1203,Target,582,6072.7,3073.89
2026-05,BTR-1203,Walmart,689,7189.16,3639.02
2026-05,BTR-1203,Costco,378,3944.13,1996.44
2026-05,BTR-1203,Kroger,267,2785.93,1410.19
2026-05,BTR-1203,Whole Foods,170,1773.81,897.87
2026-05,BTR-1203,Amazon,546,8447.38,2883.75
2026-05,BTR-1203,DTC Shopify,278,4301.05,1468.28
2026-06,BTR-1203,Home Depot,725,7564.79,3829.16
2026-06,BTR-1203,Lowe's,527,5498.82,2783.4
2026-06,BTR-1203,Target,452,4716.26,2387.28
2026-06,BTR-1203,Walmart,513,5352.74,2709.46
2026-06,BTR-1203,Costco,380,3965.0,2007.01
2026-06,BTR-1203,Kroger,214,2232.92,1130.26
2026-06,BTR-1203,Whole Foods,126,1314.71,665.48
2026-06,BTR-1203,Amazon,422,6528.93,2228.84
2026-06,BTR-1203,DTC Shopify,202,3125.22,1066.88
2026-07,BTR-1203,Home Depot,574,5989.23,3031.64
2026-07,BTR-1203,Lowe's,355,3704.14,1874.97
2026-07,BTR-1203,Target,330,3443.29,1742.93
2026-07,BTR-1203,Walmart,474,4945.81,2503.48
2026-07,BTR-1203,Costco,210,2191.18,1109.14
2026-07,BTR-1203,Kroger,140,1460.79,739.42
2026-07,BTR-1203,Whole Foods,115,1199.93,607.38
2026-07,BTR-1203,Amazon,337,5213.86,1779.9
2026-07,BTR-1203,DTC Shopify,148,2289.77,781.68
2026-08,BTR-1203,Home Depot,517,5394.48,2730.59
2026-08,BTR-1203,Lowe's,380,3965.0,2007.01
2026-08,BTR-1203,Target,339,3537.19,1790.46
2026-08,BTR-1203,Walmart,319,3328.51,1684.83
2026-08,BTR-1203,Costco,209,2180.75,1103.85
2026-08,BTR-1203,Kroger,138,1439.92,728.86
2026-08,BTR-1203,Whole Foods,101,1053.85,533.44
2026-08,BTR-1203,Amazon,315,4873.49,1663.7
2026-08,BTR-1203,DTC Shopify,137,2119.58,723.58
2024-09,BTR-1204,Home Depot,394,9138.51,4794.35
2024-09,BTR-1204,Lowe's,256,5937.72,3115.11
2024-09,BTR-1204,Target,253,5868.13,3078.61
2024-09,BTR-1204,Walmart,295,6842.29,3589.68
2024-09,BTR-1204,Costco,185,4290.93,2251.15
2024-09,BTR-1204,Kroger,103,2389.0,1253.35
2024-09,BTR-1204,Whole Foods,87,2017.9,1058.65
2024-09,BTR-1204,Amazon,186,6396.8,2263.32
2024-09,BTR-1204,DTC Shopify,111,3817.45,1350.69
2024-10,BTR-1204,Home Depot,444,10298.22,5402.77
2024-10,BTR-1204,Lowe's,303,7027.84,3687.03
2024-10,BTR-1204,Target,263,6100.07,3200.29
2024-10,BTR-1204,Walmart,272,6308.82,3309.8
2024-10,BTR-1204,Costco,172,3989.4,2092.96
2024-10,BTR-1204,Kroger,114,2644.14,1387.2
2024-10,BTR-1204,Whole Foods,83,1925.12,1009.98
2024-10,BTR-1204,Amazon,191,6568.76,2324.16
2024-10,BTR-1204,DTC Shopify,104,3576.71,1265.51
2024-11,BTR-1204,Home Depot,538,12478.48,6546.6
2024-11,BTR-1204,Lowe's,366,8489.08,4453.63
2024-11,BTR-1204,Target,272,6308.82,3309.8
2024-11,BTR-1204,Walmart,421,9764.76,5122.9
2024-11,BTR-1204,Costco,256,5937.72,3115.11
2024-11,BTR-1204,Kroger,135,3131.22,1642.73
2024-11,BTR-1204,Whole Foods,116,2690.53,1411.53
2024-11,BTR-1204,Amazon,311,10695.73,3784.37
2024-11,BTR-1204,DTC Shopify,156,5365.06,1898.27
2024-12,BTR-1204,Home Depot,474,10994.05,5767.82
2024-12,BTR-1204,Lowe's,322,7468.53,3918.22
2024-12,BTR-1204,Target,294,6819.09,3577.51
2024-12,BTR-1204,Walmart,385,8929.77,4684.83
2024-12,BTR-1204,Costco,206,4778.01,2506.69
2024-12,BTR-1204,Kroger,106,2458.59,1289.85
2024-12,BTR-1204,Whole Foods,106,2458.59,1289.85
2024-12,BTR-1204,Amazon,227,7806.85,2762.23
2024-12,BTR-1204,DTC Shopify,131,4505.27,1594.06
2025-01,BTR-1204,Home Depot,335,7770.06,4076.41
2025-01,BTR-1204,Lowe's,301,6981.45,3662.69
2025-01,BTR-1204,Target,257,5960.91,3127.28
2025-01,BTR-1204,Walmart,306,7097.43,3723.53
2025-01,BTR-1204,Costco,209,4847.59,2543.2
2025-01,BTR-1204,Kroger,88,2041.09,1070.82
2025-01,BTR-1204,Whole Foods,84,1948.31,1022.15
2025-01,BTR-1204,Amazon,257,8838.59,3127.28
2025-01,BTR-1204,DTC Shopify,145,4986.75,1764.42
2025-02,BTR-1204,Home Depot,488,11318.77,5938.18
2025-02,BTR-1204,Lowe's,294,6819.09,3577.51
2025-02,BTR-1204,Target,305,7074.23,3711.36
2025-02,BTR-1204,Walmart,355,8233.94,4319.78
2025-02,BTR-1204,Costco,244,5659.38,2969.09
2025-02,BTR-1204,Kroger,139,3223.99,1691.41
2025-02,BTR-1204,Whole Foods,122,2829.69,1484.54
2025-02,BTR-1204,Amazon,268,9216.9,3261.13
2025-02,BTR-1204,DTC Shopify,145,4986.75,1764.42
2025-03,BTR-1204,Home Depot,650,15076.23,7909.46
2025-03,BTR-1204,Lowe's,437,10135.87,5317.59
2025-03,BTR-1204,Target,486,11272.38,5913.84
2025-03,BTR-1204,Walmart,597,13846.94,7264.53
2025-03,BTR-1204,Costco,271,6285.63,3297.64
2025-03,BTR-1204,Kroger,154,3571.91,1873.93
2025-03,BTR-1204,Whole Foods,162,3757.46,1971.28
2025-03,BTR-1204,Amazon,317,10902.07,3857.38
2025-03,BTR-1204,DTC Shopify,201,6912.67,2445.85
2025-04,BTR-1204,Home Depot,1081,25072.93,13154.04
2025-04,BTR-1204,Lowe's,883,20480.48,10744.7
2025-04,BTR-1204,Target,817,18949.66,9941.58
2025-04,BTR-1204,Walmart,1017,23588.5,12375.26
2025-04,BTR-1204,Costco,463,10738.91,5633.97
2025-04,BTR-1204,Kroger,280,6494.38,3407.15
2025-04,BTR-1204,Whole Foods,306,7097.43,3723.53
2025-04,BTR-1204,Amazon,712,24486.68,8663.9
2025-04,BTR-1204,DTC Shopify,356,12243.34,4331.95
2025-05,BTR-1204,Home Depot,588,13638.19,7155.02
2025-05,BTR-1204,Lowe's,478,11086.83,5816.5
2025-05,BTR-1204,Target,424,9834.34,5159.4
2025-05,BTR-1204,Walmart,564,13081.53,6862.98
2025-05,BTR-1204,Costco,310,7190.2,3772.2
2025-05,BTR-1204,Kroger,210,4870.78,2555.36
2025-05,BTR-1204,Whole Foods,174,4035.79,2117.3
2025-05,BTR-1204,Amazon,364,12518.47,4429.3
2025-05,BTR-1204,DTC Shopify,206,7084.63,2506.69
2025-06,BTR-1204,Home Depot,504,11689.88,6132.87
2025-06,BTR-1204,Lowe's,328,7607.7,3991.24
2025-06,BTR-1204,Target,385,8929.77,4684.83
2025-06,BTR-1204,Walmart,429,9950.31,5220.24
2025-06,BTR-1204,Costco,188,4360.51,2287.66
2025-06,BTR-1204,Kroger,146,3386.35,1776.59
2025-06,BTR-1204,Whole Foods,116,2690.53,1411.53
2025-06,BTR-1204,Amazon,325,11177.2,3954.73
2025-06,BTR-1204,DTC Shopify,153,5261.88,1861.77
2025-07,BTR-1204,Home Depot,456,10576.56,5548.79
2025-07,BTR-1204,Lowe's,317,7352.56,3857.38
2025-07,BTR-1204,Target,272,6308.82,3309.8
2025-07,BTR-1204,Walmart,283,6563.96,3443.66
2025-07,BTR-1204,Costco,169,3919.82,2056.46
2025-07,BTR-1204,Kroger,92,2133.87,1119.49
2025-07,BTR-1204,Whole Foods,84,1948.31,1022.15
2025-07,BTR-1204,Amazon,272,9354.46,3309.8
2025-07,BTR-1204,DTC Shopify,115,3955.01,1399.37
2025-08,BTR-1204,Home Depot,651,15099.42,7921.63
2025-08,BTR-1204,Lowe's,413,9579.2,5025.55
2025-08,BTR-1204,Target,409,9486.43,4976.88
2025-08,BTR-1204,Walmart,410,9509.62,4989.04
2025-08,BTR-1204,Costco,296,6865.48,3601.85
2025-08,BTR-1204,Kroger,179,4151.76,2178.14
2025-08,BTR-1204,Whole Foods,150,3479.13,1825.26
2025-08,BTR-1204,Amazon,356,12243.34,4331.95
2025-08,BTR-1204,DTC Shopify,194,6671.93,2360.67
2025-09,BTR-1204,Home Depot,450,10437.39,5475.78
2025-09,BTR-1204,Lowe's,298,6911.87,3626.18
2025-09,BTR-1204,Target,347,8048.39,4222.43
2025-09,BTR-1204,Walmart,343,7955.61,4173.76
2025-09,BTR-1204,Costco,162,3757.46,1971.28
2025-09,BTR-1204,Kroger,115,2667.33,1399.37
2025-09,BTR-1204,Whole Foods,101,2342.61,1229.01
2025-09,BTR-1204,Amazon,254,8735.42,3090.77
2025-09,BTR-1204,DTC Shopify,148,5089.93,1800.92
2025-10,BTR-1204,Home Depot,557,12919.17,6777.8
2025-10,BTR-1204,Lowe's,412,9556.01,5013.38
2025-10,BTR-1204,Target,283,6563.96,3443.66
2025-10,BTR-1204,Walmart,389,9022.54,4733.51
2025-10,BTR-1204,Costco,250,5798.55,3042.1
2025-10,BTR-1204,Kroger,146,3386.35,1776.59
2025-10,BTR-1204,Whole Foods,130,3015.25,1581.89
2025-10,BTR-1204,Amazon,292,10042.29,3553.17
2025-10,BTR-1204,DTC Shopify,148,5089.93,1800.92
2025-11,BTR-1204,Home Depot,1310,30384.4,15940.6
2025-11,BTR-1204,Lowe's,852,19761.46,10367.48
2025-11,BTR-1204,Target,740,17163.71,9004.62
2025-11,BTR-1204,Walmart,1188,27554.71,14456.06
2025-11,BTR-1204,Costco,638,14797.9,7763.44
2025-11,BTR-1204,Kroger,424,9834.34,5159.4
2025-11,BTR-1204,Whole Foods,296,6865.48,3601.85
2025-11,BTR-1204,Amazon,845,29060.73,10282.3
2025-11,BTR-1204,DTC Shopify,416,14306.82,5062.05
2025-12,BTR-1204,Home Depot,563,13058.33,6850.81
2025-12,BTR-1204,Lowe's,359,8326.72,4368.46
2025-12,BTR-1204,Target,343,7955.61,4173.76
2025-12,BTR-1204,Walmart,423,9811.15,5147.23
2025-12,BTR-1204,Costco,255,5914.52,3102.94
2025-12,BTR-1204,Kroger,128,2968.86,1557.56
2025-12,BTR-1204,Whole Foods,108,2504.97,1314.19
2025-12,BTR-1204,Amazon,277,9526.42,3370.65
2025-12,BTR-1204,DTC Shopify,162,5571.41,1971.28
2026-01,BTR-1204,Home Depot,464,10762.11,5646.14
2026-01,BTR-1204,Lowe's,342,7932.42,4161.59
2026-01,BTR-1204,Target,329,7630.89,4003.4
2026-01,BTR-1204,Walmart,361,8373.11,4392.79
2026-01,BTR-1204,Costco,221,5125.92,2689.22
2026-01,BTR-1204,Kroger,138,3200.8,1679.24
2026-01,BTR-1204,Whole Foods,128,2968.86,1557.56
2026-01,BTR-1204,Amazon,264,9079.33,3212.46
2026-01,BTR-1204,DTC Shopify,142,4883.58,1727.91
2026-02,BTR-1204,Home Depot,399,9254.49,4855.19
2026-02,BTR-1204,Lowe's,272,6308.82,3309.8
2026-02,BTR-1204,Target,207,4801.2,2518.86
2026-02,BTR-1204,Walmart,256,5937.72,3115.11
2026-02,BTR-1204,Costco,151,3502.32,1837.43
2026-02,BTR-1204,Kroger,86,1994.7,1046.48
2026-02,BTR-1204,Whole Foods,70,1623.59,851.79
2026-02,BTR-1204,Amazon,196,6740.71,2385.01
2026-02,BTR-1204,DTC Shopify,92,3164.01,1119.49
2026-03,BTR-1204,Home Depot,1180,27369.16,14358.71
2026-03,BTR-1204,Lowe's,792,18369.81,9637.37
2026-03,BTR-1204,Target,752,17442.04,9150.64
2026-03,BTR-1204,Walmart,719,16676.63,8749.08
2026-03,BTR-1204,Costco,501,11620.29,6096.37
2026-03,BTR-1204,Kroger,340,7886.03,4137.26
2026-03,BTR-1204,Whole Foods,264,6123.27,3212.46
2026-03,BTR-1204,Amazon,728,25036.94,8858.6
2026-03,BTR-1204,DTC Shopify,352,12105.77,4283.28
2026-04,BTR-1204,Home Depot,612,14194.85,7447.06
2026-04,BTR-1204,Lowe's,459,10646.14,5585.3
2026-04,BTR-1204,Target,375,8697.82,4563.15
2026-04,BTR-1204,Walmart,486,11272.38,5913.84
2026-04,BTR-1204,Costco,310,7190.2,3772.2
2026-04,BTR-1204,Kroger,183,4244.54,2226.82
2026-04,BTR-1204,Whole Foods,163,3780.65,1983.45
2026-04,BTR-1204,Amazon,367,12621.64,4465.8
2026-04,BTR-1204,DTC Shopify,188,6465.58,2287.66
2026-05,BTR-1204,Home Depot,603,13986.1,7337.55
2026-05,BTR-1204,Lowe's,493,11434.74,5999.02
2026-05,BTR-1204,Target,382,8860.18,4648.33
2026-05,BTR-1204,Walmart,422,9787.95,5135.06
2026-05,BTR-1204,Costco,260,6030.49,3163.78
2026-05,BTR-1204,Kroger,190,4406.9,2312.0
2026-05,BTR-1204,Whole Foods,157,3641.49,1910.44
2026-05,BTR-1204,Amazon,351,12071.38,4271.11
2026-05,BTR-1204,DTC Shopify,192,6603.15,2336.33
2026-06,BTR-1204,Home Depot,540,12524.87,6570.94
2026-06,BTR-1204,Lowe's,345,8002.0,4198.1
2026-06,BTR-1204,Target,351,8141.16,4271.11
2026-06,BTR-1204,Walmart,446,10344.61,5427.11
2026-06,BTR-1204,Costco,245,5682.58,2981.26
2026-06,BTR-1204,Kroger,176,4082.18,2141.64
2026-06,BTR-1204,Whole Foods,132,3061.63,1606.23
2026-06,BTR-1204,Amazon,345,11865.03,4198.1
2026-06,BTR-1204,DTC Shopify,171,5880.93,2080.8
2026-07,BTR-1204,Home Depot,293,6795.9,3565.34
2026-07,BTR-1204,Lowe's,230,5334.67,2798.73
2026-07,BTR-1204,Target,216,5009.95,2628.37
2026-07,BTR-1204,Walmart,210,4870.78,2555.36
2026-07,BTR-1204,Costco,122,2829.69,1484.54
2026-07,BTR-1204,Kroger,86,1994.7,1046.48
2026-07,BTR-1204,Whole Foods,74,1716.37,900.46
2026-07,BTR-1204,Amazon,173,5949.71,2105.13
2026-07,BTR-1204,DTC Shopify,100,3439.14,1216.84
2026-08,BTR-1204,Home Depot,495,11481.13,6023.36
2026-08,BTR-1204,Lowe's,355,8233.94,4319.78
2026-08,BTR-1204,Target,281,6517.57,3419.32
2026-08,BTR-1204,Walmart,389,9022.54,4733.51
2026-08,BTR-1204,Costco,224,5195.5,2725.72
2026-08,BTR-1204,Kroger,147,3409.55,1788.75
2026-08,BTR-1204,Whole Foods,114,2644.14,1387.2
2026-08,BTR-1204,Amazon,268,9216.9,3261.13
2026-08,BTR-1204,DTC Shopify,155,5330.67,1886.1
2024-09,BTR-1205,Home Depot,328,3802.9,1995.62
2024-09,BTR-1205,Lowe's,185,2144.93,1125.58
2024-09,BTR-1205,Target,217,2515.94,1320.27
2024-09,BTR-1205,Walmart,228,2643.48,1387.2
2024-09,BTR-1205,Costco,135,1565.22,821.37
2024-09,BTR-1205,Kroger,77,892.75,468.48
2024-09,BTR-1205,Whole Foods,63,730.43,383.3
2024-09,BTR-1205,Amazon,177,3042.88,1076.9
2024-09,BTR-1205,DTC Shopify,74,1272.16,450.23
2024-10,BTR-1205,Home Depot,442,5124.64,2689.22
2024-10,BTR-1205,Lowe's,326,3779.71,1983.45
2024-10,BTR-1205,Target,241,2794.2,1466.29
2024-10,BTR-1205,Walmart,318,3686.96,1934.78
2024-10,BTR-1205,Costco,166,1924.64,1009.98
2024-10,BTR-1205,Kroger,111,1286.96,675.35
2024-10,BTR-1205,Whole Foods,91,1055.07,553.66
2024-10,BTR-1205,Amazon,268,4607.3,1630.57
2024-10,BTR-1205,DTC Shopify,120,2062.97,730.1
2024-11,BTR-1205,Home Depot,387,4486.96,2354.59
2024-11,BTR-1205,Lowe's,279,3234.78,1697.49
2024-11,BTR-1205,Target,266,3084.06,1618.4
2024-11,BTR-1205,Walmart,259,3002.9,1575.81
2024-11,BTR-1205,Costco,141,1634.78,857.87
2024-11,BTR-1205,Kroger,112,1298.55,681.43
2024-11,BTR-1205,Whole Foods,91,1055.07,553.66
2024-11,BTR-1205,Amazon,201,3455.47,1222.92
2024-11,BTR-1205,DTC Shopify,102,1753.52,620.59
2024-12,BTR-1205,Home Depot,515,5971.01,3133.36
2024-12,BTR-1205,Lowe's,353,4092.75,2147.72
2024-12,BTR-1205,Target,253,2933.33,1539.3
2024-12,BTR-1205,Walmart,394,4568.11,2397.17
2024-12,BTR-1205,Costco,194,2249.27,1180.33
2024-12,BTR-1205,Kroger,144,1669.56,876.12
2024-12,BTR-1205,Whole Foods,105,1217.39,638.84
2024-12,BTR-1205,Amazon,253,4349.42,1539.3
2024-12,BTR-1205,DTC Shopify,138,2372.41,839.62
2025-01,BTR-1205,Home Depot,317,3675.36,1928.69
2025-01,BTR-1205,Lowe's,200,2318.84,1216.84
2025-01,BTR-1205,Target,190,2202.9,1156.0
2025-01,BTR-1205,Walmart,251,2910.14,1527.13
2025-01,BTR-1205,Costco,132,1530.43,803.11
2025-01,BTR-1205,Kroger,63,730.43,383.3
2025-01,BTR-1205,Whole Foods,78,904.35,474.57
2025-01,BTR-1205,Amazon,169,2905.35,1028.23
2025-01,BTR-1205,DTC Shopify,76,1306.55,462.4
2025-02,BTR-1205,Home Depot,495,5739.13,3011.68
2025-02,BTR-1205,Lowe's,318,3686.96,1934.78
2025-02,BTR-1205,Target,283,3281.16,1721.83
2025-02,BTR-1205,Walmart,287,3327.54,1746.17
2025-02,BTR-1205,Costco,164,1901.45,997.81
2025-02,BTR-1205,Kroger,91,1055.07,553.66
2025-02,BTR-1205,Whole Foods,96,1113.04,584.08
2025-02,BTR-1205,Amazon,173,2974.11,1052.57
2025-02,BTR-1205,DTC Shopify,102,1753.52,620.59
2025-03,BTR-1205,Home Depot,514,5959.42,3127.28
2025-03,BTR-1205,Lowe's,431,4997.1,2622.29
2025-03,BTR-1205,Target,292,3385.51,1776.59
2025-03,BTR-1205,Walmart,435,5043.48,2646.63
2025-03,BTR-1205,Costco,266,3084.06,1618.4
2025-03,BTR-1205,Kroger,165,1913.04,1003.89
2025-03,BTR-1205,Whole Foods,113,1310.14,687.51
2025-03,BTR-1205,Amazon,296,5088.65,1800.92
2025-03,BTR-1205,DTC Shopify,173,2974.11,1052.57
2025-04,BTR-1205,Home Depot,516,5982.61,3139.45
2025-04,BTR-1205,Lowe's,374,4336.23,2275.49
2025-04,BTR-1205,Target,302,3501.45,1837.43
2025-04,BTR-1205,Walmart,402,4660.87,2445.85
2025-04,BTR-1205,Costco,301,3489.85,1831.34
2025-04,BTR-1205,Kroger,143,1657.97,870.04
2025-04,BTR-1205,Whole Foods,123,1426.09,748.36
2025-04,BTR-1205,Amazon,251,4315.04,1527.13
2025-04,BTR-1205,DTC Shopify,151,2595.9,918.71
2025-05,BTR-1205,Home Depot,600,6956.52,3650.52
2025-05,BTR-1205,Lowe's,418,4846.38,2543.2
2025-05,BTR-1205,Target,289,3350.72,1758.33
2025-05,BTR-1205,Walmart,424,4915.94,2579.7
2025-05,BTR-1205,Costco,239,2771.01,1454.12
2025-05,BTR-1205,Kroger,116,1344.93,705.77
2025-05,BTR-1205,Whole Foods,126,1460.87,766.61
2025-05,BTR-1205,Amazon,330,5673.16,2007.79
2025-05,BTR-1205,DTC Shopify,169,2905.35,1028.23
2025-06,BTR-1205,Home Depot,327,3791.3,1989.53
2025-06,BTR-1205,Lowe's,248,2875.36,1508.88
2025-06,BTR-1205,Target,211,2446.38,1283.77
2025-06,BTR-1205,Walmart,253,2933.33,1539.3
2025-06,BTR-1205,Costco,131,1518.84,797.03
2025-06,BTR-1205,Kroger,76,881.16,462.4
2025-06,BTR-1205,Whole Foods,64,742.03,389.39
2025-06,BTR-1205,Amazon,133,2286.46,809.2
2025-06,BTR-1205,DTC Shopify,78,1340.93,474.57
2025-07,BTR-1205,Home Depot,294,3408.69,1788.75
2025-07,BTR-1205,Lowe's,195,2260.87,1186.42
2025-07,BTR-1205,Target,164,1901.45,997.81
2025-07,BTR-1205,Walmart,233,2701.45,1417.62
2025-07,BTR-1205,Costco,147,1704.35,894.38
2025-07,BTR-1205,Kroger,70,811.59,425.89
2025-07,BTR-1205,Whole Foods,60,695.65,365.05
2025-07,BTR-1205,Amazon,141,2423.99,857.87
2025-07,BTR-1205,DTC Shopify,67,1151.82,407.64
2025-08,BTR-1205,Home Depot,311,3605.8,1892.19
2025-08,BTR-1205,Lowe's,239,2771.01,1454.12
2025-08,BTR-1205,Target,236,2736.23,1435.87
2025-08,BTR-1205,Walmart,266,3084.06,1618.4
2025-08,BTR-1205,Costco,152,1762.32,924.8
2025-08,BTR-1205,Kroger,118,1368.12,717.94
2025-08,BTR-1205,Whole Foods,81,939.13,492.82
2025-08,BTR-1205,Amazon,205,3524.24,1247.26
2025-08,BTR-1205,DTC Shopify,85,1461.27,517.16
2025-09,BTR-1205,Home Depot,428,4962.32,2604.04
2025-09,BTR-1205,Lowe's,236,2736.23,1435.87
2025-09,BTR-1205,Target,218,2527.54,1326.36
2025-09,BTR-1205,Walmart,286,3315.94,1740.08
2025-09,BTR-1205,Costco,161,1866.67,979.56
2025-09,BTR-1205,Kroger,89,1031.88,541.49
2025-09,BTR-1205,Whole Foods,75,869.56,456.31
2025-09,BTR-1205,Amazon,236,4057.17,1435.87
2025-09,BTR-1205,DTC Shopify,116,1994.2,705.77
2025-10,BTR-1205,Home Depot,399,4626.09,2427.6
2025-10,BTR-1205,Lowe's,264,3060.87,1606.23
2025-10,BTR-1205,Target,187,2168.12,1137.75
2025-10,BTR-1205,Walmart,276,3200.0,1679.24
2025-10,BTR-1205,Costco,175,2028.98,1064.73
2025-10,BTR-1205,Kroger,116,1344.93,705.77
2025-10,BTR-1205,Whole Foods,88,1020.29,535.41
2025-10,BTR-1205,Amazon,180,3094.45,1095.16
2025-10,BTR-1205,DTC Shopify,103,1770.71,626.67
2025-11,BTR-1205,Home Depot,438,5078.26,2664.88
2025-11,BTR-1205,Lowe's,435,5043.48,2646.63
2025-11,BTR-1205,Target,419,4857.97,2549.28
2025-11,BTR-1205,Walmart,442,5124.64,2689.22
2025-11,BTR-1205,Costco,326,3779.71,1983.45
2025-11,BTR-1205,Kroger,172,1994.2,1046.48
2025-11,BTR-1205,Whole Foods,146,1692.75,888.29
2025-11,BTR-1205,Amazon,337,5793.5,2050.38
2025-11,BTR-1205,DTC Shopify,171,2939.73,1040.4
2025-12,BTR-1205,Home Depot,551,6388.4,3352.39
2025-12,BTR-1205,Lowe's,395,4579.71,2403.26
2025-12,BTR-1205,Target,361,4185.51,2196.4
2025-12,BTR-1205,Walmart,344,3988.4,2092.96
2025-12,BTR-1205,Costco,246,2852.17,1496.71
2025-12,BTR-1205,Kroger,156,1808.7,949.14
2025-12,BTR-1205,Whole Foods,112,1298.55,681.43
2025-12,BTR-1205,Amazon,250,4297.85,1521.05
2025-12,BTR-1205,DTC Shopify,131,2252.07,797.03
2026-01,BTR-1205,Home Depot,390,4521.74,2372.84
2026-01,BTR-1205,Lowe's,296,3431.88,1800.92
2026-01,BTR-1205,Target,213,2469.56,1295.93
2026-01,BTR-1205,Walmart,328,3802.9,1995.62
2026-01,BTR-1205,Costco,163,1889.85,991.72
2026-01,BTR-1205,Kroger,104,1205.8,632.76
2026-01,BTR-1205,Whole Foods,85,985.51,517.16
2026-01,BTR-1205,Amazon,221,3799.3,1344.61
2026-01,BTR-1205,DTC Shopify,132,2269.26,803.11
2026-02,BTR-1205,Home Depot,400,4637.68,2433.68
2026-02,BTR-1205,Lowe's,307,3559.42,1867.85
2026-02,BTR-1205,Target,282,3269.56,1715.74
2026-02,BTR-1205,Walmart,283,3281.16,1721.83
2026-02,BTR-1205,Costco,203,2353.62,1235.09
2026-02,BTR-1205,Kroger,143,1657.97,870.04
2026-02,BTR-1205,Whole Foods,84,973.91,511.07
2026-02,BTR-1205,Amazon,254,4366.62,1545.39
2026-02,BTR-1205,DTC Shopify,151,2595.9,918.71
2026-03,BTR-1205,Home Depot,596,6910.14,3626.18
2026-03,BTR-1205,Lowe's,375,4347.82,2281.57
2026-03,BTR-1205,Target,346,4011.59,2105.13
2026-03,BTR-1205,Walmart,391,4533.33,2378.92
2026-03,BTR-1205,Costco,228,2643.48,1387.2
2026-03,BTR-1205,Kroger,149,1727.54,906.55
2026-03,BTR-1205,Whole Foods,110,1275.36,669.26
2026-03,BTR-1205,Amazon,291,5002.7,1770.5
2026-03,BTR-1205,DTC Shopify,177,3042.88,1076.9
2026-04,BTR-1205,Home Depot,645,7478.26,3924.31
2026-04,BTR-1205,Lowe's,422,4892.75,2567.53
2026-04,BTR-1205,Target,345,4000.0,2099.05
2026-04,BTR-1205,Walmart,451,5228.98,2743.97
2026-04,BTR-1205,Costco,237,2747.83,1441.96
2026-04,BTR-1205,Kroger,151,1750.72,918.71
2026-04,BTR-1205,Whole Foods,135,1565.22,821.37
2026-04,BTR-1205,Amazon,389,6687.45,2366.75
2026-04,BTR-1205,DTC Shopify,219,3764.92,1332.44
2026-05,BTR-1205,Home Depot,601,6968.11,3656.6
2026-05,BTR-1205,Lowe's,374,4336.23,2275.49
2026-05,BTR-1205,Target,304,3524.64,1849.6
2026-05,BTR-1205,Walmart,419,4857.97,2549.28
2026-05,BTR-1205,Costco,206,2388.41,1253.35
2026-05,BTR-1205,Kroger,137,1588.41,833.54
2026-05,BTR-1205,Whole Foods,103,1194.2,626.67
2026-05,BTR-1205,Amazon,276,4744.83,1679.24
2026-05,BTR-1205,DTC Shopify,145,2492.75,882.21
2026-06,BTR-1205,Home Depot,493,5715.94,2999.51
2026-06,BTR-1205,Lowe's,328,3802.9,1995.62
2026-06,BTR-1205,Target,258,2991.3,1569.72
2026-06,BTR-1205,Walmart,348,4034.78,2117.3
2026-06,BTR-1205,Costco,172,1994.2,1046.48
2026-06,BTR-1205,Kroger,126,1460.87,766.61
2026-06,BTR-1205,Whole Foods,97,1124.64,590.17
2026-06,BTR-1205,Amazon,235,4039.98,1429.79
2026-06,BTR-1205,DTC Shopify,114,1959.82,693.6
2026-07,BTR-1205,Home Depot,328,3802.9,1995.62
2026-07,BTR-1205,Lowe's,213,2469.56,1295.93
2026-07,BTR-1205,Target,225,2608.69,1368.94
2026-07,BTR-1205,Walmart,310,3594.2,1886.1
2026-07,BTR-1205,Costco,179,2075.36,1089.07
2026-07,BTR-1205,Kroger,85,985.51,517.16
2026-07,BTR-1205,Whole Foods,79,915.94,480.65
2026-07,BTR-1205,Amazon,164,2819.39,997.81
2026-07,BTR-1205,DTC Shopify,115,1977.01,699.68
2026-08,BTR-1205,Home Depot,385,4463.77,2342.42
2026-08,BTR-1205,Lowe's,292,3385.51,1776.59
2026-08,BTR-1205,Target,256,2968.12,1557.56
2026-08,BTR-1205,Walmart,292,3385.51,1776.59
2026-08,BTR-1205,Costco,184,2133.33,1119.49
2026-08,BTR-1205,Kroger,107,1240.58,651.01
2026-08,BTR-1205,Whole Foods,92,1066.67,559.75
2026-08,BTR-1205,Amazon,198,3403.9,1204.67
2026-08,BTR-1205,DTC Shopify,92,1581.61,559.75
2024-09,BTR-2001,Home Depot,915,7955.19,3506.74
2024-09,BTR-2001,Lowe's,586,5094.8,2245.84
2024-09,BTR-2001,Target,636,5529.51,2437.47
2024-09,BTR-2001,Walmart,873,7590.04,3345.77
2024-09,BTR-2001,Costco,387,3364.66,1483.18
2024-09,BTR-2001,Kroger,308,2677.81,1180.41
2024-09,BTR-2001,Whole Foods,276,2399.6,1057.77
2024-09,BTR-2001,Amazon,536,6909.79,2054.22
2024-09,BTR-2001,DTC Shopify,255,3287.31,977.29
2024-10,BTR-2001,Home Depot,2513,21848.52,9631.07
2024-10,BTR-2001,Lowe's,1708,14849.69,6545.91
2024-10,BTR-2001,Target,1560,13562.95,5978.7
2024-10,BTR-2001,Walmart,2479,21552.92,9500.77
2024-10,BTR-2001,Costco,1130,9824.45,4330.73
2024-10,BTR-2001,Kroger,870,7563.95,3334.28
2024-10,BTR-2001,Whole Foods,672,5842.5,2575.44
2024-10,BTR-2001,Amazon,1602,20652.02,6139.66
2024-10,BTR-2001,DTC Shopify,757,9758.79,2901.2
2024-11,BTR-2001,Home Depot,1117,9711.42,4280.9
2024-11,BTR-2001,Lowe's,782,6798.86,2997.01
2024-11,BTR-2001,Target,596,5181.74,2284.17
2024-11,BTR-2001,Walmart,1015,8824.61,3889.99
2024-11,BTR-2001,Costco,415,3608.09,1590.49
2024-11,BTR-2001,Kroger,390,3390.74,1494.67
2024-11,BTR-2001,Whole Foods,271,2356.13,1038.61
2024-11,BTR-2001,Amazon,554,7141.84,2123.2
2024-11,BTR-2001,DTC Shopify,287,3699.83,1099.93
2024-12,BTR-2001,Home Depot,939,8163.85,3598.72
2024-12,BTR-2001,Lowe's,736,6398.93,2820.72
2024-12,BTR-2001,Target,631,5486.04,2418.31
2024-12,BTR-2001,Walmart,932,8102.99,3571.89
2024-12,BTR-2001,Costco,407,3538.54,1559.83
2024-12,BTR-2001,Kroger,396,3442.9,1517.67
2024-12,BTR-2001,Whole Foods,270,2347.43,1034.78
2024-12,BTR-2001,Amazon,530,6832.44,2031.22
2024-12,BTR-2001,DTC Shopify,254,3274.42,973.46
2025-01,BTR-2001,Home Depot,1552,13493.4,5948.04
2025-01,BTR-2001,Lowe's,993,8633.34,3805.67
2025-01,BTR-2001,Target,1034,8989.8,3962.8
2025-01,BTR-2001,Walmart,1696,14745.36,6499.92
2025-01,BTR-2001,Costco,485,4216.69,1858.76
2025-01,BTR-2001,Kroger,467,4060.19,1789.78
2025-01,BTR-2001,Whole Foods,464,4034.11,1778.28
2025-01,BTR-2001,Amazon,786,10132.64,3012.34
2025-01,BTR-2001,DTC Shopify,383,4937.41,1467.85
2025-02,BTR-2001,Home Depot,3412,29664.61,13076.49
2025-02,BTR-2001,Lowe's,2211,19222.88,8473.66
2025-02,BTR-2001,Target,2190,19040.3,8393.17
2025-02,BTR-2001,Walmart,3258,28325.7,12486.28
2025-02,BTR-2001,Costco,1137,9885.31,4357.55
2025-02,BTR-2001,Kroger,1367,11884.97,5239.03
2025-02,BTR-2001,Whole Foods,913,7937.8,3499.07
2025-02,BTR-2001,Amazon,1449,18679.64,5553.29
2025-02,BTR-2001,DTC Shopify,934,12040.57,3579.55
2025-03,BTR-2001,Home Depot,3902,33924.77,14954.42
2025-03,BTR-2001,Lowe's,2376,20657.42,9106.02
2025-03,BTR-2001,Target,2656,23091.8,10179.12
2025-03,BTR-2001,Walmart,3825,33255.31,14659.31
2025-03,BTR-2001,Costco,1945,16910.22,7454.21
2025-03,BTR-2001,Kroger,1027,8928.94,3935.98
2025-03,BTR-2001,Whole Foods,947,8233.41,3629.38
2025-03,BTR-2001,Amazon,1927,24841.73,7385.23
2025-03,BTR-2001,DTC Shopify,1232,15882.2,4721.64
2025-04,BTR-2001,Home Depot,3281,28525.67,12574.43
2025-04,BTR-2001,Lowe's,2031,17657.92,7783.81
2025-04,BTR-2001,Target,2155,18736.0,8259.04
2025-04,BTR-2001,Walmart,2722,23665.61,10432.07
2025-04,BTR-2001,Costco,1146,9963.55,4392.05
2025-04,BTR-2001,Kroger,1163,10111.35,4457.2
2025-04,BTR-2001,Whole Foods,703,6112.02,2694.25
2025-04,BTR-2001,Amazon,1685,21722.01,6457.76
2025-04,BTR-2001,DTC Shopify,1000,12891.4,3832.5
2025-05,BTR-2001,Home Depot,1862,16188.6,7136.11
2025-05,BTR-2001,Lowe's,1728,15023.58,6622.56
2025-05,BTR-2001,Target,1764,15336.57,6760.53
2025-05,BTR-2001,Walmart,2686,23352.62,10294.09
2025-05,BTR-2001,Costco,1164,10120.05,4461.03
2025-05,BTR-2001,Kroger,920,7998.66,3525.9
2025-05,BTR-2001,Whole Foods,634,5512.12,2429.8
2025-05,BTR-2001,Amazon,1571,20252.39,6020.86
2025-05,BTR-2001,DTC Shopify,746,9616.98,2859.05
2025-06,BTR-2001,Home Depot,1115,9694.03,4273.24
2025-06,BTR-2001,Lowe's,881,7659.59,3376.43
2025-06,BTR-2001,Target,813,7068.38,3115.82
2025-06,BTR-2001,Walmart,1357,11798.03,5200.7
2025-06,BTR-2001,Costco,507,4407.96,1943.08
2025-06,BTR-2001,Kroger,505,4390.57,1935.41
2025-06,BTR-2001,Whole Foods,352,3060.36,1349.04
2025-06,BTR-2001,Amazon,616,7941.1,2360.82
2025-06,BTR-2001,DTC Shopify,367,4731.14,1406.53
2025-07,BTR-2001,Home Depot,1203,10459.12,4610.5
2025-07,BTR-2001,Lowe's,794,6903.19,3043.01
2025-07,BTR-2001,Target,698,6068.55,2675.09
2025-07,BTR-2001,Walmart,1061,9224.55,4066.28
2025-07,BTR-2001,Costco,487,4234.08,1866.43
2025-07,BTR-2001,Kroger,478,4155.83,1831.93
2025-07,BTR-2001,Whole Foods,284,2469.15,1088.43
2025-07,BTR-2001,Amazon,624,8044.23,2391.48
2025-07,BTR-2001,DTC Shopify,302,3893.2,1157.41
2025-08,BTR-2001,Home Depot,1108,9633.17,4246.41
2025-08,BTR-2001,Lowe's,650,5651.23,2491.12
2025-08,BTR-2001,Target,581,5051.33,2226.68
2025-08,BTR-2001,Walmart,860,7477.01,3295.95
2025-08,BTR-2001,Costco,420,3651.56,1609.65
2025-08,BTR-2001,Kroger,348,3025.58,1333.71
2025-08,BTR-2001,Whole Foods,264,2295.27,1011.78
2025-08,BTR-2001,Amazon,501,6458.59,1920.08
2025-08,BTR-2001,DTC Shopify,317,4086.57,1214.9
2025-09,BTR-2001,Home Depot,1016,8833.31,3893.82
2025-09,BTR-2001,Lowe's,634,5512.12,2429.8
2025-09,BTR-2001,Target,574,4990.47,2199.86
2025-09,BTR-2001,Walmart,782,6798.86,2997.01
2025-09,BTR-2001,Costco,391,3399.43,1498.51
2025-09,BTR-2001,Kroger,358,3112.52,1372.04
2025-09,BTR-2001,Whole Foods,239,2077.91,915.97
2025-09,BTR-2001,Amazon,647,8340.74,2479.63
2025-09,BTR-2001,DTC Shopify,302,3893.2,1157.41
2025-10,BTR-2001,Home Depot,1599,13902.03,6128.17
2025-10,BTR-2001,Lowe's,1107,9624.48,4242.58
2025-10,BTR-2001,Target,899,7816.09,3445.42
2025-10,BTR-2001,Walmart,1391,12093.63,5331.01
2025-10,BTR-2001,Costco,618,5373.02,2368.49
2025-10,BTR-2001,Kroger,499,4338.41,1912.42
2025-10,BTR-2001,Whole Foods,379,3295.1,1452.52
2025-10,BTR-2001,Amazon,711,9165.79,2724.91
2025-10,BTR-2001,DTC Shopify,443,5710.89,1697.8
2025-11,BTR-2001,Home Depot,979,8511.62,3752.02
2025-11,BTR-2001,Lowe's,774,6729.31,2966.36
2025-11,BTR-2001,Target,488,4242.77,1870.26
2025-11,BTR-2001,Walmart,851,7398.76,3261.46
2025-11,BTR-2001,Costco,403,3503.76,1544.5
2025-11,BTR-2001,Kroger,324,2816.92,1241.73
2025-11,BTR-2001,Whole Foods,216,1877.95,827.82
2025-11,BTR-2001,Amazon,406,5233.91,1556.0
2025-11,BTR-2001,DTC Shopify,257,3313.09,984.95
2025-12,BTR-2001,Home Depot,771,6703.23,2954.86
2025-12,BTR-2001,Lowe's,594,5164.35,2276.51
2025-12,BTR-2001,Target,545,4738.34,2088.71
2025-12,BTR-2001,Walmart,992,8624.65,3801.84
2025-12,BTR-2001,Costco,307,2669.12,1176.58
2025-12,BTR-2001,Kroger,280,2434.38,1073.1
2025-12,BTR-2001,Whole Foods,243,2112.69,931.3
2025-12,BTR-2001,Amazon,433,5581.98,1659.47
2025-12,BTR-2001,DTC Shopify,265,3416.22,1015.61
2026-01,BTR-2001,Home Depot,3399,29551.59,13026.67
2026-01,BTR-2001,Lowe's,2537,22057.19,9723.05
2026-01,BTR-2001,Target,2166,18831.64,8301.19
2026-01,BTR-2001,Walmart,3008,26152.15,11528.16
2026-01,BTR-2001,Costco,1546,13441.23,5925.05
2026-01,BTR-2001,Kroger,1336,11615.45,5120.22
2026-01,BTR-2001,Whole Foods,1071,9311.49,4104.61
2026-01,BTR-2001,Amazon,1425,18370.24,5461.31
2026-01,BTR-2001,DTC Shopify,828,10674.08,3173.31
2026-02,BTR-2001,Home Depot,2706,23526.51,10370.75
2026-02,BTR-2001,Lowe's,2097,18231.74,8036.75
2026-02,BTR-2001,Target,2094,18205.65,8025.26
2026-02,BTR-2001,Walmart,3006,26134.77,11520.5
2026-02,BTR-2001,Costco,1137,9885.31,4357.55
2026-02,BTR-2001,Kroger,988,8589.87,3786.51
2026-02,BTR-2001,Whole Foods,703,6112.02,2694.25
2026-02,BTR-2001,Amazon,1756,22637.3,6729.87
2026-02,BTR-2001,DTC Shopify,823,10609.62,3154.15
2026-03,BTR-2001,Home Depot,4525,39341.25,17342.06
2026-03,BTR-2001,Lowe's,2620,22778.8,10041.15
2026-03,BTR-2001,Target,2378,20674.81,9113.68
2026-03,BTR-2001,Walmart,4138,35976.6,15858.89
2026-03,BTR-2001,Costco,1503,13067.38,5760.25
2026-03,BTR-2001,Kroger,1500,13041.3,5748.75
2026-03,BTR-2001,Whole Foods,1060,9215.85,4062.45
2026-03,BTR-2001,Amazon,2204,28412.65,8446.83
2026-03,BTR-2001,DTC Shopify,1175,15147.4,4503.19
2026-04,BTR-2001,Home Depot,3714,32290.26,14233.91
2026-04,BTR-2001,Lowe's,2225,19344.59,8527.31
2026-04,BTR-2001,Target,2034,17684.0,7795.31
2026-04,BTR-2001,Walmart,2758,23978.6,10570.03
2026-04,BTR-2001,Costco,1414,12293.6,5419.15
2026-04,BTR-2001,Kroger,1262,10972.08,4836.61
2026-04,BTR-2001,Whole Foods,972,8450.76,3725.19
2026-04,BTR-2001,Amazon,2017,26001.95,7730.15
2026-04,BTR-2001,DTC Shopify,975,12569.11,3736.69
2026-05,BTR-2001,Home Depot,2485,21605.09,9523.76
2026-05,BTR-2001,Lowe's,2033,17675.31,7791.47
2026-05,BTR-2001,Target,1729,15032.27,6626.39
2026-05,BTR-2001,Walmart,2081,18092.63,7975.43
2026-05,BTR-2001,Costco,1182,10276.54,4530.02
2026-05,BTR-2001,Kroger,882,7668.28,3380.26
2026-05,BTR-2001,Whole Foods,691,6007.69,2648.26
2026-05,BTR-2001,Amazon,1399,18035.07,5361.67
2026-05,BTR-2001,DTC Shopify,691,8907.96,2648.26
2026-06,BTR-2001,Home Depot,968,8415.99,3709.86
2026-06,BTR-2001,Lowe's,788,6851.03,3020.01
2026-06,BTR-2001,Target,778,6764.09,2981.68
2026-06,BTR-2001,Walmart,1204,10467.82,4614.33
2026-06,BTR-2001,Costco,613,5329.54,2349.32
2026-06,BTR-2001,Kroger,487,4234.08,1866.43
2026-06,BTR-2001,Whole Foods,324,2816.92,1241.73
2026-06,BTR-2001,Amazon,722,9307.59,2767.07
2026-06,BTR-2001,DTC Shopify,323,4163.92,1237.9
2026-07,BTR-2001,Home Depot,914,7946.5,3502.91
2026-07,BTR-2001,Lowe's,796,6920.58,3050.67
2026-07,BTR-2001,Target,662,5755.56,2537.12
2026-07,BTR-2001,Walmart,951,8268.18,3644.71
2026-07,BTR-2001,Costco,429,3729.81,1644.14
2026-07,BTR-2001,Kroger,333,2895.17,1276.22
2026-07,BTR-2001,Whole Foods,284,2469.15,1088.43
2026-07,BTR-2001,Amazon,631,8134.47,2418.31
2026-07,BTR-2001,DTC Shopify,311,4009.23,1191.91
2026-08,BTR-2001,Home Depot,566,4920.92,2169.2
2026-08,BTR-2001,Lowe's,553,4807.89,2119.37
2026-08,BTR-2001,Target,440,3825.45,1686.3
2026-08,BTR-2001,Walmart,684,5946.83,2621.43
2026-08,BTR-2001,Costco,267,2321.35,1023.28
2026-08,BTR-2001,Kroger,259,2251.8,992.62
2026-08,BTR-2001,Whole Foods,193,1677.98,739.67
2026-08,BTR-2001,Amazon,310,3996.33,1188.08
2026-08,BTR-2001,DTC Shopify,212,2732.98,812.49
2024-09,BTR-2002,Home Depot,1425,4124.23,1383.53
2024-09,BTR-2002,Lowe's,1013,2931.82,983.52
2024-09,BTR-2002,Target,931,2694.5,903.91
2024-09,BTR-2002,Walmart,1461,4228.43,1418.48
2024-09,BTR-2002,Costco,586,1696.0,568.95
2024-09,BTR-2002,Kroger,480,1389.22,466.03
2024-09,BTR-2002,Whole Foods,386,1117.16,374.77
2024-09,BTR-2002,Amazon,641,2750.79,622.35
2024-09,BTR-2002,DTC Shopify,359,1540.61,348.55
2024-10,BTR-2002,Home Depot,1563,4523.63,1517.52
2024-10,BTR-2002,Lowe's,869,2515.06,843.71
2024-10,BTR-2002,Target,776,2245.9,753.42
2024-10,BTR-2002,Walmart,1196,3461.46,1161.2
2024-10,BTR-2002,Costco,576,1667.06,559.24
2024-10,BTR-2002,Kroger,524,1516.56,508.75
2024-10,BTR-2002,Whole Foods,376,1088.22,365.06
2024-10,BTR-2002,Amazon,793,3403.08,769.92
2024-10,BTR-2002,DTC Shopify,408,1750.89,396.13
2024-11,BTR-2002,Home Depot,1510,4370.24,1466.06
2024-11,BTR-2002,Lowe's,977,2827.63,948.57
2024-11,BTR-2002,Target,774,2240.11,751.48
2024-11,BTR-2002,Walmart,1458,4219.74,1415.57
2024-11,BTR-2002,Costco,575,1664.16,558.27
2024-11,BTR-2002,Kroger,571,1652.59,554.38
2024-11,BTR-2002,Whole Foods,388,1122.95,376.71
2024-11,BTR-2002,Amazon,831,3566.15,806.82
2024-11,BTR-2002,DTC Shopify,415,1780.93,402.92
2024-12,BTR-2002,Home Depot,1092,3160.47,1060.22
2024-12,BTR-2002,Lowe's,828,2396.4,803.91
2024-12,BTR-2002,Target,657,1901.49,637.88
2024-12,BTR-2002,Walmart,1012,2928.93,982.55
2024-12,BTR-2002,Costco,546,1580.23,530.11
2024-12,BTR-2002,Kroger,475,1374.74,461.18
2024-12,BTR-2002,Whole Foods,373,1079.54,362.15
2024-12,BTR-2002,Amazon,685,2939.61,665.07
2024-12,BTR-2002,DTC Shopify,338,1450.49,328.16
2025-01,BTR-2002,Home Depot,2283,6607.46,2216.56
2025-01,BTR-2002,Lowe's,1646,4763.85,1598.1
2025-01,BTR-2002,Target,1620,4688.6,1572.86
2025-01,BTR-2002,Walmart,2342,6778.22,2273.85
2025-01,BTR-2002,Costco,1025,2966.55,995.17
2025-01,BTR-2002,Kroger,866,2506.38,840.8
2025-01,BTR-2002,Whole Foods,584,1690.21,567.01
2025-01,BTR-2002,Amazon,1328,5698.98,1289.36
2025-01,BTR-2002,DTC Shopify,676,2900.99,656.33
2025-02,BTR-2002,Home Depot,3575,10346.76,3470.97
2025-02,BTR-2002,Lowe's,2056,5950.48,1996.17
2025-02,BTR-2002,Target,2083,6028.62,2022.38
2025-02,BTR-2002,Walmart,3343,9675.31,3245.72
2025-02,BTR-2002,Costco,1488,4306.57,1444.7
2025-02,BTR-2002,Kroger,1371,3967.95,1331.1
2025-02,BTR-2002,Whole Foods,991,2868.15,962.16
2025-02,BTR-2002,Amazon,1895,8132.2,1839.86
2025-02,BTR-2002,DTC Shopify,976,4188.41,947.6
2025-03,BTR-2002,Home Depot,4116,11912.53,3996.22
2025-03,BTR-2002,Lowe's,3165,9160.14,3072.9
2025-03,BTR-2002,Target,1944,5626.32,1887.43
2025-03,BTR-2002,Walmart,4130,11953.05,4009.82
2025-03,BTR-2002,Costco,1532,4433.91,1487.42
2025-03,BTR-2002,Kroger,1512,4376.03,1468.0
2025-03,BTR-2002,Whole Foods,1257,3638.01,1220.42
2025-03,BTR-2002,Amazon,2174,9329.5,2110.74
2025-03,BTR-2002,DTC Shopify,1304,5595.99,1266.05
2025-04,BTR-2002,Home Depot,4999,14468.11,4853.53
2025-04,BTR-2002,Lowe's,3921,11348.16,3806.9
2025-04,BTR-2002,Target,2661,7701.47,2583.56
2025-04,BTR-2002,Walmart,4355,12604.24,4228.27
2025-04,BTR-2002,Costco,2264,6552.47,2198.12
2025-04,BTR-2002,Kroger,1706,4937.51,1656.36
2025-04,BTR-2002,Whole Foods,1391,4025.83,1350.52
2025-04,BTR-2002,Amazon,2677,11488.08,2599.1
2025-04,BTR-2002,DTC Shopify,1237,5308.46,1201.0
2025-05,BTR-2002,Home Depot,2758,7982.2,2677.74
2025-05,BTR-2002,Lowe's,2208,6390.39,2143.75
2025-05,BTR-2002,Target,2146,6210.95,2083.55
2025-05,BTR-2002,Walmart,3200,9261.44,3106.88
2025-05,BTR-2002,Costco,1896,5487.4,1840.83
2025-05,BTR-2002,Kroger,1376,3982.42,1335.96
2025-05,BTR-2002,Whole Foods,1097,3174.94,1065.08
2025-05,BTR-2002,Amazon,1728,7415.54,1677.72
2025-05,BTR-2002,DTC Shopify,1125,4827.82,1092.26
2025-06,BTR-2002,Home Depot,3039,8795.47,2950.57
2025-06,BTR-2002,Lowe's,1422,4115.55,1380.62
2025-06,BTR-2002,Target,1749,5061.96,1698.1
2025-06,BTR-2002,Walmart,2330,6743.49,2262.2
2025-06,BTR-2002,Costco,1104,3195.2,1071.87
2025-06,BTR-2002,Kroger,892,2581.63,866.04
2025-06,BTR-2002,Whole Foods,623,1803.09,604.87
2025-06,BTR-2002,Amazon,1281,5497.28,1243.72
2025-06,BTR-2002,DTC Shopify,745,3197.09,723.32
2025-07,BTR-2002,Home Depot,1314,3802.98,1275.76
2025-07,BTR-2002,Lowe's,977,2827.63,948.57
2025-07,BTR-2002,Target,777,2248.79,754.39
2025-07,BTR-2002,Walmart,1474,4266.05,1431.11
2025-07,BTR-2002,Costco,576,1667.06,559.24
2025-07,BTR-2002,Kroger,582,1684.42,565.06
2025-07,BTR-2002,Whole Foods,408,1180.83,396.13
2025-07,BTR-2002,Amazon,641,2750.79,622.35
2025-07,BTR-2002,DTC Shopify,414,1776.64,401.95
2025-08,BTR-2002,Home Depot,1764,5105.37,1712.67
2025-08,BTR-2002,Lowe's,1155,3342.8,1121.39
2025-08,BTR-2002,Target,959,2775.54,931.09
2025-08,BTR-2002,Walmart,1593,4610.46,1546.64
2025-08,BTR-2002,Costco,711,2057.78,690.31
2025-08,BTR-2002,Kroger,525,1519.45,509.72
2025-08,BTR-2002,Whole Foods,482,1395.0,467.97
2025-08,BTR-2002,Amazon,1072,4600.38,1040.8
2025-08,BTR-2002,DTC Shopify,431,1849.59,418.46
2025-09,BTR-2002,Home Depot,1175,3400.68,1140.81
2025-09,BTR-2002,Lowe's,972,2813.16,943.71
2025-09,BTR-2002,Target,681,1970.95,661.18
2025-09,BTR-2002,Walmart,899,2601.89,872.84
2025-09,BTR-2002,Costco,560,1620.75,543.7
2025-09,BTR-2002,Kroger,365,1056.38,354.38
2025-09,BTR-2002,Whole Foods,293,848.0,284.47
2025-09,BTR-2002,Amazon,669,2870.95,649.53
2025-09,BTR-2002,DTC Shopify,346,1484.82,335.93
2025-10,BTR-2002,Home Depot,2124,6147.28,2062.19
2025-10,BTR-2002,Lowe's,1187,3435.42,1152.46
2025-10,BTR-2002,Target,1200,3473.04,1165.08
2025-10,BTR-2002,Walmart,1857,5374.53,1802.96
2025-10,BTR-2002,Costco,781,2260.37,758.27
2025-10,BTR-2002,Kroger,705,2040.41,684.48
2025-10,BTR-2002,Whole Foods,606,1753.89,588.37
2025-10,BTR-2002,Amazon,810,3476.03,786.43
2025-10,BTR-2002,DTC Shopify,513,2201.49,498.07
2025-11,BTR-2002,Home Depot,1531,4431.02,1486.45
2025-11,BTR-2002,Lowe's,1155,3342.8,1121.39
2025-11,BTR-2002,Target,1122,3247.29,1089.35
2025-11,BTR-2002,Walmart,1341,3881.12,1301.98
2025-11,BTR-2002,Costco,752,2176.44,730.12
2025-11,BTR-2002,Kroger,608,1759.67,590.31
2025-11,BTR-2002,Whole Foods,469,1357.38,455.35
2025-11,BTR-2002,Amazon,987,4235.61,958.28
2025-11,BTR-2002,DTC Shopify,475,2038.41,461.18
2025-12,BTR-2002,Home Depot,1341,3881.12,1301.98
2025-12,BTR-2002,Lowe's,798,2309.57,774.78
2025-12,BTR-2002,Target,763,2208.27,740.8
2025-12,BTR-2002,Walmart,1057,3059.17,1026.24
2025-12,BTR-2002,Costco,476,1377.64,462.15
2025-12,BTR-2002,Kroger,490,1418.16,475.74
2025-12,BTR-2002,Whole Foods,331,957.98,321.37
2025-12,BTR-2002,Amazon,654,2806.58,634.97
2025-12,BTR-2002,DTC Shopify,322,1381.83,312.63
2026-01,BTR-2002,Home Depot,1979,5727.62,1921.41
2026-01,BTR-2002,Lowe's,1442,4173.44,1400.04
2026-01,BTR-2002,Target,1262,3652.48,1225.28
2026-01,BTR-2002,Walmart,2554,7391.79,2479.68
2026-01,BTR-2002,Costco,1092,3160.47,1060.22
2026-01,BTR-2002,Kroger,783,2266.16,760.21
2026-01,BTR-2002,Whole Foods,561,1623.65,544.67
2026-01,BTR-2002,Amazon,1418,6085.21,1376.74
2026-01,BTR-2002,DTC Shopify,678,2909.57,658.27
2026-02,BTR-2002,Home Depot,4054,11733.09,3936.03
2026-02,BTR-2002,Lowe's,3212,9296.17,3118.53
2026-02,BTR-2002,Target,2513,7273.12,2439.87
2026-02,BTR-2002,Walmart,4201,12158.53,4078.75
2026-02,BTR-2002,Costco,2004,5799.98,1945.68
2026-02,BTR-2002,Kroger,1669,4830.42,1620.43
2026-02,BTR-2002,Whole Foods,1193,3452.78,1158.28
2026-02,BTR-2002,Amazon,2425,10406.65,2354.43
2026-02,BTR-2002,DTC Shopify,1178,5055.27,1143.72
2026-03,BTR-2002,Home Depot,6289,18201.62,6105.99
2026-03,BTR-2002,Lowe's,5011,14502.84,4865.18
2026-03,BTR-2002,Target,3654,10575.41,3547.67
2026-03,BTR-2002,Walmart,5274,15264.01,5120.53
2026-03,BTR-2002,Costco,1997,5779.72,1938.89
2026-03,BTR-2002,Kroger,2310,6685.6,2242.78
2026-03,BTR-2002,Whole Foods,1799,5206.67,1746.65
2026-03,BTR-2002,Amazon,3867,16594.84,3754.47
2026-03,BTR-2002,DTC Shopify,1529,6561.55,1484.51
2026-04,BTR-2002,Home Depot,4473,12945.76,4342.84
2026-04,BTR-2002,Lowe's,3881,11232.39,3768.06
2026-04,BTR-2002,Target,3521,10190.48,3418.54
2026-04,BTR-2002,Walmart,5122,14824.09,4972.95
2026-04,BTR-2002,Costco,2348,6795.58,2279.67
2026-04,BTR-2002,Kroger,2227,6445.38,2162.19
2026-04,BTR-2002,Whole Foods,1660,4804.37,1611.69
2026-04,BTR-2002,Amazon,3218,13809.73,3124.36
2026-04,BTR-2002,DTC Shopify,1454,6239.7,1411.69
2026-05,BTR-2002,Home Depot,3118,9024.12,3027.27
2026-05,BTR-2002,Lowe's,2371,6862.15,2302.0
2026-05,BTR-2002,Target,2481,7180.51,2408.8
2026-05,BTR-2002,Walmart,3916,11333.69,3802.04
2026-05,BTR-2002,Costco,1470,4254.47,1427.22
2026-05,BTR-2002,Kroger,1614,4671.24,1567.03
2026-05,BTR-2002,Whole Foods,1329,3846.39,1290.33
2026-05,BTR-2002,Amazon,1402,6016.54,1361.2
2026-05,BTR-2002,DTC Shopify,1007,4321.44,977.7
2026-06,BTR-2002,Home Depot,2405,6960.55,2335.01
2026-06,BTR-2002,Lowe's,1665,4818.84,1616.55
2026-06,BTR-2002,Target,1215,3516.45,1179.64
2026-06,BTR-2002,Walmart,2031,5878.12,1971.9
2026-06,BTR-2002,Costco,910,2633.72,883.52
2026-06,BTR-2002,Kroger,735,2127.24,713.61
2026-06,BTR-2002,Whole Foods,615,1779.93,597.1
2026-06,BTR-2002,Amazon,1234,5295.59,1198.09
2026-06,BTR-2002,DTC Shopify,688,2952.48,667.98
2026-07,BTR-2002,Home Depot,1893,5478.72,1837.91
2026-07,BTR-2002,Lowe's,1198,3467.25,1163.14
2026-07,BTR-2002,Target,1191,3446.99,1156.34
2026-07,BTR-2002,Walmart,1550,4486.01,1504.89
2026-07,BTR-2002,Costco,751,2173.54,729.15
2026-07,BTR-2002,Kroger,530,1533.93,514.58
2026-07,BTR-2002,Whole Foods,481,1392.11,467.0
2026-07,BTR-2002,Amazon,1034,4437.31,1003.91
2026-07,BTR-2002,DTC Shopify,506,2171.45,491.28
2026-08,BTR-2002,Home Depot,2542,7357.06,2468.03
2026-08,BTR-2002,Lowe's,1676,4850.68,1627.23
2026-08,BTR-2002,Target,1617,4679.92,1569.95
2026-08,BTR-2002,Walmart,2337,6763.75,2268.99
2026-08,BTR-2002,Costco,982,2842.1,953.42
2026-08,BTR-2002,Kroger,1054,3050.49,1023.33
2026-08,BTR-2002,Whole Foods,660,1910.17,640.79
2026-08,BTR-2002,Amazon,1759,7548.57,1707.81
2026-08,BTR-2002,DTC Shopify,781,3351.58,758.27
2024-09,BTR-2003,Home Depot,862,2744.78,969.06
2024-09,BTR-2003,Lowe's,603,1920.07,677.89
2024-09,BTR-2003,Target,566,1802.26,636.3
2024-09,BTR-2003,Walmart,873,2779.81,981.43
2024-09,BTR-2003,Costco,451,1436.07,507.01
2024-09,BTR-2003,Kroger,390,1241.84,438.44
2024-09,BTR-2003,Whole Foods,291,926.6,327.14
2024-09,BTR-2003,Amazon,599,2828.12,673.4
2024-09,BTR-2003,DTC Shopify,231,1090.64,259.69
2024-10,BTR-2003,Home Depot,1267,4034.38,1424.36
2024-10,BTR-2003,Lowe's,772,2458.2,867.88
2024-10,BTR-2003,Target,714,2273.52,802.68
2024-10,BTR-2003,Walmart,1321,4206.33,1485.07
2024-10,BTR-2003,Costco,391,1245.02,439.56
2024-10,BTR-2003,Kroger,501,1595.28,563.22
2024-10,BTR-2003,Whole Foods,379,1206.81,426.07
2024-10,BTR-2003,Amazon,705,3328.59,792.56
2024-10,BTR-2003,DTC Shopify,321,1515.57,360.87
2024-11,BTR-2003,Home Depot,870,2770.25,978.05
2024-11,BTR-2003,Lowe's,598,1904.15,672.27
2024-11,BTR-2003,Target,548,1744.94,616.06
2024-11,BTR-2003,Walmart,1022,3254.25,1148.93
2024-11,BTR-2003,Costco,427,1359.65,480.03
2024-11,BTR-2003,Kroger,304,968.0,341.76
2024-11,BTR-2003,Whole Foods,290,923.42,326.02
2024-11,BTR-2003,Amazon,557,2629.82,626.18
2024-11,BTR-2003,DTC Shopify,282,1331.43,317.02
2024-12,BTR-2003,Home Depot,970,3088.67,1090.47
2024-12,BTR-2003,Lowe's,705,2244.86,792.56
2024-12,BTR-2003,Target,597,1900.97,671.15
2024-12,BTR-2003,Walmart,670,2133.41,753.21
2024-12,BTR-2003,Costco,378,1203.63,424.95
2024-12,BTR-2003,Kroger,290,923.42,326.02
2024-12,BTR-2003,Whole Foods,229,729.18,257.44
2024-12,BTR-2003,Amazon,469,2214.34,527.25
2024-12,BTR-2003,DTC Shopify,300,1416.42,337.26
2025-01,BTR-2003,Home Depot,1638,5215.72,1841.44
2025-01,BTR-2003,Lowe's,1221,3887.91,1372.65
2025-01,BTR-2003,Target,1000,3184.2,1124.2
2025-01,BTR-2003,Walmart,1677,5339.9,1885.28
2025-01,BTR-2003,Costco,726,2311.73,816.17
2025-01,BTR-2003,Kroger,644,2050.62,723.98
2025-01,BTR-2003,Whole Foods,504,1604.84,566.6
2025-01,BTR-2003,Amazon,956,4513.66,1074.74
2025-01,BTR-2003,DTC Shopify,476,2247.39,535.12
2025-02,BTR-2003,Home Depot,2943,9371.1,3308.52
2025-02,BTR-2003,Lowe's,2267,7218.58,2548.56
2025-02,BTR-2003,Target,2023,6441.64,2274.26
2025-02,BTR-2003,Walmart,2558,8145.18,2875.7
2025-02,BTR-2003,Costco,1289,4104.43,1449.09
2025-02,BTR-2003,Kroger,1120,3566.3,1259.1
2025-02,BTR-2003,Whole Foods,819,2607.86,920.72
2025-02,BTR-2003,Amazon,1555,7341.78,1748.13
2025-02,BTR-2003,DTC Shopify,811,3829.06,911.73
2025-03,BTR-2003,Home Depot,2872,9145.02,3228.7
2025-03,BTR-2003,Lowe's,1797,5722.01,2020.19
2025-03,BTR-2003,Target,1780,5667.88,2001.08
2025-03,BTR-2003,Walmart,3129,9963.36,3517.62
2025-03,BTR-2003,Costco,1226,3903.83,1378.27
2025-03,BTR-2003,Kroger,1221,3887.91,1372.65
2025-03,BTR-2003,Whole Foods,759,2416.81,853.27
2025-03,BTR-2003,Amazon,1482,6997.11,1666.06
2025-03,BTR-2003,DTC Shopify,717,3385.24,806.05
2025-04,BTR-2003,Home Depot,3329,10600.2,3742.46
2025-04,BTR-2003,Lowe's,2168,6903.35,2437.27
2025-04,BTR-2003,Target,1963,6250.58,2206.8
2025-04,BTR-2003,Walmart,3322,10577.91,3734.59
2025-04,BTR-2003,Costco,1174,3738.25,1319.81
2025-04,BTR-2003,Kroger,1195,3805.12,1343.42
2025-04,BTR-2003,Whole Foods,975,3104.59,1096.1
2025-04,BTR-2003,Amazon,1428,6742.16,1605.36
2025-04,BTR-2003,DTC Shopify,849,4008.47,954.45
2025-05,BTR-2003,Home Depot,2976,9476.18,3345.62
2025-05,BTR-2003,Lowe's,2091,6658.16,2350.7
2025-05,BTR-2003,Target,1973,6282.43,2218.05
2025-05,BTR-2003,Walmart,2075,6607.21,2332.72
2025-05,BTR-2003,Costco,1388,4419.67,1560.39
2025-05,BTR-2003,Kroger,1016,3235.15,1142.19
2025-05,BTR-2003,Whole Foods,970,3088.67,1090.47
2025-05,BTR-2003,Amazon,1545,7294.56,1736.89
2025-05,BTR-2003,DTC Shopify,896,4230.37,1007.28
2025-06,BTR-2003,Home Depot,1378,4387.83,1549.15
2025-06,BTR-2003,Lowe's,1301,4142.64,1462.58
2025-06,BTR-2003,Target,1000,3184.2,1124.2
2025-06,BTR-2003,Walmart,1494,4757.19,1679.55
2025-06,BTR-2003,Costco,617,1964.65,693.63
2025-06,BTR-2003,Kroger,568,1808.63,638.55
2025-06,BTR-2003,Whole Foods,407,1295.97,457.55
2025-06,BTR-2003,Amazon,731,3451.34,821.79
2025-06,BTR-2003,DTC Shopify,457,2157.68,513.76
2025-07,BTR-2003,Home Depot,1676,5336.72,1884.16
2025-07,BTR-2003,Lowe's,1488,4738.09,1672.81
2025-07,BTR-2003,Target,1518,4833.62,1706.54
2025-07,BTR-2003,Walmart,2513,8001.89,2825.11
2025-07,BTR-2003,Costco,1058,3368.88,1189.4
2025-07,BTR-2003,Kroger,877,2792.54,985.92
2025-07,BTR-2003,Whole Foods,552,1757.68,620.56
2025-07,BTR-2003,Amazon,1404,6628.85,1578.38
2025-07,BTR-2003,DTC Shopify,617,2913.1,693.63
2025-08,BTR-2003,Home Depot,785,2499.6,882.5
2025-08,BTR-2003,Lowe's,608,1935.99,683.51
2025-08,BTR-2003,Target,511,1627.13,574.47
2025-08,BTR-2003,Walmart,770,2451.83,865.63
2025-08,BTR-2003,Costco,331,1053.97,372.11
2025-08,BTR-2003,Kroger,345,1098.55,387.85
2025-08,BTR-2003,Whole Foods,198,630.47,222.59
2025-08,BTR-2003,Amazon,419,1978.27,471.04
2025-08,BTR-2003,DTC Shopify,234,1104.81,263.06
2025-09,BTR-2003,Home Depot,1379,4391.01,1550.27
2025-09,BTR-2003,Lowe's,1074,3419.83,1207.39
2025-09,BTR-2003,Target,930,2961.31,1045.51
2025-09,BTR-2003,Walmart,1567,4989.64,1761.62
2025-09,BTR-2003,Costco,652,2076.1,732.98
2025-09,BTR-2003,Kroger,620,1974.2,697.0
2025-09,BTR-2003,Whole Foods,416,1324.63,467.67
2025-09,BTR-2003,Amazon,946,4466.44,1063.49
2025-09,BTR-2003,DTC Shopify,420,1982.99,472.16
2025-10,BTR-2003,Home Depot,1341,4270.01,1507.55
2025-10,BTR-2003,Lowe's,1116,3553.57,1254.61
2025-10,BTR-2003,Target,849,2703.39,954.45
2025-10,BTR-2003,Walmart,1223,3894.28,1374.9
2025-10,BTR-2003,Costco,642,2044.26,721.74
2025-10,BTR-2003,Kroger,627,1996.49,704.87
2025-10,BTR-2003,Whole Foods,456,1452.0,512.64
2025-10,BTR-2003,Amazon,820,3871.55,921.84
2025-10,BTR-2003,DTC Shopify,284,1340.88,319.27
2025-11,BTR-2003,Home Depot,1218,3878.36,1369.28
2025-11,BTR-2003,Lowe's,844,2687.46,948.82
2025-11,BTR-2003,Target,685,2181.18,770.08
2025-11,BTR-2003,Walmart,1148,3655.46,1290.58
2025-11,BTR-2003,Costco,541,1722.65,608.19
2025-11,BTR-2003,Kroger,420,1337.36,472.16
2025-11,BTR-2003,Whole Foods,354,1127.21,397.97
2025-11,BTR-2003,Amazon,646,3050.02,726.23
2025-11,BTR-2003,DTC Shopify,351,1657.21,394.59
2025-12,BTR-2003,Home Depot,979,3117.33,1100.59
2025-12,BTR-2003,Lowe's,705,2244.86,792.56
2025-12,BTR-2003,Target,644,2050.62,723.98
2025-12,BTR-2003,Walmart,914,2910.36,1027.52
2025-12,BTR-2003,Costco,488,1553.89,548.61
2025-12,BTR-2003,Kroger,432,1375.57,485.65
2025-12,BTR-2003,Whole Foods,315,1003.02,354.12
2025-12,BTR-2003,Amazon,658,3106.68,739.72
2025-12,BTR-2003,DTC Shopify,343,1619.44,385.6
2026-01,BTR-2003,Home Depot,1420,4521.56,1596.36
2026-01,BTR-2003,Lowe's,1178,3750.99,1324.31
2026-01,BTR-2003,Target,1216,3871.99,1367.03
2026-01,BTR-2003,Walmart,1713,5454.53,1925.75
2026-01,BTR-2003,Costco,878,2795.73,987.05
2026-01,BTR-2003,Kroger,798,2540.99,897.11
2026-01,BTR-2003,Whole Foods,484,1541.15,544.11
2026-01,BTR-2003,Amazon,1035,4886.65,1163.55
2026-01,BTR-2003,DTC Shopify,496,2341.81,557.6
2026-02,BTR-2003,Home Depot,2678,8527.29,3010.61
2026-02,BTR-2003,Lowe's,1947,6199.64,2188.82
2026-02,BTR-2003,Target,1736,5527.77,1951.61
2026-02,BTR-2003,Walmart,2530,8056.03,2844.23
2026-02,BTR-2003,Costco,1408,4483.35,1582.87
2026-02,BTR-2003,Kroger,1357,4320.96,1525.54
2026-02,BTR-2003,Whole Foods,806,2566.47,906.11
2026-02,BTR-2003,Amazon,1808,8536.29,2032.55
2026-02,BTR-2003,DTC Shopify,893,4216.21,1003.91
2026-03,BTR-2003,Home Depot,3527,11230.67,3965.05
2026-03,BTR-2003,Lowe's,3280,10444.18,3687.38
2026-03,BTR-2003,Target,2351,7486.05,2642.99
2026-03,BTR-2003,Walmart,4085,13007.46,4592.36
2026-03,BTR-2003,Costco,1707,5435.43,1919.01
2026-03,BTR-2003,Kroger,1565,4983.27,1759.37
2026-03,BTR-2003,Whole Foods,1341,4270.01,1507.55
2026-03,BTR-2003,Amazon,2541,11997.08,2856.59
2026-03,BTR-2003,DTC Shopify,1487,7020.72,1671.69
2026-04,BTR-2003,Home Depot,3778,12029.91,4247.23
2026-04,BTR-2003,Lowe's,2592,8253.45,2913.93
2026-04,BTR-2003,Target,2644,8419.02,2972.38
2026-04,BTR-2003,Walmart,3382,10768.96,3802.04
2026-04,BTR-2003,Costco,1479,4709.43,1662.69
2026-04,BTR-2003,Kroger,1363,4340.06,1532.28
2026-04,BTR-2003,Whole Foods,1102,3508.99,1238.87
2026-04,BTR-2003,Amazon,1834,8659.05,2061.78
2026-04,BTR-2003,DTC Shopify,899,4244.54,1010.66
2026-05,BTR-2003,Home Depot,2573,8192.95,2892.57
2026-05,BTR-2003,Lowe's,1962,6247.4,2205.68
2026-05,BTR-2003,Target,1471,4683.96,1653.7
2026-05,BTR-2003,Walmart,3186,10144.86,3581.7
2026-05,BTR-2003,Costco,1089,3467.59,1224.25
2026-05,BTR-2003,Kroger,1119,3563.12,1257.98
2026-05,BTR-2003,Whole Foods,706,2248.05,793.69
2026-05,BTR-2003,Amazon,1560,7365.38,1753.75
2026-05,BTR-2003,DTC Shopify,707,3338.03,794.81
2026-06,BTR-2003,Home Depot,1512,4814.51,1699.79
2026-06,BTR-2003,Lowe's,996,3171.46,1119.7
2026-06,BTR-2003,Target,1085,3454.86,1219.76
2026-06,BTR-2003,Walmart,1585,5046.96,1781.86
2026-06,BTR-2003,Costco,680,2165.26,764.46
2026-06,BTR-2003,Kroger,543,1729.02,610.44
2026-06,BTR-2003,Whole Foods,369,1174.97,414.83
2026-06,BTR-2003,Amazon,958,4523.1,1076.98
2026-06,BTR-2003,DTC Shopify,444,2096.3,499.14
2026-07,BTR-2003,Home Depot,1305,4155.38,1467.08
2026-07,BTR-2003,Lowe's,912,2903.99,1025.27
2026-07,BTR-2003,Target,826,2630.15,928.59
2026-07,BTR-2003,Walmart,1199,3817.86,1347.92
2026-07,BTR-2003,Costco,476,1515.68,535.12
2026-07,BTR-2003,Kroger,564,1795.89,634.05
2026-07,BTR-2003,Whole Foods,370,1178.15,415.95
2026-07,BTR-2003,Amazon,830,3918.76,933.09
2026-07,BTR-2003,DTC Shopify,473,2233.22,531.75
2026-08,BTR-2003,Home Depot,1018,3241.52,1144.44
2026-08,BTR-2003,Lowe's,720,2292.62,809.42
2026-08,BTR-2003,Target,642,2044.26,721.74
2026-08,BTR-2003,Walmart,1062,3381.62,1193.9
2026-08,BTR-2003,Costco,493,1569.81,554.23
2026-08,BTR-2003,Kroger,439,1397.86,493.52
2026-08,BTR-2003,Whole Foods,380,1210.0,427.2
2026-08,BTR-2003,Amazon,664,3135.01,746.47
2026-08,BTR-2003,DTC Shopify,260,1227.56,292.29
2024-09,BTR-2004,Home Depot,756,4380.42,1828.92
2024-09,BTR-2004,Lowe's,559,3238.96,1352.33
2024-09,BTR-2004,Target,421,2439.36,1018.48
2024-09,BTR-2004,Walmart,714,4137.06,1727.31
2024-09,BTR-2004,Costco,324,1877.32,783.82
2024-09,BTR-2004,Kroger,240,1390.61,580.61
2024-09,BTR-2004,Whole Foods,189,1095.1,457.23
2024-09,BTR-2004,Amazon,344,2955.44,832.2
2024-09,BTR-2004,DTC Shopify,180,1546.45,435.46
2024-10,BTR-2004,Home Depot,804,4658.54,1945.04
2024-10,BTR-2004,Lowe's,573,3320.08,1386.2
2024-10,BTR-2004,Target,528,3059.34,1277.34
2024-10,BTR-2004,Walmart,892,5168.43,2157.93
2024-10,BTR-2004,Costco,354,2051.15,856.4
2024-10,BTR-2004,Kroger,277,1604.99,670.12
2024-10,BTR-2004,Whole Foods,234,1355.84,566.09
2024-10,BTR-2004,Amazon,509,4373.02,1231.37
2024-10,BTR-2004,DTC Shopify,217,1864.33,524.97
2024-11,BTR-2004,Home Depot,578,3349.05,1398.3
2024-11,BTR-2004,Lowe's,365,2114.88,883.01
2024-11,BTR-2004,Target,417,2416.18,1008.81
2024-11,BTR-2004,Walmart,733,4247.15,1773.27
2024-11,BTR-2004,Costco,307,1778.82,742.69
2024-11,BTR-2004,Kroger,190,1100.9,459.65
2024-11,BTR-2004,Whole Foods,205,1187.81,495.94
2024-11,BTR-2004,Amazon,361,3101.5,873.33
2024-11,BTR-2004,DTC Shopify,179,1537.86,433.04
2024-12,BTR-2004,Home Depot,560,3244.75,1354.75
2024-12,BTR-2004,Lowe's,387,2242.36,936.23
2024-12,BTR-2004,Target,377,2184.41,912.04
2024-12,BTR-2004,Walmart,562,3256.34,1359.59
2024-12,BTR-2004,Costco,193,1118.28,466.91
2024-12,BTR-2004,Kroger,196,1135.66,474.16
2024-12,BTR-2004,Whole Foods,134,776.42,324.17
2024-12,BTR-2004,Amazon,303,2603.19,733.02
2024-12,BTR-2004,DTC Shopify,152,1305.89,367.72
2025-01,BTR-2004,Home Depot,1146,6640.15,2772.4
2025-01,BTR-2004,Lowe's,827,4791.8,2000.68
2025-01,BTR-2004,Target,752,4357.24,1819.24
2025-01,BTR-2004,Walmart,1180,6837.16,2854.66
2025-01,BTR-2004,Costco,479,2775.42,1158.8
2025-01,BTR-2004,Kroger,390,2259.74,943.49
2025-01,BTR-2004,Whole Foods,259,1500.7,626.57
2025-01,BTR-2004,Amazon,522,4484.71,1262.82
2025-01,BTR-2004,DTC Shopify,324,2783.61,783.82
2025-02,BTR-2004,Home Depot,1842,10672.92,4456.17
2025-02,BTR-2004,Lowe's,1401,8117.67,3389.3
2025-02,BTR-2004,Target,1480,8575.42,3580.42
2025-02,BTR-2004,Walmart,2157,12498.09,5218.21
2025-02,BTR-2004,Costco,947,5487.11,2290.98
2025-02,BTR-2004,Kroger,813,4710.68,1966.81
2025-02,BTR-2004,Whole Foods,617,3575.02,1492.65
2025-02,BTR-2004,Amazon,1215,10438.55,2939.33
2025-02,BTR-2004,DTC Shopify,477,4098.1,1153.96
2025-03,BTR-2004,Home Depot,2687,15569.02,6500.39
2025-03,BTR-2004,Lowe's,2015,11675.31,4874.69
2025-03,BTR-2004,Target,1740,10081.91,4209.41
2025-03,BTR-2004,Walmart,2446,14172.61,5917.36
2025-03,BTR-2004,Costco,1381,8001.79,3340.92
2025-03,BTR-2004,Kroger,999,5788.41,2416.78
2025-03,BTR-2004,Whole Foods,776,4496.3,1877.3
2025-03,BTR-2004,Amazon,1537,13204.98,3718.31
2025-03,BTR-2004,DTC Shopify,898,7715.08,2172.44
2025-04,BTR-2004,Home Depot,2596,15041.74,6280.24
2025-04,BTR-2004,Lowe's,1989,11524.66,4811.79
2025-04,BTR-2004,Target,1732,10035.55,4190.05
2025-04,BTR-2004,Walmart,2926,16953.83,7078.58
2025-04,BTR-2004,Costco,1175,6808.18,2842.56
2025-04,BTR-2004,Kroger,1075,6228.76,2600.64
2025-04,BTR-2004,Whole Foods,616,3569.23,1490.23
2025-04,BTR-2004,Amazon,1234,10601.79,2985.29
2025-04,BTR-2004,DTC Shopify,623,5352.44,1507.16
2025-05,BTR-2004,Home Depot,1591,9218.57,3848.95
2025-05,BTR-2004,Lowe's,921,5336.46,2228.08
2025-05,BTR-2004,Target,1030,5968.03,2491.78
2025-05,BTR-2004,Walmart,1185,6866.13,2866.75
2025-05,BTR-2004,Costco,625,3621.37,1512.0
2025-05,BTR-2004,Kroger,630,3650.35,1524.1
2025-05,BTR-2004,Whole Foods,461,2671.13,1115.25
2025-05,BTR-2004,Amazon,798,6855.94,1930.52
2025-05,BTR-2004,DTC Shopify,434,3728.67,1049.93
2025-06,BTR-2004,Home Depot,1002,5805.79,2424.04
2025-06,BTR-2004,Lowe's,543,3146.25,1313.63
2025-06,BTR-2004,Target,620,3592.4,1499.9
2025-06,BTR-2004,Walmart,901,5220.57,2179.7
2025-06,BTR-2004,Costco,355,2056.94,858.82
2025-06,BTR-2004,Kroger,395,2288.71,955.58
2025-06,BTR-2004,Whole Foods,282,1633.96,682.21
2025-06,BTR-2004,Amazon,525,4510.48,1270.08
2025-06,BTR-2004,DTC Shopify,266,2285.31,643.51
2025-07,BTR-2004,Home Depot,653,3783.61,1579.74
2025-07,BTR-2004,Lowe's,454,2630.57,1098.32
2025-07,BTR-2004,Target,357,2068.53,863.65
2025-07,BTR-2004,Walmart,529,3065.13,1279.76
2025-07,BTR-2004,Costco,259,1500.7,626.57
2025-07,BTR-2004,Kroger,242,1402.2,585.45
2025-07,BTR-2004,Whole Foods,167,967.63,404.01
2025-07,BTR-2004,Amazon,375,3221.78,907.2
2025-07,BTR-2004,DTC Shopify,177,1520.68,428.2
2025-08,BTR-2004,Home Depot,486,2815.98,1175.73
2025-08,BTR-2004,Lowe's,398,2306.09,962.84
2025-08,BTR-2004,Target,313,1813.58,757.21
2025-08,BTR-2004,Walmart,563,3262.13,1362.01
2025-08,BTR-2004,Costco,232,1344.25,561.25
2025-08,BTR-2004,Kroger,217,1257.34,524.97
2025-08,BTR-2004,Whole Foods,179,1037.16,433.04
2025-08,BTR-2004,Amazon,327,2809.39,791.08
2025-08,BTR-2004,DTC Shopify,151,1297.3,365.3
2025-09,BTR-2004,Home Depot,840,4867.13,2032.13
2025-09,BTR-2004,Lowe's,566,3279.52,1369.27
2025-09,BTR-2004,Target,491,2844.95,1187.83
2025-09,BTR-2004,Walmart,716,4148.65,1732.15
2025-09,BTR-2004,Costco,395,2288.71,955.58
2025-09,BTR-2004,Kroger,315,1825.17,762.05
2025-09,BTR-2004,Whole Foods,225,1303.69,544.32
2025-09,BTR-2004,Amazon,445,3823.17,1076.54
2025-09,BTR-2004,DTC Shopify,205,1761.24,495.94
2025-10,BTR-2004,Home Depot,1074,6222.97,2598.22
2025-10,BTR-2004,Lowe's,735,4258.74,1778.11
2025-10,BTR-2004,Target,696,4032.76,1683.76
2025-10,BTR-2004,Walmart,1036,6002.79,2506.29
2025-10,BTR-2004,Costco,439,2543.65,1062.03
2025-10,BTR-2004,Kroger,438,2537.86,1059.61
2025-10,BTR-2004,Whole Foods,356,2062.74,861.24
2025-10,BTR-2004,Amazon,640,5498.5,1548.29
2025-10,BTR-2004,DTC Shopify,343,2946.85,829.79
2025-11,BTR-2004,Home Depot,591,3424.37,1429.75
2025-11,BTR-2004,Lowe's,497,2879.72,1202.34
2025-11,BTR-2004,Target,531,3076.72,1284.6
2025-11,BTR-2004,Walmart,760,4403.59,1838.59
2025-11,BTR-2004,Costco,316,1830.97,764.47
2025-11,BTR-2004,Kroger,248,1436.96,599.96
2025-11,BTR-2004,Whole Foods,219,1268.93,529.8
2025-11,BTR-2004,Amazon,401,3445.15,970.1
2025-11,BTR-2004,DTC Shopify,249,2139.26,602.38
2025-12,BTR-2004,Home Depot,488,2827.57,1180.57
2025-12,BTR-2004,Lowe's,363,2103.29,878.17
2025-12,BTR-2004,Target,298,1726.67,720.92
2025-12,BTR-2004,Walmart,566,3279.52,1369.27
2025-12,BTR-2004,Costco,177,1025.57,428.2
2025-12,BTR-2004,Kroger,178,1031.37,430.62
2025-12,BTR-2004,Whole Foods,94,544.65,227.4
2025-12,BTR-2004,Amazon,235,2018.98,568.51
2025-12,BTR-2004,DTC Shopify,149,1280.12,360.46
2026-01,BTR-2004,Home Depot,1378,7984.41,3333.66
2026-01,BTR-2004,Lowe's,1150,6663.33,2782.08
2026-01,BTR-2004,Target,930,5388.61,2249.86
2026-01,BTR-2004,Walmart,1516,8784.01,3667.51
2026-01,BTR-2004,Costco,680,3940.06,1645.06
2026-01,BTR-2004,Kroger,556,3221.58,1345.08
2026-01,BTR-2004,Whole Foods,343,1987.41,829.79
2026-01,BTR-2004,Amazon,756,6495.1,1828.92
2026-01,BTR-2004,DTC Shopify,421,3616.98,1018.48
2026-02,BTR-2004,Home Depot,1662,9629.96,4020.71
2026-02,BTR-2004,Lowe's,1165,6750.24,2818.37
2026-02,BTR-2004,Target,1144,6628.56,2767.56
2026-02,BTR-2004,Walmart,1648,9548.84,3986.84
2026-02,BTR-2004,Costco,719,4166.03,1739.4
2026-02,BTR-2004,Kroger,668,3870.53,1616.03
2026-02,BTR-2004,Whole Foods,534,3094.1,1291.85
2026-02,BTR-2004,Amazon,852,7319.87,2061.16
2026-02,BTR-2004,DTC Shopify,460,3952.04,1112.83
2026-03,BTR-2004,Home Depot,2225,12892.09,5382.72
2026-03,BTR-2004,Lowe's,1911,11072.72,4623.09
2026-03,BTR-2004,Target,1648,9548.84,3986.84
2026-03,BTR-2004,Walmart,2726,15794.99,6594.74
2026-03,BTR-2004,Costco,1105,6402.59,2673.22
2026-03,BTR-2004,Kroger,814,4716.48,1969.23
2026-03,BTR-2004,Whole Foods,793,4594.8,1918.43
2026-03,BTR-2004,Amazon,1400,12027.96,3386.88
2026-03,BTR-2004,DTC Shopify,823,7070.72,1991.0
2026-04,BTR-2004,Home Depot,3070,17788.19,7426.94
2026-04,BTR-2004,Lowe's,2299,13320.87,5561.74
2026-04,BTR-2004,Target,1744,10105.08,4219.08
2026-04,BTR-2004,Walmart,3626,21009.77,8772.02
2026-04,BTR-2004,Costco,1398,8100.29,3382.04
2026-04,BTR-2004,Kroger,1208,6999.39,2922.39
2026-04,BTR-2004,Whole Foods,1000,5794.2,2419.2
2026-04,BTR-2004,Amazon,2049,17603.78,4956.94
2026-04,BTR-2004,DTC Shopify,938,8058.73,2269.21
2026-05,BTR-2004,Home Depot,1753,10157.23,4240.86
2026-05,BTR-2004,Lowe's,1137,6588.01,2750.63
2026-05,BTR-2004,Target,973,5637.76,2353.88
2026-05,BTR-2004,Walmart,1660,9618.37,4015.87
2026-05,BTR-2004,Costco,783,4536.86,1894.23
2026-05,BTR-2004,Kroger,493,2856.54,1192.67
2026-05,BTR-2004,Whole Foods,463,2682.71,1120.09
2026-05,BTR-2004,Amazon,949,8153.24,2295.82
2026-05,BTR-2004,DTC Shopify,406,3488.11,982.2
2026-06,BTR-2004,Home Depot,933,5405.99,2257.11
2026-06,BTR-2004,Lowe's,850,4925.07,2056.32
2026-06,BTR-2004,Target,691,4003.79,1671.67
2026-06,BTR-2004,Walmart,1038,6014.38,2511.13
2026-06,BTR-2004,Costco,479,2775.42,1158.8
2026-06,BTR-2004,Kroger,396,2294.5,958.0
2026-06,BTR-2004,Whole Foods,263,1523.87,636.25
2026-06,BTR-2004,Amazon,580,4983.01,1403.14
2026-06,BTR-2004,DTC Shopify,330,2835.16,798.34
2026-07,BTR-2004,Home Depot,722,4183.41,1746.66
2026-07,BTR-2004,Lowe's,586,3395.4,1417.65
2026-07,BTR-2004,Target,505,2926.07,1221.7
2026-07,BTR-2004,Walmart,834,4832.36,2017.61
2026-07,BTR-2004,Costco,296,1715.08,716.08
2026-07,BTR-2004,Kroger,249,1442.76,602.38
2026-07,BTR-2004,Whole Foods,222,1286.31,537.06
2026-07,BTR-2004,Amazon,452,3883.31,1093.48
2026-07,BTR-2004,DTC Shopify,259,2225.17,626.57
2026-08,BTR-2004,Home Depot,521,3018.78,1260.4
2026-08,BTR-2004,Lowe's,330,1912.09,798.34
2026-08,BTR-2004,Target,345,1999.0,834.62
2026-08,BTR-2004,Walmart,572,3314.28,1383.78
2026-08,BTR-2004,Costco,254,1471.73,614.48
2026-08,BTR-2004,Kroger,199,1153.05,481.42
2026-08,BTR-2004,Whole Foods,128,741.66,309.66
2026-08,BTR-2004,Amazon,322,2766.43,778.98
2026-08,BTR-2004,DTC Shopify,180,1546.45,435.46
2024-09,BTR-2005,Home Depot,389,5187.0,2464.86
2024-09,BTR-2005,Lowe's,308,4106.93,1951.61
2024-09,BTR-2005,Target,285,3800.25,1805.87
2024-09,BTR-2005,Walmart,410,5467.02,2597.92
2024-09,BTR-2005,Costco,254,3386.89,1609.45
2024-09,BTR-2005,Kroger,149,1986.8,944.12
2024-09,BTR-2005,Whole Foods,112,1493.43,709.68
2024-09,BTR-2005,Amazon,243,4804.45,1539.75
2024-09,BTR-2005,DTC Shopify,121,2392.34,766.7
2024-10,BTR-2005,Home Depot,251,3346.88,1590.44
2024-10,BTR-2005,Lowe's,206,2746.85,1305.3
2024-10,BTR-2005,Target,166,2213.48,1051.84
2024-10,BTR-2005,Walmart,288,3840.25,1824.88
2024-10,BTR-2005,Costco,121,1613.44,766.7
2024-10,BTR-2005,Kroger,105,1400.09,665.32
2024-10,BTR-2005,Whole Foods,88,1173.41,557.6
2024-10,BTR-2005,Amazon,142,2807.54,899.77
2024-10,BTR-2005,DTC Shopify,93,1838.74,589.29
2024-11,BTR-2005,Home Depot,263,3506.89,1666.47
2024-11,BTR-2005,Lowe's,196,2613.5,1241.93
2024-11,BTR-2005,Target,185,2466.83,1172.23
2024-11,BTR-2005,Walmart,330,4400.29,2091.01
2024-11,BTR-2005,Costco,123,1640.11,779.38
2024-11,BTR-2005,Kroger,103,1373.42,652.65
2024-11,BTR-2005,Whole Foods,85,1133.41,538.59
2024-11,BTR-2005,Amazon,173,3420.45,1096.2
2024-11,BTR-2005,DTC Shopify,91,1799.2,576.61
2024-12,BTR-2005,Home Depot,228,3040.2,1444.7
2024-12,BTR-2005,Lowe's,163,2173.47,1032.83
2024-12,BTR-2005,Target,155,2066.8,982.14
2024-12,BTR-2005,Walmart,267,3560.23,1691.82
2024-12,BTR-2005,Costco,103,1373.42,652.65
2024-12,BTR-2005,Kroger,74,986.73,468.89
2024-12,BTR-2005,Whole Foods,67,893.39,424.54
2024-12,BTR-2005,Amazon,147,2906.4,931.45
2024-12,BTR-2005,DTC Shopify,78,1542.17,494.24
2025-01,BTR-2005,Home Depot,541,7213.8,3427.99
2025-01,BTR-2005,Lowe's,368,4906.99,2331.8
2025-01,BTR-2005,Target,314,4186.94,1989.63
2025-01,BTR-2005,Walmart,498,6640.43,3155.53
2025-01,BTR-2005,Costco,210,2800.18,1330.64
2025-01,BTR-2005,Kroger,163,2173.47,1032.83
2025-01,BTR-2005,Whole Foods,109,1453.43,690.67
2025-01,BTR-2005,Amazon,271,5358.05,1717.16
2025-01,BTR-2005,DTC Shopify,140,2768.0,887.1
2025-02,BTR-2005,Home Depot,983,13107.52,6228.68
2025-02,BTR-2005,Lowe's,584,7787.17,3700.46
2025-02,BTR-2005,Target,406,5413.69,2572.58
2025-02,BTR-2005,Walmart,736,9813.97,4663.59
2025-02,BTR-2005,Costco,378,5040.33,2395.16
2025-02,BTR-2005,Kroger,290,3866.92,1837.56
2025-02,BTR-2005,Whole Foods,238,3173.54,1508.06
2025-02,BTR-2005,Amazon,439,8679.64,2781.68
2025-02,BTR-2005,DTC Shopify,212,4191.54,1343.32
2025-03,BTR-2005,Home Depot,844,11254.06,5347.92
2025-03,BTR-2005,Lowe's,511,6813.78,3237.9
2025-03,BTR-2005,Target,618,8240.54,3915.9
2025-03,BTR-2005,Walmart,616,8213.87,3903.22
2025-03,BTR-2005,Costco,360,4800.31,2281.1
2025-03,BTR-2005,Kroger,273,3640.24,1729.84
2025-03,BTR-2005,Whole Foods,242,3226.88,1533.41
2025-03,BTR-2005,Amazon,418,8264.45,2648.62
2025-03,BTR-2005,DTC Shopify,247,4883.54,1565.09
2025-04,BTR-2005,Home Depot,514,6853.78,3256.91
2025-04,BTR-2005,Lowe's,441,5880.38,2794.35
2025-04,BTR-2005,Target,396,5280.34,2509.21
2025-04,BTR-2005,Walmart,541,7213.8,3427.99
2025-04,BTR-2005,Costco,246,3280.21,1558.75
2025-04,BTR-2005,Kroger,212,2826.85,1343.32
2025-04,BTR-2005,Whole Foods,148,1973.46,937.79
2025-04,BTR-2005,Amazon,305,6030.28,1932.6
2025-04,BTR-2005,DTC Shopify,154,3044.8,975.81
2025-05,BTR-2005,Home Depot,323,4306.95,2046.66
2025-05,BTR-2005,Lowe's,241,3213.54,1527.07
2025-05,BTR-2005,Target,193,2573.5,1222.93
2025-05,BTR-2005,Walmart,353,4706.97,2236.75
2025-05,BTR-2005,Costco,129,1720.11,817.4
2025-05,BTR-2005,Kroger,124,1653.44,785.71
2025-05,BTR-2005,Whole Foods,95,1266.75,601.96
2025-05,BTR-2005,Amazon,168,3321.6,1064.52
2025-05,BTR-2005,DTC Shopify,88,1739.88,557.6
2025-06,BTR-2005,Home Depot,295,3933.59,1869.24
2025-06,BTR-2005,Lowe's,180,2400.16,1140.55
2025-06,BTR-2005,Target,170,2266.81,1077.19
2025-06,BTR-2005,Walmart,246,3280.21,1558.75
2025-06,BTR-2005,Costco,100,1333.42,633.64
2025-06,BTR-2005,Kroger,97,1293.42,614.63
2025-06,BTR-2005,Whole Foods,71,946.73,449.88
2025-06,BTR-2005,Amazon,118,2333.03,747.7
2025-06,BTR-2005,DTC Shopify,62,1225.83,392.86
2025-07,BTR-2005,Home Depot,330,4400.29,2091.01
2025-07,BTR-2005,Lowe's,218,2906.86,1381.34
2025-07,BTR-2005,Target,159,2120.14,1007.49
2025-07,BTR-2005,Walmart,316,4213.61,2002.3
2025-07,BTR-2005,Costco,126,1680.11,798.39
2025-07,BTR-2005,Kroger,117,1560.1,741.36
2025-07,BTR-2005,Whole Foods,84,1120.07,532.26
2025-07,BTR-2005,Amazon,149,2945.94,944.12
2025-07,BTR-2005,DTC Shopify,89,1759.65,563.94
2025-08,BTR-2005,Home Depot,451,6013.72,2857.72
2025-08,BTR-2005,Lowe's,312,4160.27,1976.96
2025-08,BTR-2005,Target,297,3960.26,1881.91
2025-08,BTR-2005,Walmart,370,4933.65,2344.47
2025-08,BTR-2005,Costco,212,2826.85,1343.32
2025-08,BTR-2005,Kroger,158,2106.8,1001.15
2025-08,BTR-2005,Whole Foods,119,1586.77,754.03
2025-08,BTR-2005,Amazon,213,4211.31,1349.65
2025-08,BTR-2005,DTC Shopify,114,2253.94,722.35
2025-09,BTR-2005,Home Depot,257,3426.89,1628.45
2025-09,BTR-2005,Lowe's,157,2093.47,994.81
2025-09,BTR-2005,Target,155,2066.8,982.14
2025-09,BTR-2005,Walmart,246,3280.21,1558.75
2025-09,BTR-2005,Costco,104,1386.76,658.99
2025-09,BTR-2005,Kroger,90,1200.08,570.28
2025-09,BTR-2005,Whole Foods,83,1106.74,525.92
2025-09,BTR-2005,Amazon,135,2669.14,855.41
2025-09,BTR-2005,DTC Shopify,69,1364.23,437.21
2025-10,BTR-2005,Home Depot,425,5667.03,2692.97
2025-10,BTR-2005,Lowe's,308,4106.93,1951.61
2025-10,BTR-2005,Target,238,3173.54,1508.06
2025-10,BTR-2005,Walmart,452,6027.06,2864.05
2025-10,BTR-2005,Costco,193,2573.5,1222.93
2025-10,BTR-2005,Kroger,157,2093.47,994.81
2025-10,BTR-2005,Whole Foods,117,1560.1,741.36
2025-10,BTR-2005,Amazon,196,3875.19,1241.93
2025-10,BTR-2005,DTC Shopify,110,2174.85,697.0
2025-11,BTR-2005,Home Depot,452,6027.06,2864.05
2025-11,BTR-2005,Lowe's,455,6067.06,2883.06
2025-11,BTR-2005,Target,336,4480.29,2129.03
2025-11,BTR-2005,Walmart,479,6387.08,3035.14
2025-11,BTR-2005,Costco,263,3506.89,1666.47
2025-11,BTR-2005,Kroger,211,2813.52,1336.98
2025-11,BTR-2005,Whole Foods,142,1893.46,899.77
2025-11,BTR-2005,Amazon,266,5259.19,1685.48
2025-11,BTR-2005,DTC Shopify,156,3084.34,988.48
2025-12,BTR-2005,Home Depot,268,3573.57,1698.16
2025-12,BTR-2005,Lowe's,171,2280.15,1083.52
2025-12,BTR-2005,Target,169,2253.48,1070.85
2025-12,BTR-2005,Walmart,280,3733.58,1774.19
2025-12,BTR-2005,Costco,138,1840.12,874.42
2025-12,BTR-2005,Kroger,83,1106.74,525.92
2025-12,BTR-2005,Whole Foods,82,1093.4,519.58
2025-12,BTR-2005,Amazon,158,3123.88,1001.15
2025-12,BTR-2005,DTC Shopify,89,1759.65,563.94
2026-01,BTR-2005,Home Depot,539,7187.13,3415.32
2026-01,BTR-2005,Lowe's,306,4080.27,1938.94
2026-01,BTR-2005,Target,275,3666.9,1742.51
2026-01,BTR-2005,Walmart,506,6747.11,3206.22
2026-01,BTR-2005,Costco,270,3600.23,1710.83
2026-01,BTR-2005,Kroger,211,2813.52,1336.98
2026-01,BTR-2005,Whole Foods,145,1933.46,918.78
2026-01,BTR-2005,Amazon,283,5595.31,1793.2
2026-01,BTR-2005,DTC Shopify,130,2570.28,823.73
2026-02,BTR-2005,Home Depot,527,7027.12,3339.28
2026-02,BTR-2005,Lowe's,338,4506.96,2141.7
2026-02,BTR-2005,Target,301,4013.59,1907.26
2026-02,BTR-2005,Walmart,470,6267.07,2978.11
2026-02,BTR-2005,Costco,240,3200.21,1520.74
2026-02,BTR-2005,Kroger,206,2746.85,1305.3
2026-02,BTR-2005,Whole Foods,140,1866.79,887.1
2026-02,BTR-2005,Amazon,361,7137.48,2287.44
2026-02,BTR-2005,DTC Shopify,170,3361.14,1077.19
2026-03,BTR-2005,Home Depot,1027,13694.22,6507.48
2026-03,BTR-2005,Lowe's,811,10814.04,5138.82
2026-03,BTR-2005,Target,716,9547.29,4536.86
2026-03,BTR-2005,Walmart,1102,14694.29,6982.71
2026-03,BTR-2005,Costco,444,5920.38,2813.36
2026-03,BTR-2005,Kroger,339,4520.29,2148.04
2026-03,BTR-2005,Whole Foods,310,4133.6,1964.28
2026-03,BTR-2005,Amazon,536,10597.47,3396.31
2026-03,BTR-2005,DTC Shopify,257,5081.25,1628.45
2026-04,BTR-2005,Home Depot,1272,16961.1,8059.9
2026-04,BTR-2005,Lowe's,836,11147.39,5297.23
2026-04,BTR-2005,Target,804,10720.7,5094.47
2026-04,BTR-2005,Walmart,1366,18214.52,8655.52
2026-04,BTR-2005,Costco,531,7080.46,3364.63
2026-04,BTR-2005,Kroger,440,5867.05,2788.02
2026-04,BTR-2005,Whole Foods,347,4626.97,2198.73
2026-04,BTR-2005,Amazon,635,12554.84,4023.61
2026-04,BTR-2005,DTC Shopify,371,7335.19,2350.8
2026-05,BTR-2005,Home Depot,759,10120.66,4809.33
2026-05,BTR-2005,Lowe's,389,5187.0,2464.86
2026-05,BTR-2005,Target,406,5413.69,2572.58
2026-05,BTR-2005,Walmart,734,9787.3,4650.92
2026-05,BTR-2005,Costco,321,4280.28,2033.98
2026-05,BTR-2005,Kroger,220,2933.52,1394.01
2026-05,BTR-2005,Whole Foods,181,2413.49,1146.89
2026-05,BTR-2005,Amazon,416,8224.9,2635.94
2026-05,BTR-2005,DTC Shopify,200,3954.28,1267.28
2026-06,BTR-2005,Home Depot,389,5187.0,2464.86
2026-06,BTR-2005,Lowe's,328,4373.62,2078.34
2026-06,BTR-2005,Target,313,4173.6,1983.29
2026-06,BTR-2005,Walmart,434,5787.04,2750.0
2026-06,BTR-2005,Costco,209,2786.85,1324.31
2026-06,BTR-2005,Kroger,176,2346.82,1115.21
2026-06,BTR-2005,Whole Foods,125,1666.77,792.05
2026-06,BTR-2005,Amazon,248,4903.31,1571.43
2026-06,BTR-2005,DTC Shopify,137,2708.68,868.09
2026-07,BTR-2005,Home Depot,249,3320.22,1577.76
2026-07,BTR-2005,Lowe's,193,2573.5,1222.93
2026-07,BTR-2005,Target,201,2680.17,1273.62
2026-07,BTR-2005,Walmart,285,3800.25,1805.87
2026-07,BTR-2005,Costco,121,1613.44,766.7
2026-07,BTR-2005,Kroger,106,1413.43,671.66
2026-07,BTR-2005,Whole Foods,88,1173.41,557.6
2026-07,BTR-2005,Amazon,169,3341.37,1070.85
2026-07,BTR-2005,DTC Shopify,71,1403.77,449.88
2026-08,BTR-2005,Home Depot,145,1933.46,918.78
2026-08,BTR-2005,Lowe's,104,1386.76,658.99
2026-08,BTR-2005,Target,89,1186.74,563.94
2026-08,BTR-2005,Walmart,164,2186.81,1039.17
2026-08,BTR-2005,Costco,67,893.39,424.54
2026-08,BTR-2005,Kroger,77,1026.73,487.9
2026-08,BTR-2005,Whole Foods,44,586.7,278.8
2026-08,BTR-2005,Amazon,100,1977.14,633.64
2026-08,BTR-2005,DTC Shopify,48,949.03,304.15
2024-09,BTR-2101,Home Depot,4298,34874.83,18481.4
2024-09,BTR-2101,Lowe's,3094,25105.33,13304.2
2024-09,BTR-2101,Target,2053,16658.45,8827.9
2024-09,BTR-2101,Walmart,2088,16942.45,8978.4
2024-09,BTR-2101,Costco,1443,11708.79,6204.9
2024-09,BTR-2101,Kroger,860,6978.21,3698.0
2024-09,BTR-2101,Whole Foods,586,4754.92,2519.8
2024-09,BTR-2101,Amazon,510,6136.01,2193.0
2024-09,BTR-2101,DTC Shopify,135,1624.24,580.5
2024-10,BTR-2101,Home Depot,9200,74650.64,39560.0
2024-10,BTR-2101,Lowe's,6599,53545.61,28375.7
2024-10,BTR-2101,Target,3472,28172.5,14929.6
2024-10,BTR-2101,Walmart,3958,32116.0,17019.4
2024-10,BTR-2101,Costco,2349,19060.26,10100.7
2024-10,BTR-2101,Kroger,1467,11903.53,6308.1
2024-10,BTR-2101,Whole Foods,1187,9631.56,5104.1
2024-10,BTR-2101,Amazon,934,11237.33,4016.2
2024-10,BTR-2101,DTC Shopify,326,3922.24,1401.8
2024-11,BTR-2101,Home Depot,2873,23312.1,12353.9
2024-11,BTR-2101,Lowe's,2167,17583.47,9318.1
2024-11,BTR-2101,Target,1352,10970.4,5813.6
2024-11,BTR-2101,Walmart,1848,14995.04,7946.4
2024-11,BTR-2101,Costco,904,7335.24,3887.2
2024-11,BTR-2101,Kroger,521,4227.5,2240.3
2024-11,BTR-2101,Whole Foods,416,3375.51,1788.8
2024-11,BTR-2101,Amazon,340,4090.68,1462.0
2024-11,BTR-2101,DTC Shopify,118,1419.71,507.4
2024-12,BTR-2101,Home Depot,3215,26087.15,13824.5
2024-12,BTR-2101,Lowe's,2445,19839.22,10513.5
2024-12,BTR-2101,Target,1237,10037.27,5319.1
2024-12,BTR-2101,Walmart,1548,12560.78,6656.4
2024-12,BTR-2101,Costco,830,6734.79,3569.0
2024-12,BTR-2101,Kroger,657,5331.03,2825.1
2024-12,BTR-2101,Whole Foods,382,3099.62,1642.6
2024-12,BTR-2101,Amazon,394,4740.37,1694.2
2024-12,BTR-2101,DTC Shopify,123,1479.86,528.9
2025-01,BTR-2101,Home Depot,8089,65635.76,34782.7
2025-01,BTR-2101,Lowe's,4819,39102.33,20721.7
2025-01,BTR-2101,Target,2783,22581.82,11966.9
2025-01,BTR-2101,Walmart,3369,27336.74,14486.7
2025-01,BTR-2101,Costco,1818,14751.62,7817.4
2025-01,BTR-2101,Kroger,1090,8844.48,4687.0
2025-01,BTR-2101,Whole Foods,1129,9160.93,4854.7
2025-01,BTR-2101,Amazon,656,7892.6,2820.8
2025-01,BTR-2101,DTC Shopify,237,2851.44,1019.1
2025-02,BTR-2101,Home Depot,8150,66130.73,35045.0
2025-02,BTR-2101,Lowe's,5962,48376.86,25636.6
2025-02,BTR-2101,Target,3067,24886.25,13188.1
2025-02,BTR-2101,Walmart,4236,34371.75,18214.8
2025-02,BTR-2101,Costco,2829,22955.07,12164.7
2025-02,BTR-2101,Kroger,1369,11108.34,5886.7
2025-02,BTR-2101,Whole Foods,1384,11230.05,5951.2
2025-02,BTR-2101,Amazon,983,11826.87,4226.9
2025-02,BTR-2101,DTC Shopify,365,4391.46,1569.5
2025-03,BTR-2101,Home Depot,16764,136026.45,72085.2
2025-03,BTR-2101,Lowe's,11722,95114.65,50404.6
2025-03,BTR-2101,Target,6954,56426.15,29902.2
2025-03,BTR-2101,Walmart,7211,58511.5,31007.3
2025-03,BTR-2101,Costco,4317,35029.0,18563.1
2025-03,BTR-2101,Kroger,2938,23839.52,12633.4
2025-03,BTR-2101,Whole Foods,2210,17932.38,9503.0
2025-03,BTR-2101,Amazon,1998,24038.74,8591.4
2025-03,BTR-2101,DTC Shopify,613,7375.25,2635.9
2025-04,BTR-2101,Home Depot,20919,169740.95,89951.7
2025-04,BTR-2101,Lowe's,11645,94489.86,50073.5
2025-04,BTR-2101,Target,7602,61684.15,32688.6
2025-04,BTR-2101,Walmart,8460,68646.13,36378.0
2025-04,BTR-2101,Costco,5901,47881.89,25374.3
2025-04,BTR-2101,Kroger,2471,20050.19,10625.3
2025-04,BTR-2101,Whole Foods,2696,21875.88,11592.8
2025-04,BTR-2101,Amazon,2216,26661.58,9528.8
2025-04,BTR-2101,DTC Shopify,759,9131.83,3263.7
2025-05,BTR-2101,Home Depot,13332,108178.51,57327.6
2025-05,BTR-2101,Lowe's,10974,89045.23,47188.2
2025-05,BTR-2101,Target,6773,54957.48,29123.9
2025-05,BTR-2101,Walmart,6183,50170.1,26586.9
2025-05,BTR-2101,Costco,4785,38826.45,20575.5
2025-05,BTR-2101,Kroger,2461,19969.05,10582.3
2025-05,BTR-2101,Whole Foods,2078,16861.31,8935.4
2025-05,BTR-2101,Amazon,1346,16194.26,5787.8
2025-05,BTR-2101,DTC Shopify,509,6123.98,2188.7
2025-06,BTR-2101,Home Depot,9402,76289.71,40428.6
2025-06,BTR-2101,Lowe's,6278,50940.95,26995.4
2025-06,BTR-2101,Target,3822,31012.47,16434.6
2025-06,BTR-2101,Walmart,4499,36505.79,19345.7
2025-06,BTR-2101,Costco,2668,21648.69,11472.4
2025-06,BTR-2101,Kroger,1337,10848.69,5749.1
2025-06,BTR-2101,Whole Foods,1201,9745.15,5164.3
2025-06,BTR-2101,Amazon,986,11862.96,4239.8
2025-06,BTR-2101,DTC Shopify,346,4162.86,1487.8
2025-07,BTR-2101,Home Depot,6227,50527.12,26776.1
2025-07,BTR-2101,Lowe's,4069,33016.68,17496.7
2025-07,BTR-2101,Target,2779,22549.36,11949.7
2025-07,BTR-2101,Walmart,2915,23652.89,12534.5
2025-07,BTR-2101,Costco,1468,11911.65,6312.4
2025-07,BTR-2101,Kroger,1077,8738.99,4631.1
2025-07,BTR-2101,Whole Foods,684,5550.11,2941.2
2025-07,BTR-2101,Amazon,660,7940.72,2838.0
2025-07,BTR-2101,DTC Shopify,236,2839.41,1014.8
2025-08,BTR-2101,Home Depot,5918,48019.84,25447.4
2025-08,BTR-2101,Lowe's,4061,32951.77,17462.3
2025-08,BTR-2101,Target,2495,20244.93,10728.5
2025-08,BTR-2101,Walmart,3219,26119.61,13841.7
2025-08,BTR-2101,Costco,1758,14264.76,7559.4
2025-08,BTR-2101,Kroger,1204,9769.5,5177.2
2025-08,BTR-2101,Whole Foods,869,7051.24,3736.7
2025-08,BTR-2101,Amazon,640,7700.1,2752.0
2025-08,BTR-2101,DTC Shopify,173,2081.43,743.9
2025-09,BTR-2101,Home Depot,6375,51728.02,27412.5
2025-09,BTR-2101,Lowe's,3733,30290.31,16051.9
2025-09,BTR-2101,Target,2278,18484.15,9795.4
2025-09,BTR-2101,Walmart,3043,24691.51,13084.9
2025-09,BTR-2101,Costco,1865,15132.98,8019.5
2025-09,BTR-2101,Kroger,976,7919.46,4196.8
2025-09,BTR-2101,Whole Foods,780,6329.08,3354.0
2025-09,BTR-2101,Amazon,639,7688.06,2747.7
2025-09,BTR-2101,DTC Shopify,217,2610.81,933.1
2025-10,BTR-2101,Home Depot,11998,97354.17,51591.4
2025-10,BTR-2101,Lowe's,8011,65002.86,34447.3
2025-10,BTR-2101,Target,3233,26233.21,13901.9
2025-10,BTR-2101,Walmart,5188,42096.47,22308.4
2025-10,BTR-2101,Costco,1960,15903.83,8428.0
2025-10,BTR-2101,Kroger,1633,13250.49,7021.9
2025-10,BTR-2101,Whole Foods,980,7951.92,4214.0
2025-10,BTR-2101,Amazon,1060,12753.28,4558.0
2025-10,BTR-2101,DTC Shopify,347,4174.9,1492.1
2025-11,BTR-2101,Home Depot,3414,27701.88,14680.2
2025-11,BTR-2101,Lowe's,1928,15644.18,8290.4
2025-11,BTR-2101,Target,1447,11741.25,6222.1
2025-11,BTR-2101,Walmart,1312,10645.83,5641.6
2025-11,BTR-2101,Costco,987,8008.72,4244.1
2025-11,BTR-2101,Kroger,584,4738.69,2511.2
2025-11,BTR-2101,Whole Foods,469,3805.56,2016.7
2025-11,BTR-2101,Amazon,368,4427.56,1582.4
2025-11,BTR-2101,DTC Shopify,131,1576.11,563.3
2025-12,BTR-2101,Home Depot,3200,25965.44,13760.0
2025-12,BTR-2101,Lowe's,2296,18630.2,9872.8
2025-12,BTR-2101,Target,1394,11311.19,5994.2
2025-12,BTR-2101,Walmart,1388,11262.51,5968.4
2025-12,BTR-2101,Costco,870,7059.35,3741.0
2025-12,BTR-2101,Kroger,608,4933.43,2614.4
2025-12,BTR-2101,Whole Foods,556,4511.5,2390.8
2025-12,BTR-2101,Amazon,378,4547.87,1625.4
2025-12,BTR-2101,DTC Shopify,112,1347.52,481.6
2026-01,BTR-2101,Home Depot,4009,32529.83,17238.7
2026-01,BTR-2101,Lowe's,3239,26281.89,13927.7
2026-01,BTR-2101,Target,1637,13282.95,7039.1
2026-01,BTR-2101,Walmart,2104,17072.28,9047.2
2026-01,BTR-2101,Costco,1227,9956.12,5276.1
2026-01,BTR-2101,Kroger,581,4714.35,2498.3
2026-01,BTR-2101,Whole Foods,480,3894.82,2064.0
2026-01,BTR-2101,Amazon,497,5979.61,2137.1
2026-01,BTR-2101,DTC Shopify,170,2045.34,731.0
2026-02,BTR-2101,Home Depot,9249,75048.24,39770.7
2026-02,BTR-2101,Lowe's,6219,50462.21,26741.7
2026-02,BTR-2101,Target,3429,27823.59,14744.7
2026-02,BTR-2101,Walmart,4508,36578.81,19384.4
2026-02,BTR-2101,Costco,2424,19668.82,10423.2
2026-02,BTR-2101,Kroger,1629,13218.03,7004.7
2026-02,BTR-2101,Whole Foods,1289,10459.2,5542.7
2026-02,BTR-2101,Amazon,926,11141.08,3981.8
2026-02,BTR-2101,DTC Shopify,336,4042.55,1444.8
2026-03,BTR-2101,Home Depot,21626,175477.69,92991.8
2026-03,BTR-2101,Lowe's,13048,105874.08,56106.4
2026-03,BTR-2101,Target,7955,64548.46,34206.5
2026-03,BTR-2101,Walmart,11777,95560.93,50641.1
2026-03,BTR-2101,Costco,5005,40611.57,21521.5
2026-03,BTR-2101,Kroger,3024,24537.34,13003.2
2026-03,BTR-2101,Whole Foods,3201,25973.55,13764.3
2026-03,BTR-2101,Amazon,2243,26986.43,9644.9
2026-03,BTR-2101,DTC Shopify,745,8963.39,3203.5
2026-04,BTR-2101,Home Depot,18250,148084.15,78475.0
2026-04,BTR-2101,Lowe's,13367,108462.51,57478.1
2026-04,BTR-2101,Target,7756,62933.74,33350.8
2026-04,BTR-2101,Walmart,8156,66179.42,35070.8
2026-04,BTR-2101,Costco,4357,35353.57,18735.1
2026-04,BTR-2101,Kroger,2593,21040.12,11149.9
2026-04,BTR-2101,Whole Foods,2343,19011.57,10074.9
2026-04,BTR-2101,Amazon,1992,23966.55,8565.6
2026-04,BTR-2101,DTC Shopify,624,7507.59,2683.2
2026-05,BTR-2101,Home Depot,15438,125267.02,66383.4
2026-05,BTR-2101,Lowe's,7733,62747.11,33251.9
2026-05,BTR-2101,Target,5847,47443.73,25142.1
2026-05,BTR-2101,Walmart,8999,73019.69,38695.7
2026-05,BTR-2101,Costco,4460,36189.33,19178.0
2026-05,BTR-2101,Kroger,2802,22735.99,12048.6
2026-05,BTR-2101,Whole Foods,1905,15457.55,8191.5
2026-05,BTR-2101,Amazon,1828,21993.4,7860.4
2026-05,BTR-2101,DTC Shopify,553,6653.36,2377.9
2026-06,BTR-2101,Home Depot,11690,94855.0,50267.0
2026-06,BTR-2101,Lowe's,6356,51573.86,27330.8
2026-06,BTR-2101,Target,3976,32262.06,17096.8
2026-06,BTR-2101,Walmart,5033,40838.77,21641.9
2026-06,BTR-2101,Costco,2395,19433.51,10298.5
2026-06,BTR-2101,Kroger,1736,14086.25,7464.8
2026-06,BTR-2101,Whole Foods,1388,11262.51,5968.4
2026-06,BTR-2101,Amazon,894,10756.07,3844.2
2026-06,BTR-2101,DTC Shopify,412,4956.94,1771.6
2026-07,BTR-2101,Home Depot,6851,55590.38,29459.3
2026-07,BTR-2101,Lowe's,5520,44790.38,23736.0
2026-07,BTR-2101,Target,3318,26922.92,14267.4
2026-07,BTR-2101,Walmart,3793,30777.16,16309.9
2026-07,BTR-2101,Costco,2198,17835.01,9451.4
2026-07,BTR-2101,Kroger,1323,10735.09,5688.9
2026-07,BTR-2101,Whole Foods,1114,9039.22,4790.2
2026-07,BTR-2101,Amazon,794,9552.93,3414.2
2026-07,BTR-2101,DTC Shopify,204,2454.41,877.2
2026-08,BTR-2101,Home Depot,7107,57667.62,30560.1
2026-08,BTR-2101,Lowe's,5352,43427.2,23013.6
2026-08,BTR-2101,Target,2853,23149.81,12267.9
2026-08,BTR-2101,Walmart,2729,22143.65,11734.7
2026-08,BTR-2101,Costco,1546,12544.55,6647.8
2026-08,BTR-2101,Kroger,1090,8844.48,4687.0
2026-08,BTR-2101,Whole Foods,865,7018.78,3719.5
2026-08,BTR-2101,Amazon,587,7062.43,2524.1
2026-08,BTR-2101,DTC Shopify,203,2442.37,872.9
2024-09,BTR-2102,Home Depot,2743,19075.37,9874.8
2024-09,BTR-2102,Lowe's,2137,14861.13,7693.2
2024-09,BTR-2102,Target,1195,8310.27,4302.0
2024-09,BTR-2102,Walmart,1325,9214.31,4770.0
2024-09,BTR-2102,Costco,663,4610.63,2386.8
2024-09,BTR-2102,Kroger,480,3338.02,1728.0
2024-09,BTR-2102,Whole Foods,365,2538.28,1314.0
2024-09,BTR-2102,Amazon,329,3392.45,1184.4
2024-09,BTR-2102,DTC Shopify,93,958.96,334.8
2024-10,BTR-2102,Home Depot,3062,21293.76,11023.2
2024-10,BTR-2102,Lowe's,2328,16189.38,8380.8
2024-10,BTR-2102,Target,1427,9923.64,5137.2
2024-10,BTR-2102,Walmart,1786,12420.2,6429.6
2024-10,BTR-2102,Costco,795,5528.59,2862.0
2024-10,BTR-2102,Kroger,541,3762.22,1947.6
2024-10,BTR-2102,Whole Foods,547,3803.95,1969.2
2024-10,BTR-2102,Amazon,359,3701.79,1292.4
2024-10,BTR-2102,DTC Shopify,114,1175.5,410.4
2024-11,BTR-2102,Home Depot,1931,13428.56,6951.6
2024-11,BTR-2102,Lowe's,1255,8727.52,4518.0
2024-11,BTR-2102,Target,719,5000.07,2588.4
2024-11,BTR-2102,Walmart,997,6933.34,3589.2
2024-11,BTR-2102,Costco,540,3755.27,1944.0
2024-11,BTR-2102,Kroger,377,2621.73,1357.2
2024-11,BTR-2102,Whole Foods,279,1940.22,1004.4
2024-11,BTR-2102,Amazon,198,2041.66,712.8
2024-11,BTR-2102,DTC Shopify,73,752.73,262.8
2024-12,BTR-2102,Home Depot,1610,11196.26,5796.0
2024-12,BTR-2102,Lowe's,1469,10215.72,5288.4
2024-12,BTR-2102,Target,725,5041.8,2610.0
2024-12,BTR-2102,Walmart,882,6133.6,3175.2
2024-12,BTR-2102,Costco,474,3296.29,1706.4
2024-12,BTR-2102,Kroger,377,2621.73,1357.2
2024-12,BTR-2102,Whole Foods,228,1585.56,820.8
2024-12,BTR-2102,Amazon,201,2072.59,723.6
2024-12,BTR-2102,DTC Shopify,65,670.24,234.0
2025-01,BTR-2102,Home Depot,2128,14798.54,7660.8
2025-01,BTR-2102,Lowe's,1378,9582.89,4960.8
2025-01,BTR-2102,Target,943,6557.81,3394.8
2025-01,BTR-2102,Walmart,989,6877.7,3560.4
2025-01,BTR-2102,Costco,605,4207.29,2178.0
2025-01,BTR-2102,Kroger,362,2517.42,1303.2
2025-01,BTR-2102,Whole Foods,289,2009.76,1040.4
2025-01,BTR-2102,Amazon,196,2021.03,705.6
2025-01,BTR-2102,DTC Shopify,63,649.62,226.8
2025-02,BTR-2102,Home Depot,5791,40271.77,20847.6
2025-02,BTR-2102,Lowe's,3658,25438.46,13168.8
2025-02,BTR-2102,Target,1730,12030.77,6228.0
2025-02,BTR-2102,Walmart,2784,19360.49,10022.4
2025-02,BTR-2102,Costco,1750,12169.85,6300.0
2025-02,BTR-2102,Kroger,1018,7079.38,3664.8
2025-02,BTR-2102,Whole Foods,714,4965.3,2570.4
2025-02,BTR-2102,Amazon,519,5351.62,1868.4
2025-02,BTR-2102,DTC Shopify,181,1866.36,651.6
2025-03,BTR-2102,Home Depot,9478,65911.91,34120.8
2025-03,BTR-2102,Lowe's,5090,35396.88,18324.0
2025-03,BTR-2102,Target,3203,22274.3,11530.8
2025-03,BTR-2102,Walmart,3515,24444.01,12654.0
2025-03,BTR-2102,Costco,2380,16551.0,8568.0
2025-03,BTR-2102,Kroger,1594,11084.99,5738.4
2025-03,BTR-2102,Whole Foods,1213,8435.44,4366.8
2025-03,BTR-2102,Amazon,653,6733.34,2350.8
2025-03,BTR-2102,DTC Shopify,243,2505.67,874.8
2025-04,BTR-2102,Home Depot,10838,75369.62,39016.8
2025-04,BTR-2102,Lowe's,6931,48199.56,24951.6
2025-04,BTR-2102,Target,4459,31008.78,16052.4
2025-04,BTR-2102,Walmart,5046,35090.89,18165.6
2025-04,BTR-2102,Costco,3297,22928.0,11869.2
2025-04,BTR-2102,Kroger,1691,11759.55,6087.6
2025-04,BTR-2102,Whole Foods,1600,11126.72,5760.0
2025-04,BTR-2102,Amazon,1195,12322.12,4302.0
2025-04,BTR-2102,DTC Shopify,462,4763.87,1663.2
2025-05,BTR-2102,Home Depot,9423,65529.43,33922.8
2025-05,BTR-2102,Lowe's,6107,42469.3,21985.2
2025-05,BTR-2102,Target,4489,31217.4,16160.4
2025-05,BTR-2102,Walmart,4197,29186.78,15109.2
2025-05,BTR-2102,Costco,2584,17969.65,9302.4
2025-05,BTR-2102,Kroger,1442,10027.96,5191.2
2025-05,BTR-2102,Whole Foods,1488,10347.85,5356.8
2025-05,BTR-2102,Amazon,1093,11270.36,3934.8
2025-05,BTR-2102,DTC Shopify,317,3268.71,1141.2
2025-06,BTR-2102,Home Depot,6402,44520.79,23047.2
2025-06,BTR-2102,Lowe's,3713,25820.94,13366.8
2025-06,BTR-2102,Target,1919,13345.11,6908.4
2025-06,BTR-2102,Walmart,2919,20299.31,10508.4
2025-06,BTR-2102,Costco,1699,11815.19,6116.4
2025-06,BTR-2102,Kroger,967,6724.71,3481.2
2025-06,BTR-2102,Whole Foods,691,4805.35,2487.6
2025-06,BTR-2102,Amazon,564,5815.63,2030.4
2025-06,BTR-2102,DTC Shopify,192,1979.79,691.2
2025-07,BTR-2102,Home Depot,4361,30327.27,15699.6
2025-07,BTR-2102,Lowe's,2452,17051.7,8827.2
2025-07,BTR-2102,Target,1631,11342.3,5871.6
2025-07,BTR-2102,Walmart,1957,13609.37,7045.2
2025-07,BTR-2102,Costco,1122,7802.61,4039.2
2025-07,BTR-2102,Kroger,784,5452.09,2822.4
2025-07,BTR-2102,Whole Foods,427,2969.44,1537.2
2025-07,BTR-2102,Amazon,492,5073.21,1771.2
2025-07,BTR-2102,DTC Shopify,161,1660.14,579.6
2025-08,BTR-2102,Home Depot,3153,21926.59,11350.8
2025-08,BTR-2102,Lowe's,2437,16947.39,8773.2
2025-08,BTR-2102,Target,1330,9249.09,4788.0
2025-08,BTR-2102,Walmart,1518,10556.48,5464.8
2025-08,BTR-2102,Costco,889,6182.28,3200.4
2025-08,BTR-2102,Kroger,536,3727.45,1929.6
2025-08,BTR-2102,Whole Foods,427,2969.44,1537.2
2025-08,BTR-2102,Amazon,364,3753.35,1310.4
2025-08,BTR-2102,DTC Shopify,116,1196.12,417.6
2025-09,BTR-2102,Home Depot,3904,27149.2,14054.4
2025-09,BTR-2102,Lowe's,2732,18998.87,9835.2
2025-09,BTR-2102,Target,1490,10361.76,5364.0
2025-09,BTR-2102,Walmart,2014,14005.76,7250.4
2025-09,BTR-2102,Costco,1059,7364.5,3812.4
2025-09,BTR-2102,Kroger,708,4923.57,2548.8
2025-09,BTR-2102,Whole Foods,581,4040.39,2091.6
2025-09,BTR-2102,Amazon,474,4887.6,1706.4
2025-09,BTR-2102,DTC Shopify,124,1278.61,446.4
2025-10,BTR-2102,Home Depot,4332,30125.59,15595.2
2025-10,BTR-2102,Lowe's,2956,20556.62,10641.6
2025-10,BTR-2102,Target,1900,13212.98,6840.0
2025-10,BTR-2102,Walmart,2255,15681.72,8118.0
2025-10,BTR-2102,Costco,1165,8101.64,4194.0
2025-10,BTR-2102,Kroger,775,5389.5,2790.0
2025-10,BTR-2102,Whole Foods,533,3706.59,1918.8
2025-10,BTR-2102,Amazon,478,4928.85,1720.8
2025-10,BTR-2102,DTC Shopify,137,1412.66,493.2
2025-11,BTR-2102,Home Depot,1445,10048.82,5202.0
2025-11,BTR-2102,Lowe's,1142,7941.7,4111.2
2025-11,BTR-2102,Target,656,4561.96,2361.6
2025-11,BTR-2102,Walmart,772,5368.64,2779.2
2025-11,BTR-2102,Costco,445,3094.62,1602.0
2025-11,BTR-2102,Kroger,223,1550.79,802.8
2025-11,BTR-2102,Whole Foods,228,1585.56,820.8
2025-11,BTR-2102,Amazon,190,1959.17,684.0
2025-11,BTR-2102,DTC Shopify,58,598.06,208.8
2025-12,BTR-2102,Home Depot,2181,15167.11,7851.6
2025-12,BTR-2102,Lowe's,1182,8219.86,4255.2
2025-12,BTR-2102,Target,716,4979.21,2577.6
2025-12,BTR-2102,Walmart,927,6446.54,3337.2
2025-12,BTR-2102,Costco,441,3066.8,1587.6
2025-12,BTR-2102,Kroger,331,2301.84,1191.6
2025-12,BTR-2102,Whole Foods,256,1780.28,921.6
2025-12,BTR-2102,Amazon,169,1742.63,608.4
2025-12,BTR-2102,DTC Shopify,82,845.53,295.2
2026-01,BTR-2102,Home Depot,2665,18532.94,9594.0
2026-01,BTR-2102,Lowe's,1638,11390.98,5896.8
2026-01,BTR-2102,Target,929,6460.45,3344.4
2026-01,BTR-2102,Walmart,1129,7851.29,4064.4
2026-01,BTR-2102,Costco,705,4902.71,2538.0
2026-01,BTR-2102,Kroger,470,3268.47,1692.0
2026-01,BTR-2102,Whole Foods,361,2510.47,1299.6
2026-01,BTR-2102,Amazon,265,2732.52,954.0
2026-01,BTR-2102,DTC Shopify,83,855.85,298.8
2026-02,BTR-2102,Home Depot,8158,56732.36,29368.8
2026-02,BTR-2102,Lowe's,5548,38581.9,19972.8
2026-02,BTR-2102,Target,3768,26203.43,13564.8
2026-02,BTR-2102,Walmart,4767,33150.67,17161.2
2026-02,BTR-2102,Costco,2318,16119.84,8344.8
2026-02,BTR-2102,Kroger,1668,11599.61,6004.8
2026-02,BTR-2102,Whole Foods,1110,7719.16,3996.0
2026-02,BTR-2102,Amazon,966,9960.81,3477.6
2026-02,BTR-2102,DTC Shopify,371,3825.53,1335.6
2026-03,BTR-2102,Home Depot,11217,78005.26,40381.2
2026-03,BTR-2102,Lowe's,7609,52914.51,27392.4
2026-03,BTR-2102,Target,5239,36433.05,18860.4
2026-03,BTR-2102,Walmart,5551,38602.76,19983.6
2026-03,BTR-2102,Costco,3559,24750.0,12812.4
2026-03,BTR-2102,Kroger,2009,13970.99,7232.4
2026-03,BTR-2102,Whole Foods,1426,9916.69,5133.6
2026-03,BTR-2102,Amazon,1190,12270.57,4284.0
2026-03,BTR-2102,DTC Shopify,407,4196.74,1465.2
2026-04,BTR-2102,Home Depot,13369,92970.7,48128.4
2026-04,BTR-2102,Lowe's,10061,69966.21,36219.6
2026-04,BTR-2102,Target,5478,38095.11,19720.8
2026-04,BTR-2102,Walmart,6479,45056.26,23324.4
2026-04,BTR-2102,Costco,3569,24819.54,12848.4
2026-04,BTR-2102,Kroger,2547,17712.35,9169.2
2026-04,BTR-2102,Whole Foods,2057,14304.79,7405.2
2026-04,BTR-2102,Amazon,1287,13270.77,4633.2
2026-04,BTR-2102,DTC Shopify,483,4980.41,1738.8
2026-05,BTR-2102,Home Depot,8098,56315.11,29152.8
2026-05,BTR-2102,Lowe's,4779,33234.12,17204.4
2026-05,BTR-2102,Target,4091,28449.63,14727.6
2026-05,BTR-2102,Walmart,4180,29068.56,15048.0
2026-05,BTR-2102,Costco,2672,18581.62,9619.2
2026-05,BTR-2102,Kroger,1416,9847.15,5097.6
2026-05,BTR-2102,Whole Foods,1424,9902.78,5126.4
2026-05,BTR-2102,Amazon,1048,10806.35,3772.8
2026-05,BTR-2102,DTC Shopify,413,4258.61,1486.8
2026-06,BTR-2102,Home Depot,7198,50056.33,25912.8
2026-06,BTR-2102,Lowe's,4225,29381.49,15210.0
2026-06,BTR-2102,Target,2351,16349.32,8463.6
2026-06,BTR-2102,Walmart,3136,21808.37,11289.6
2026-06,BTR-2102,Costco,1904,13240.8,6854.4
2026-06,BTR-2102,Kroger,1039,7225.41,3740.4
2026-06,BTR-2102,Whole Foods,882,6133.6,3175.2
2026-06,BTR-2102,Amazon,572,5898.12,2059.2
2026-06,BTR-2102,DTC Shopify,234,2412.87,842.4
2026-07,BTR-2102,Home Depot,9285,64569.75,33426.0
2026-07,BTR-2102,Lowe's,5317,36975.48,19141.2
2026-07,BTR-2102,Target,3207,22302.12,11545.2
2026-07,BTR-2102,Walmart,4110,28581.76,14796.0
2026-07,BTR-2102,Costco,2314,16092.02,8330.4
2026-07,BTR-2102,Kroger,1382,9610.7,4975.2
2026-07,BTR-2102,Whole Foods,1239,8616.25,4460.4
2026-07,BTR-2102,Amazon,949,9785.52,3416.4
2026-07,BTR-2102,DTC Shopify,342,3526.5,1231.2
2026-08,BTR-2102,Home Depot,4088,28428.77,14716.8
2026-08,BTR-2102,Lowe's,2875,19993.32,10350.0
2026-08,BTR-2102,Target,1543,10730.33,5554.8
2026-08,BTR-2102,Walmart,2043,14207.43,7354.8
2026-08,BTR-2102,Costco,1314,9137.82,4730.4
2026-08,BTR-2102,Kroger,712,4951.39,2563.2
2026-08,BTR-2102,Whole Foods,522,3630.09,1879.2
2026-08,BTR-2102,Amazon,488,5031.96,1756.8
2026-08,BTR-2102,DTC Shopify,140,1443.6,504.0
2024-09,BTR-2103,Home Depot,2475,35873.14,22027.5
2024-09,BTR-2103,Lowe's,1605,23263.19,14284.5
2024-09,BTR-2103,Target,973,14102.86,8659.7
2024-09,BTR-2103,Walmart,1054,15276.89,9380.6
2024-09,BTR-2103,Costco,595,8624.05,5295.5
2024-09,BTR-2103,Kroger,390,5652.74,3471.0
2024-09,BTR-2103,Whole Foods,336,4870.05,2990.4
2024-09,BTR-2103,Amazon,261,5609.26,2322.9
2024-09,BTR-2103,DTC Shopify,65,1396.94,578.5
2024-10,BTR-2103,Home Depot,2740,39714.11,24386.0
2024-10,BTR-2103,Lowe's,1870,27104.15,16643.0
2024-10,BTR-2103,Target,1114,16146.54,9914.6
2024-10,BTR-2103,Walmart,1470,21306.47,13083.0
2024-10,BTR-2103,Costco,687,9957.52,6114.3
2024-10,BTR-2103,Kroger,391,5667.23,3479.9
2024-10,BTR-2103,Whole Foods,381,5522.29,3390.9
2024-10,BTR-2103,Amazon,291,6254.0,2589.9
2024-10,BTR-2103,DTC Shopify,111,2385.55,987.9
2024-11,BTR-2103,Home Depot,2003,29031.88,17826.7
2024-11,BTR-2103,Lowe's,1354,19625.15,12050.6
2024-11,BTR-2103,Target,701,10160.43,6238.9
2024-11,BTR-2103,Walmart,875,12682.42,7787.5
2024-11,BTR-2103,Costco,611,8855.96,5437.9
2024-11,BTR-2103,Kroger,306,4435.23,2723.4
2024-11,BTR-2103,Whole Foods,249,3609.06,2216.1
2024-11,BTR-2103,Amazon,200,4298.28,1780.0
2024-11,BTR-2103,DTC Shopify,71,1525.89,631.9
2024-12,BTR-2103,Home Depot,1912,27712.91,17016.8
2024-12,BTR-2103,Lowe's,1198,17364.05,10662.2
2024-12,BTR-2103,Target,669,9696.62,5954.1
2024-12,BTR-2103,Walmart,735,10653.24,6541.5
2024-12,BTR-2103,Costco,392,5681.73,3488.8
2024-12,BTR-2103,Kroger,268,3884.45,2385.2
2024-12,BTR-2103,Whole Foods,212,3072.77,1886.8
2024-12,BTR-2103,Amazon,173,3718.01,1539.7
2024-12,BTR-2103,DTC Shopify,57,1225.01,507.3
2025-01,BTR-2103,Home Depot,2287,33148.24,20354.3
2025-01,BTR-2103,Lowe's,1399,20277.39,12451.1
2025-01,BTR-2103,Target,710,10290.88,6319.0
2025-01,BTR-2103,Walmart,852,12349.06,7582.8
2025-01,BTR-2103,Costco,489,7087.66,4352.1
2025-01,BTR-2103,Kroger,304,4406.24,2705.6
2025-01,BTR-2103,Whole Foods,278,4029.39,2474.2
2025-01,BTR-2103,Amazon,213,4577.67,1895.7
2025-01,BTR-2103,DTC Shopify,82,1762.29,729.8
2025-02,BTR-2103,Home Depot,5010,72615.94,44589.0
2025-02,BTR-2103,Lowe's,3208,46497.39,28551.2
2025-02,BTR-2103,Target,1945,28191.22,17310.5
2025-02,BTR-2103,Walmart,2412,34960.01,21466.8
2025-02,BTR-2103,Costco,1339,19407.73,11917.1
2025-02,BTR-2103,Kroger,857,12421.53,7627.3
2025-02,BTR-2103,Whole Foods,593,8595.06,5277.7
2025-02,BTR-2103,Amazon,465,9993.5,4138.5
2025-02,BTR-2103,DTC Shopify,201,4319.77,1788.9
2025-03,BTR-2103,Home Depot,6489,94052.86,57752.1
2025-03,BTR-2103,Lowe's,4639,67238.59,41287.1
2025-03,BTR-2103,Target,2511,36394.94,22347.9
2025-03,BTR-2103,Walmart,3005,43555.07,26744.5
2025-03,BTR-2103,Costco,1675,24277.78,14907.5
2025-03,BTR-2103,Kroger,1141,16537.88,10154.9
2025-03,BTR-2103,Whole Foods,862,12494.0,7671.8
2025-03,BTR-2103,Amazon,603,12959.31,5366.7
2025-03,BTR-2103,DTC Shopify,220,4728.11,1958.0
2025-04,BTR-2103,Home Depot,7949,115214.4,70746.1
2025-04,BTR-2103,Lowe's,4739,68688.01,42177.1
2025-04,BTR-2103,Target,2946,42699.91,26219.4
2025-04,BTR-2103,Walmart,3276,47483.0,29156.4
2025-04,BTR-2103,Costco,1664,24118.35,14809.6
2025-04,BTR-2103,Kroger,1146,16610.35,10199.4
2025-04,BTR-2103,Whole Foods,895,12972.31,7965.5
2025-04,BTR-2103,Amazon,730,15688.72,6497.0
2025-04,BTR-2103,DTC Shopify,277,5953.12,2465.3
2025-05,BTR-2103,Home Depot,6018,87226.1,53560.2
2025-05,BTR-2103,Lowe's,3722,53947.41,33125.8
2025-05,BTR-2103,Target,2560,37105.15,22784.0
2025-05,BTR-2103,Walmart,3138,45482.8,27928.2
2025-05,BTR-2103,Costco,1747,25321.37,15548.3
2025-05,BTR-2103,Kroger,979,14189.82,8713.1
2025-05,BTR-2103,Whole Foods,738,10696.72,6568.2
2025-05,BTR-2103,Amazon,807,17343.56,7182.3
2025-05,BTR-2103,DTC Shopify,260,5587.76,2314.0
2025-06,BTR-2103,Home Depot,3488,50555.77,31043.2
2025-06,BTR-2103,Lowe's,2295,33264.19,20425.5
2025-06,BTR-2103,Target,1429,20712.21,12718.1
2025-06,BTR-2103,Walmart,1796,26031.58,15984.4
2025-06,BTR-2103,Costco,1062,15392.84,9451.8
2025-06,BTR-2103,Kroger,625,9058.87,5562.5
2025-06,BTR-2103,Whole Foods,350,5072.97,3115.0
2025-06,BTR-2103,Amazon,362,7779.89,3221.8
2025-06,BTR-2103,DTC Shopify,135,2901.34,1201.5
2025-07,BTR-2103,Home Depot,3779,54773.58,33633.1
2025-07,BTR-2103,Lowe's,2383,34539.68,21208.7
2025-07,BTR-2103,Target,1573,22799.38,13999.7
2025-07,BTR-2103,Walmart,1638,23741.5,14578.2
2025-07,BTR-2103,Costco,1011,14653.64,8997.9
2025-07,BTR-2103,Kroger,751,10885.14,6683.9
2025-07,BTR-2103,Whole Foods,550,7971.81,4895.0
2025-07,BTR-2103,Amazon,435,9348.76,3871.5
2025-07,BTR-2103,DTC Shopify,152,3266.69,1352.8
2025-08,BTR-2103,Home Depot,2103,30481.3,18716.7
2025-08,BTR-2103,Lowe's,1220,17682.92,10858.0
2025-08,BTR-2103,Target,837,12131.65,7449.3
2025-08,BTR-2103,Walmart,1012,14668.13,9006.8
2025-08,BTR-2103,Costco,492,7131.15,4378.8
2025-08,BTR-2103,Kroger,305,4420.73,2714.5
2025-08,BTR-2103,Whole Foods,354,5130.95,3150.6
2025-08,BTR-2103,Amazon,212,4556.18,1886.8
2025-08,BTR-2103,DTC Shopify,70,1504.4,623.0
2025-09,BTR-2103,Home Depot,2777,40250.39,24715.3
2025-09,BTR-2103,Lowe's,1878,27220.11,16714.2
2025-09,BTR-2103,Target,1129,16363.95,10048.1
2025-09,BTR-2103,Walmart,1232,17856.85,10964.8
2025-09,BTR-2103,Costco,802,11624.35,7137.8
2025-09,BTR-2103,Kroger,454,6580.37,4040.6
2025-09,BTR-2103,Whole Foods,362,5246.9,3221.8
2025-09,BTR-2103,Amazon,270,5802.68,2403.0
2025-09,BTR-2103,DTC Shopify,95,2041.68,845.5
2025-10,BTR-2103,Home Depot,2467,35757.19,21956.3
2025-10,BTR-2103,Lowe's,2068,29974.01,18405.2
2025-10,BTR-2103,Target,1046,15160.93,9309.4
2025-10,BTR-2103,Walmart,1032,14958.01,9184.8
2025-10,BTR-2103,Costco,733,10624.25,6523.7
2025-10,BTR-2103,Kroger,393,5696.22,3497.7
2025-10,BTR-2103,Whole Foods,332,4812.07,2954.8
2025-10,BTR-2103,Amazon,290,6232.51,2581.0
2025-10,BTR-2103,DTC Shopify,107,2299.58,952.3
2025-11,BTR-2103,Home Depot,1320,19132.34,11748.0
2025-11,BTR-2103,Lowe's,1240,17972.81,11036.0
2025-11,BTR-2103,Target,615,8913.93,5473.5
2025-11,BTR-2103,Walmart,819,11870.75,7289.1
2025-11,BTR-2103,Costco,408,5913.63,3631.2
2025-11,BTR-2103,Kroger,237,3435.13,2109.3
2025-11,BTR-2103,Whole Foods,206,2985.81,1833.4
2025-11,BTR-2103,Amazon,141,3030.29,1254.9
2025-11,BTR-2103,DTC Shopify,51,1096.06,453.9
2025-12,BTR-2103,Home Depot,2293,33235.2,20407.7
2025-12,BTR-2103,Lowe's,1667,24161.83,14836.3
2025-12,BTR-2103,Target,925,13407.13,8232.5
2025-12,BTR-2103,Walmart,1064,15421.83,9469.6
2025-12,BTR-2103,Costco,541,7841.36,4814.9
2025-12,BTR-2103,Kroger,351,5087.46,3123.9
2025-12,BTR-2103,Whole Foods,292,4232.31,2598.8
2025-12,BTR-2103,Amazon,208,4470.21,1851.2
2025-12,BTR-2103,DTC Shopify,69,1482.91,614.1
2026-01,BTR-2103,Home Depot,2119,30713.21,18859.1
2026-01,BTR-2103,Lowe's,1336,19364.25,11890.4
2026-01,BTR-2103,Target,871,12624.45,7751.9
2026-01,BTR-2103,Walmart,1114,16146.54,9914.6
2026-01,BTR-2103,Costco,581,8421.13,5170.9
2026-01,BTR-2103,Kroger,359,5203.42,3195.1
2026-01,BTR-2103,Whole Foods,331,4797.58,2945.9
2026-01,BTR-2103,Amazon,221,4749.6,1966.9
2026-01,BTR-2103,DTC Shopify,86,1848.26,765.4
2026-02,BTR-2103,Home Depot,3465,50222.4,30838.5
2026-02,BTR-2103,Lowe's,2690,38989.4,23941.0
2026-02,BTR-2103,Target,1532,22205.11,13634.8
2026-02,BTR-2103,Walmart,1659,24045.88,14765.1
2026-02,BTR-2103,Costco,1197,17349.56,10653.3
2026-02,BTR-2103,Kroger,719,10421.33,6399.1
2026-02,BTR-2103,Whole Foods,483,7000.7,4298.7
2026-02,BTR-2103,Amazon,475,10208.41,4227.5
2026-02,BTR-2103,DTC Shopify,150,3223.71,1335.0
2026-03,BTR-2103,Home Depot,5031,72920.32,44775.9
2026-03,BTR-2103,Lowe's,4137,59962.51,36819.3
2026-03,BTR-2103,Target,2404,34844.06,21395.6
2026-03,BTR-2103,Walmart,2848,41279.48,25347.2
2026-03,BTR-2103,Costco,1804,26147.54,16055.6
2026-03,BTR-2103,Kroger,1147,16624.85,10208.3
2026-03,BTR-2103,Whole Foods,749,10856.16,6666.1
2026-03,BTR-2103,Amazon,647,13904.94,5758.3
2026-03,BTR-2103,DTC Shopify,233,5007.5,2073.7
2026-04,BTR-2103,Home Depot,6757,97937.31,60137.3
2026-04,BTR-2103,Lowe's,4813,69760.58,42835.7
2026-04,BTR-2103,Target,2877,41699.81,25605.3
2026-04,BTR-2103,Walmart,3428,49686.12,30509.2
2026-04,BTR-2103,Costco,1636,23712.51,14560.4
2026-04,BTR-2103,Kroger,1138,16494.4,10128.2
2026-04,BTR-2103,Whole Foods,842,12204.12,7493.8
2026-04,BTR-2103,Amazon,607,13045.28,5402.3
2026-04,BTR-2103,DTC Shopify,239,5136.44,2127.1
2026-05,BTR-2103,Home Depot,6256,90675.72,55678.4
2026-05,BTR-2103,Lowe's,4107,59527.68,36552.3
2026-05,BTR-2103,Target,2436,35307.87,21680.4
2026-05,BTR-2103,Walmart,2715,39351.75,24163.5
2026-05,BTR-2103,Costco,1747,25321.37,15548.3
2026-05,BTR-2103,Kroger,1204,17451.02,10715.6
2026-05,BTR-2103,Whole Foods,797,11551.88,7093.3
2026-05,BTR-2103,Amazon,635,13647.04,5651.5
2026-05,BTR-2103,DTC Shopify,217,4663.63,1931.3
2026-06,BTR-2103,Home Depot,7258,105198.9,64596.2
2026-06,BTR-2103,Lowe's,5384,78036.77,47917.6
2026-06,BTR-2103,Target,3098,44903.03,27572.2
2026-06,BTR-2103,Walmart,3208,46497.39,28551.2
2026-06,BTR-2103,Costco,1818,26350.46,16180.2
2026-06,BTR-2103,Kroger,1163,16856.75,10350.7
2026-06,BTR-2103,Whole Foods,1147,16624.85,10208.3
2026-06,BTR-2103,Amazon,718,15430.83,6390.2
2026-06,BTR-2103,DTC Shopify,260,5587.76,2314.0
2026-07,BTR-2103,Home Depot,2291,33206.21,20389.9
2026-07,BTR-2103,Lowe's,1829,26509.89,16278.1
2026-07,BTR-2103,Target,1069,15494.3,9514.1
2026-07,BTR-2103,Walmart,1097,15900.14,9763.3
2026-07,BTR-2103,Costco,699,10131.45,6221.1
2026-07,BTR-2103,Kroger,413,5986.1,3675.7
2026-07,BTR-2103,Whole Foods,330,4783.09,2937.0
2026-07,BTR-2103,Amazon,277,5953.12,2465.3
2026-07,BTR-2103,DTC Shopify,87,1869.75,774.3
2026-08,BTR-2103,Home Depot,2387,34597.66,21244.3
2026-08,BTR-2103,Lowe's,1313,19030.88,11685.7
2026-08,BTR-2103,Target,1191,17262.59,10599.9
2026-08,BTR-2103,Walmart,991,14363.75,8819.9
2026-08,BTR-2103,Costco,678,9827.07,6034.2
2026-08,BTR-2103,Kroger,441,6391.94,3924.9
2026-08,BTR-2103,Whole Foods,380,5507.8,3382.0
2026-08,BTR-2103,Amazon,233,5007.5,2073.7
2026-08,BTR-2103,DTC Shopify,100,2149.14,890.0
2024-09,BTR-2104,Home Depot,1533,9327.08,4752.3
2024-09,BTR-2104,Lowe's,971,5907.76,3010.1
2024-09,BTR-2104,Target,616,3747.87,1909.6
2024-09,BTR-2104,Walmart,830,5049.89,2573.0
2024-09,BTR-2104,Costco,504,3066.44,1562.4
2024-09,BTR-2104,Kroger,241,1466.29,747.1
2024-09,BTR-2104,Whole Foods,247,1502.8,765.7
2024-09,BTR-2104,Amazon,167,1506.57,517.7
2024-09,BTR-2104,DTC Shopify,58,523.24,179.8
2024-10,BTR-2104,Home Depot,1884,11462.63,5840.4
2024-10,BTR-2104,Lowe's,1017,6187.63,3152.7
2024-10,BTR-2104,Target,815,4958.62,2526.5
2024-10,BTR-2104,Walmart,733,4459.72,2272.3
2024-10,BTR-2104,Costco,479,2914.33,1484.9
2024-10,BTR-2104,Kroger,288,1752.25,892.8
2024-10,BTR-2104,Whole Foods,223,1356.78,691.3
2024-10,BTR-2104,Amazon,191,1723.09,592.1
2024-10,BTR-2104,DTC Shopify,64,577.37,198.4
2024-11,BTR-2104,Home Depot,1066,6485.76,3304.6
2024-11,BTR-2104,Lowe's,583,3547.09,1807.3
2024-11,BTR-2104,Target,411,2500.61,1274.1
2024-11,BTR-2104,Walmart,529,3218.54,1639.9
2024-11,BTR-2104,Costco,211,1283.77,654.1
2024-11,BTR-2104,Kroger,175,1064.73,542.5
2024-11,BTR-2104,Whole Foods,124,754.44,384.4
2024-11,BTR-2104,Amazon,111,1001.38,344.1
2024-11,BTR-2104,DTC Shopify,32,288.68,99.2
2024-12,BTR-2104,Home Depot,877,5335.84,2718.7
2024-12,BTR-2104,Lowe's,464,2823.07,1438.4
2024-12,BTR-2104,Target,269,1636.65,833.9
2024-12,BTR-2104,Walmart,349,2123.39,1081.9
2024-12,BTR-2104,Costco,188,1143.83,582.8
2024-12,BTR-2104,Kroger,143,870.04,443.3
2024-12,BTR-2104,Whole Foods,106,644.93,328.6
2024-12,BTR-2104,Amazon,103,929.2,319.3
2024-12,BTR-2104,DTC Shopify,33,297.71,102.3
2025-01,BTR-2104,Home Depot,1581,9619.12,4901.1
2025-01,BTR-2104,Lowe's,1144,6960.32,3546.4
2025-01,BTR-2104,Target,688,4185.93,2132.8
2025-01,BTR-2104,Walmart,764,4648.33,2368.4
2025-01,BTR-2104,Costco,363,2208.56,1125.3
2025-01,BTR-2104,Kroger,296,1800.92,917.6
2025-01,BTR-2104,Whole Foods,176,1070.82,545.6
2025-01,BTR-2104,Amazon,148,1335.17,458.8
2025-01,BTR-2104,DTC Shopify,54,487.16,167.4
2025-02,BTR-2104,Home Depot,2704,16451.68,8382.4
2025-02,BTR-2104,Lowe's,1794,10915.05,5561.4
2025-02,BTR-2104,Target,899,5469.7,2786.9
2025-02,BTR-2104,Walmart,1288,7836.45,3992.8
2025-02,BTR-2104,Costco,625,3802.62,1937.5
2025-02,BTR-2104,Kroger,464,2823.07,1438.4
2025-02,BTR-2104,Whole Foods,316,1922.61,979.6
2025-02,BTR-2104,Amazon,260,2345.56,806.0
2025-02,BTR-2104,DTC Shopify,94,848.01,291.4
2025-03,BTR-2104,Home Depot,4381,26654.88,13581.1
2025-03,BTR-2104,Lowe's,3792,23071.29,11755.2
2025-03,BTR-2104,Target,2125,12928.92,6587.5
2025-03,BTR-2104,Walmart,2287,13914.57,7089.7
2025-03,BTR-2104,Costco,1510,9187.14,4681.0
2025-03,BTR-2104,Kroger,791,4812.6,2452.1
2025-03,BTR-2104,Whole Foods,715,4350.2,2216.5
2025-03,BTR-2104,Amazon,504,4546.79,1562.4
2025-03,BTR-2104,DTC Shopify,174,1569.72,539.4
2025-04,BTR-2104,Home Depot,4321,26289.83,13395.1
2025-04,BTR-2104,Lowe's,3623,22043.06,11231.3
2025-04,BTR-2104,Target,2071,12600.38,6420.1
2025-04,BTR-2104,Walmart,2185,13293.98,6773.5
2025-04,BTR-2104,Costco,1584,9637.37,4910.4
2025-04,BTR-2104,Kroger,982,5974.68,3044.2
2025-04,BTR-2104,Whole Foods,731,4447.55,2266.1
2025-04,BTR-2104,Amazon,528,4763.3,1636.8
2025-04,BTR-2104,DTC Shopify,221,1993.73,685.1
2025-05,BTR-2104,Home Depot,4060,24701.85,12586.0
2025-05,BTR-2104,Lowe's,2351,14303.95,7288.1
2025-05,BTR-2104,Target,1814,11036.74,5623.4
2025-05,BTR-2104,Walmart,1866,11353.12,5784.6
2025-05,BTR-2104,Costco,1098,6680.45,3403.8
2025-05,BTR-2104,Kroger,818,4976.88,2535.8
2025-05,BTR-2104,Whole Foods,512,3115.11,1587.2
2025-05,BTR-2104,Amazon,455,4104.74,1410.5
2025-05,BTR-2104,DTC Shopify,156,1407.34,483.6
2025-06,BTR-2104,Home Depot,2493,15167.91,7728.3
2025-06,BTR-2104,Lowe's,1738,10574.34,5387.8
2025-06,BTR-2104,Target,1133,6893.4,3512.3
2025-06,BTR-2104,Walmart,1359,8268.43,4212.9
2025-06,BTR-2104,Costco,694,4222.43,2151.4
2025-06,BTR-2104,Kroger,409,2488.44,1267.9
2025-06,BTR-2104,Whole Foods,357,2172.06,1106.7
2025-06,BTR-2104,Amazon,274,2471.86,849.4
2025-06,BTR-2104,DTC Shopify,114,1028.44,353.4
2025-07,BTR-2104,Home Depot,2113,12855.91,6550.3
2025-07,BTR-2104,Lowe's,1390,8457.04,4309.0
2025-07,BTR-2104,Target,721,4386.71,2235.1
2025-07,BTR-2104,Walmart,935,5688.73,2898.5
2025-07,BTR-2104,Costco,504,3066.44,1562.4
2025-07,BTR-2104,Kroger,416,2531.03,1289.6
2025-07,BTR-2104,Whole Foods,292,1776.59,905.2
2025-07,BTR-2104,Amazon,229,2065.9,709.9
2025-07,BTR-2104,DTC Shopify,102,920.18,316.2
2025-08,BTR-2104,Home Depot,1678,10209.29,5201.8
2025-08,BTR-2104,Lowe's,1232,7495.73,3819.2
2025-08,BTR-2104,Target,634,3857.38,1965.4
2025-08,BTR-2104,Walmart,642,3906.06,1990.2
2025-08,BTR-2104,Costco,425,2585.78,1317.5
2025-08,BTR-2104,Kroger,247,1502.8,765.7
2025-08,BTR-2104,Whole Foods,236,1435.87,731.6
2025-08,BTR-2104,Amazon,115,1037.46,356.5
2025-08,BTR-2104,DTC Shopify,56,505.2,173.6
2025-09,BTR-2104,Home Depot,2100,12776.82,6510.0
2025-09,BTR-2104,Lowe's,1057,6431.0,3276.7
2025-09,BTR-2104,Target,857,5214.16,2656.7
2025-09,BTR-2104,Walmart,886,5390.6,2746.6
2025-09,BTR-2104,Costco,636,3869.55,1971.6
2025-09,BTR-2104,Kroger,351,2135.55,1088.1
2025-09,BTR-2104,Whole Foods,257,1563.64,796.7
2025-09,BTR-2104,Amazon,198,1786.24,613.8
2025-09,BTR-2104,DTC Shopify,79,712.69,244.9
2025-10,BTR-2104,Home Depot,1634,9941.58,5065.4
2025-10,BTR-2104,Lowe's,910,5536.62,2821.0
2025-10,BTR-2104,Target,684,4161.59,2120.4
2025-10,BTR-2104,Walmart,799,4861.28,2476.9
2025-10,BTR-2104,Costco,384,2336.33,1190.4
2025-10,BTR-2104,Kroger,276,1679.24,855.6
2025-10,BTR-2104,Whole Foods,218,1326.36,675.8
2025-10,BTR-2104,Amazon,153,1380.27,474.3
2025-10,BTR-2104,DTC Shopify,44,396.94,136.4
2025-11,BTR-2104,Home Depot,1118,6802.14,3465.8
2025-11,BTR-2104,Lowe's,701,4265.02,2173.1
2025-11,BTR-2104,Target,513,3121.19,1590.3
2025-11,BTR-2104,Walmart,483,2938.67,1497.3
2025-11,BTR-2104,Costco,335,2038.21,1038.5
2025-11,BTR-2104,Kroger,176,1070.82,545.6
2025-11,BTR-2104,Whole Foods,143,870.04,443.3
2025-11,BTR-2104,Amazon,131,1181.8,406.1
2025-11,BTR-2104,DTC Shopify,42,378.9,130.2
2025-12,BTR-2104,Home Depot,1189,7234.11,3685.9
2025-12,BTR-2104,Lowe's,764,4648.33,2368.4
2025-12,BTR-2104,Target,366,2226.82,1134.6
2025-12,BTR-2104,Walmart,403,2451.93,1249.3
2025-12,BTR-2104,Costco,323,1965.2,1001.3
2025-12,BTR-2104,Kroger,161,979.56,499.1
2025-12,BTR-2104,Whole Foods,116,705.77,359.6
2025-12,BTR-2104,Amazon,96,866.05,297.6
2025-12,BTR-2104,DTC Shopify,40,360.86,124.0
2026-01,BTR-2104,Home Depot,1722,10476.99,5338.2
2026-01,BTR-2104,Lowe's,1075,6540.51,3332.5
2026-01,BTR-2104,Target,546,3321.97,1692.6
2026-01,BTR-2104,Walmart,832,5062.05,2579.2
2026-01,BTR-2104,Costco,478,2908.25,1481.8
2026-01,BTR-2104,Kroger,302,1837.43,936.2
2026-01,BTR-2104,Whole Foods,248,1508.88,768.8
2026-01,BTR-2104,Amazon,168,1515.6,520.8
2026-01,BTR-2104,DTC Shopify,61,550.31,189.1
2026-02,BTR-2104,Home Depot,2058,12521.28,6379.8
2026-02,BTR-2104,Lowe's,1536,9345.33,4761.6
2026-02,BTR-2104,Target,1062,6461.42,3292.2
2026-02,BTR-2104,Walmart,1157,7039.42,3586.7
2026-02,BTR-2104,Costco,828,5037.72,2566.8
2026-02,BTR-2104,Kroger,467,2841.32,1447.7
2026-02,BTR-2104,Whole Foods,387,2354.59,1199.7
2026-02,BTR-2104,Amazon,278,2507.95,861.8
2026-02,BTR-2104,DTC Shopify,99,893.12,306.9
2026-03,BTR-2104,Home Depot,2852,17352.14,8841.2
2026-03,BTR-2104,Lowe's,2157,13123.62,6686.7
2026-03,BTR-2104,Target,1312,7982.47,4067.2
2026-03,BTR-2104,Walmart,1261,7672.18,3909.1
2026-03,BTR-2104,Costco,843,5128.98,2613.3
2026-03,BTR-2104,Kroger,534,3248.96,1655.4
2026-03,BTR-2104,Whole Foods,382,2324.16,1184.2
2026-03,BTR-2104,Amazon,311,2805.66,964.1
2026-03,BTR-2104,DTC Shopify,110,992.35,341.0
2026-04,BTR-2104,Home Depot,4777,29064.22,14808.7
2026-04,BTR-2104,Lowe's,3850,23424.17,11935.0
2026-04,BTR-2104,Target,2039,12405.68,6320.9
2026-04,BTR-2104,Walmart,2842,17291.3,8810.2
2026-04,BTR-2104,Costco,1478,8992.45,4581.8
2026-04,BTR-2104,Kroger,915,5567.04,2836.5
2026-04,BTR-2104,Whole Foods,843,5128.98,2613.3
2026-04,BTR-2104,Amazon,531,4790.36,1646.1
2026-04,BTR-2104,DTC Shopify,221,1993.73,685.1
2026-05,BTR-2104,Home Depot,3885,23637.12,12043.5
2026-05,BTR-2104,Lowe's,2270,13811.13,7037.0
2026-05,BTR-2104,Target,1664,10124.11,5158.4
2026-05,BTR-2104,Walmart,1986,12083.22,6156.6
2026-05,BTR-2104,Costco,1263,7684.34,3915.3
2026-05,BTR-2104,Kroger,698,4246.77,2163.8
2026-05,BTR-2104,Whole Foods,523,3182.04,1621.3
2026-05,BTR-2104,Amazon,453,4086.69,1404.3
2026-05,BTR-2104,DTC Shopify,186,1677.98,576.6
2026-06,BTR-2104,Home Depot,2930,17826.71,9083.0
2026-06,BTR-2104,Lowe's,2424,14748.1,7514.4
2026-06,BTR-2104,Target,1389,8450.95,4305.9
2026-06,BTR-2104,Walmart,1556,9467.02,4823.6
2026-06,BTR-2104,Costco,910,5536.62,2821.0
2026-06,BTR-2104,Kroger,679,4131.17,2104.9
2026-06,BTR-2104,Whole Foods,443,2695.3,1373.3
2026-06,BTR-2104,Amazon,336,3031.19,1041.6
2026-06,BTR-2104,DTC Shopify,123,1109.63,381.3
2026-07,BTR-2104,Home Depot,1694,10306.63,5251.4
2026-07,BTR-2104,Lowe's,988,6011.19,3062.8
2026-07,BTR-2104,Target,637,3875.64,1974.7
2026-07,BTR-2104,Walmart,947,5761.74,2935.7
2026-07,BTR-2104,Costco,507,3084.69,1571.7
2026-07,BTR-2104,Kroger,277,1685.32,858.7
2026-07,BTR-2104,Whole Foods,242,1472.38,750.2
2026-07,BTR-2104,Amazon,160,1443.42,496.0
2026-07,BTR-2104,DTC Shopify,70,631.5,217.0
2026-08,BTR-2104,Home Depot,1596,9710.38,4947.6
2026-08,BTR-2104,Lowe's,1446,8797.75,4482.6
2026-08,BTR-2104,Target,720,4380.62,2232.0
2026-08,BTR-2104,Walmart,942,5731.32,2920.2
2026-08,BTR-2104,Costco,497,3023.85,1540.7
2026-08,BTR-2104,Kroger,288,1752.25,892.8
2026-08,BTR-2104,Whole Foods,253,1539.3,784.3
2026-08,BTR-2104,Amazon,219,1975.69,678.9
2026-08,BTR-2104,DTC Shopify,69,622.48,213.9
2024-09,BTR-2201,Home Depot,193,12312.28,6272.5
2024-09,BTR-2201,Lowe's,112,7144.95,3640.0
2024-09,BTR-2201,Target,96,6124.24,3120.0
2024-09,BTR-2201,Walmart,104,6634.6,3380.0
2024-09,BTR-2201,Costco,68,4338.01,2210.0
2024-09,BTR-2201,Kroger,43,2743.15,1397.5
2024-09,BTR-2201,Whole Foods,37,2360.39,1202.5
2024-09,BTR-2201,Amazon,100,9459.14,3250.0
2024-09,BTR-2201,DTC Shopify,58,5486.3,1885.0
2024-10,BTR-2201,Home Depot,211,13460.58,6857.5
2024-10,BTR-2201,Lowe's,139,8867.39,4517.5
2024-10,BTR-2201,Target,126,8038.07,4095.0
2024-10,BTR-2201,Walmart,134,8548.42,4355.0
2024-10,BTR-2201,Costco,79,5039.74,2567.5
2024-10,BTR-2201,Kroger,45,2870.74,1462.5
2024-10,BTR-2201,Whole Foods,32,2041.41,1040.0
2024-10,BTR-2201,Amazon,101,9553.73,3282.5
2024-10,BTR-2201,DTC Shopify,52,4918.75,1690.0
2024-11,BTR-2201,Home Depot,334,21307.26,10855.0
2024-11,BTR-2201,Lowe's,202,12886.43,6565.0
2024-11,BTR-2201,Target,160,10207.07,5200.0
2024-11,BTR-2201,Walmart,221,14098.52,7182.5
2024-11,BTR-2201,Costco,134,8548.42,4355.0
2024-11,BTR-2201,Kroger,84,5358.71,2730.0
2024-11,BTR-2201,Whole Foods,68,4338.01,2210.0
2024-11,BTR-2201,Amazon,162,15323.81,5265.0
2024-11,BTR-2201,DTC Shopify,90,8513.23,2925.0
2024-12,BTR-2201,Home Depot,197,12567.46,6402.5
2024-12,BTR-2201,Lowe's,180,11482.96,5850.0
2024-12,BTR-2201,Target,129,8229.45,4192.5
2024-12,BTR-2201,Walmart,178,11355.37,5785.0
2024-12,BTR-2201,Costco,117,7463.92,3802.5
2024-12,BTR-2201,Kroger,62,3955.24,2015.0
2024-12,BTR-2201,Whole Foods,60,3827.65,1950.0
2024-12,BTR-2201,Amazon,127,12013.11,4127.5
2024-12,BTR-2201,DTC Shopify,64,6053.85,2080.0
2025-01,BTR-2201,Home Depot,214,13651.96,6955.0
2025-01,BTR-2201,Lowe's,163,10398.45,5297.5
2025-01,BTR-2201,Target,144,9186.36,4680.0
2025-01,BTR-2201,Walmart,143,9122.57,4647.5
2025-01,BTR-2201,Costco,93,5932.86,3022.5
2025-01,BTR-2201,Kroger,52,3317.3,1690.0
2025-01,BTR-2201,Whole Foods,48,3062.12,1560.0
2025-01,BTR-2201,Amazon,111,10499.65,3607.5
2025-01,BTR-2201,DTC Shopify,71,6715.99,2307.5
2025-02,BTR-2201,Home Depot,387,24688.36,12577.5
2025-02,BTR-2201,Lowe's,277,17670.99,9002.5
2025-02,BTR-2201,Target,245,15629.58,7962.5
2025-02,BTR-2201,Walmart,304,19393.44,9880.0
2025-02,BTR-2201,Costco,157,10015.69,5102.5
2025-02,BTR-2201,Kroger,106,6762.19,3445.0
2025-02,BTR-2201,Whole Foods,88,5613.89,2860.0
2025-02,BTR-2201,Amazon,262,24782.95,8515.0
2025-02,BTR-2201,DTC Shopify,110,10405.05,3575.0
2025-03,BTR-2201,Home Depot,435,27750.48,14137.5
2025-03,BTR-2201,Lowe's,338,21562.44,10985.0
2025-03,BTR-2201,Target,298,19010.67,9685.0
2025-03,BTR-2201,Walmart,337,21498.65,10952.5
2025-03,BTR-2201,Costco,208,13269.19,6760.0
2025-03,BTR-2201,Kroger,131,8357.04,4257.5
2025-03,BTR-2201,Whole Foods,118,7527.72,3835.0
2025-03,BTR-2201,Amazon,284,26863.96,9230.0
2025-03,BTR-2201,DTC Shopify,127,12013.11,4127.5
2025-04,BTR-2201,Home Depot,472,30110.86,15340.0
2025-04,BTR-2201,Lowe's,418,26665.98,13585.0
2025-04,BTR-2201,Target,308,19648.61,10010.0
2025-04,BTR-2201,Walmart,265,16905.46,8612.5
2025-04,BTR-2201,Costco,258,16458.9,8385.0
2025-04,BTR-2201,Kroger,162,10334.66,5265.0
2025-04,BTR-2201,Whole Foods,94,5996.65,3055.0
2025-04,BTR-2201,Amazon,274,25918.04,8905.0
2025-04,BTR-2201,DTC Shopify,160,15134.62,5200.0
2025-05,BTR-2201,Home Depot,478,30493.63,15535.0
2025-05,BTR-2201,Lowe's,270,17224.43,8775.0
2025-05,BTR-2201,Target,259,16522.7,8417.5
2025-05,BTR-2201,Walmart,327,20860.7,10627.5
2025-05,BTR-2201,Costco,211,13460.58,6857.5
2025-05,BTR-2201,Kroger,110,7017.36,3575.0
2025-05,BTR-2201,Whole Foods,90,5741.48,2925.0
2025-05,BTR-2201,Amazon,259,24499.17,8417.5
2025-05,BTR-2201,DTC Shopify,135,12769.84,4387.5
2025-06,BTR-2201,Home Depot,246,15693.37,7995.0
2025-06,BTR-2201,Lowe's,203,12950.22,6597.5
2025-06,BTR-2201,Target,176,11227.78,5720.0
2025-06,BTR-2201,Walmart,224,14289.9,7280.0
2025-06,BTR-2201,Costco,134,8548.42,4355.0
2025-06,BTR-2201,Kroger,79,5039.74,2567.5
2025-06,BTR-2201,Whole Foods,73,4656.98,2372.5
2025-06,BTR-2201,Amazon,177,16742.68,5752.5
2025-06,BTR-2201,DTC Shopify,90,8513.23,2925.0
2025-07,BTR-2201,Home Depot,158,10079.48,5135.0
2025-07,BTR-2201,Lowe's,126,8038.07,4095.0
2025-07,BTR-2201,Target,127,8101.86,4127.5
2025-07,BTR-2201,Walmart,134,8548.42,4355.0
2025-07,BTR-2201,Costco,82,5231.12,2665.0
2025-07,BTR-2201,Kroger,49,3125.92,1592.5
2025-07,BTR-2201,Whole Foods,46,2934.53,1495.0
2025-07,BTR-2201,Amazon,76,7188.95,2470.0
2025-07,BTR-2201,DTC Shopify,49,4634.98,1592.5
2025-08,BTR-2201,Home Depot,235,14991.64,7637.5
2025-08,BTR-2201,Lowe's,168,10717.43,5460.0
2025-08,BTR-2201,Target,156,9951.9,5070.0
2025-08,BTR-2201,Walmart,182,11610.54,5915.0
2025-08,BTR-2201,Costco,108,6889.77,3510.0
2025-08,BTR-2201,Kroger,65,4146.62,2112.5
2025-08,BTR-2201,Whole Foods,61,3891.45,1982.5
2025-08,BTR-2201,Amazon,146,13810.34,4745.0
2025-08,BTR-2201,DTC Shopify,61,5770.08,1982.5
2025-09,BTR-2201,Home Depot,209,13332.99,6792.5
2025-09,BTR-2201,Lowe's,194,12376.07,6305.0
2025-09,BTR-2201,Target,184,11738.13,5980.0
2025-09,BTR-2201,Walmart,194,12376.07,6305.0
2025-09,BTR-2201,Costco,126,8038.07,4095.0
2025-09,BTR-2201,Kroger,72,4593.18,2340.0
2025-09,BTR-2201,Whole Foods,59,3763.86,1917.5
2025-09,BTR-2201,Amazon,163,15418.4,5297.5
2025-09,BTR-2201,DTC Shopify,72,6810.58,2340.0
2025-10,BTR-2201,Home Depot,279,17798.58,9067.5
2025-10,BTR-2201,Lowe's,156,9951.9,5070.0
2025-10,BTR-2201,Target,163,10398.45,5297.5
2025-10,BTR-2201,Walmart,205,13077.81,6662.5
2025-10,BTR-2201,Costco,90,5741.48,2925.0
2025-10,BTR-2201,Kroger,76,4848.36,2470.0
2025-10,BTR-2201,Whole Foods,61,3891.45,1982.5
2025-10,BTR-2201,Amazon,174,16458.9,5655.0
2025-10,BTR-2201,DTC Shopify,73,6905.17,2372.5
2025-11,BTR-2201,Home Depot,320,20414.14,10400.0
2025-11,BTR-2201,Lowe's,271,17288.23,8807.5
2025-11,BTR-2201,Target,273,17415.82,8872.5
2025-11,BTR-2201,Walmart,281,17926.17,9132.5
2025-11,BTR-2201,Costco,197,12567.46,6402.5
2025-11,BTR-2201,Kroger,89,5677.68,2892.5
2025-11,BTR-2201,Whole Foods,98,6251.83,3185.0
2025-11,BTR-2201,Amazon,284,26863.96,9230.0
2025-11,BTR-2201,DTC Shopify,124,11729.33,4030.0
2025-12,BTR-2201,Home Depot,230,14672.67,7475.0
2025-12,BTR-2201,Lowe's,189,12057.1,6142.5
2025-12,BTR-2201,Target,125,7974.27,4062.5
2025-12,BTR-2201,Walmart,210,13396.78,6825.0
2025-12,BTR-2201,Costco,122,7782.89,3965.0
2025-12,BTR-2201,Kroger,75,4784.56,2437.5
2025-12,BTR-2201,Whole Foods,53,3381.09,1722.5
2025-12,BTR-2201,Amazon,129,12202.29,4192.5
2025-12,BTR-2201,DTC Shopify,90,8513.23,2925.0
2026-01,BTR-2201,Home Depot,215,13715.75,6987.5
2026-01,BTR-2201,Lowe's,185,11801.93,6012.5
2026-01,BTR-2201,Target,147,9377.75,4777.5
2026-01,BTR-2201,Walmart,174,11100.19,5655.0
2026-01,BTR-2201,Costco,101,6443.21,3282.5
2026-01,BTR-2201,Kroger,58,3700.06,1885.0
2026-01,BTR-2201,Whole Foods,58,3700.06,1885.0
2026-01,BTR-2201,Amazon,122,11540.15,3965.0
2026-01,BTR-2201,DTC Shopify,72,6810.58,2340.0
2026-02,BTR-2201,Home Depot,287,18308.94,9327.5
2026-02,BTR-2201,Lowe's,196,12503.66,6370.0
2026-02,BTR-2201,Target,170,10845.01,5525.0
2026-02,BTR-2201,Walmart,254,16203.73,8255.0
2026-02,BTR-2201,Costco,125,7974.27,4062.5
2026-02,BTR-2201,Kroger,72,4593.18,2340.0
2026-02,BTR-2201,Whole Foods,61,3891.45,1982.5
2026-02,BTR-2201,Amazon,155,14661.67,5037.5
2026-02,BTR-2201,DTC Shopify,93,8797.0,3022.5
2026-03,BTR-2201,Home Depot,461,29409.13,14982.5
2026-03,BTR-2201,Lowe's,323,20605.53,10497.5
2026-03,BTR-2201,Target,340,21690.03,11050.0
2026-03,BTR-2201,Walmart,442,28197.04,14365.0
2026-03,BTR-2201,Costco,248,15820.96,8060.0
2026-03,BTR-2201,Kroger,127,8101.86,4127.5
2026-03,BTR-2201,Whole Foods,116,7400.13,3770.0
2026-03,BTR-2201,Amazon,279,26391.0,9067.5
2026-03,BTR-2201,DTC Shopify,146,13810.34,4745.0
2026-04,BTR-2201,Home Depot,575,36681.67,18687.5
2026-04,BTR-2201,Lowe's,442,28197.04,14365.0
2026-04,BTR-2201,Target,335,21371.06,10887.5
2026-04,BTR-2201,Walmart,537,34257.49,17452.5
2026-04,BTR-2201,Costco,326,20796.91,10595.0
2026-04,BTR-2201,Kroger,170,10845.01,5525.0
2026-04,BTR-2201,Whole Foods,151,9632.92,4907.5
2026-04,BTR-2201,Amazon,400,37836.56,13000.0
2026-04,BTR-2201,DTC Shopify,188,17783.18,6110.0
2026-05,BTR-2201,Home Depot,664,42359.35,21580.0
2026-05,BTR-2201,Lowe's,368,23476.27,11960.0
2026-05,BTR-2201,Target,330,21052.09,10725.0
2026-05,BTR-2201,Walmart,435,27750.48,14137.5
2026-05,BTR-2201,Costco,225,14353.69,7312.5
2026-05,BTR-2201,Kroger,131,8357.04,4257.5
2026-05,BTR-2201,Whole Foods,120,7655.3,3900.0
2026-05,BTR-2201,Amazon,260,24593.76,8450.0
2026-05,BTR-2201,DTC Shopify,151,14283.3,4907.5
2026-06,BTR-2201,Home Depot,317,20222.76,10302.5
2026-06,BTR-2201,Lowe's,218,13907.14,7085.0
2026-06,BTR-2201,Target,201,12822.63,6532.5
2026-06,BTR-2201,Walmart,197,12567.46,6402.5
2026-06,BTR-2201,Costco,133,8484.63,4322.5
2026-06,BTR-2201,Kroger,71,4529.39,2307.5
2026-06,BTR-2201,Whole Foods,68,4338.01,2210.0
2026-06,BTR-2201,Amazon,173,16364.31,5622.5
2026-06,BTR-2201,DTC Shopify,84,7945.68,2730.0
2026-07,BTR-2201,Home Depot,280,17862.38,9100.0
2026-07,BTR-2201,Lowe's,216,13779.55,7020.0
2026-07,BTR-2201,Target,168,10717.43,5460.0
2026-07,BTR-2201,Walmart,196,12503.66,6370.0
2026-07,BTR-2201,Costco,121,7719.1,3932.5
2026-07,BTR-2201,Kroger,81,5167.33,2632.5
2026-07,BTR-2201,Whole Foods,69,4401.8,2242.5
2026-07,BTR-2201,Amazon,156,14756.26,5070.0
2026-07,BTR-2201,DTC Shopify,78,7378.13,2535.0
2026-08,BTR-2201,Home Depot,273,17415.82,8872.5
2026-08,BTR-2201,Lowe's,191,12184.69,6207.5
2026-08,BTR-2201,Target,154,9824.31,5005.0
2026-08,BTR-2201,Walmart,168,10717.43,5460.0
2026-08,BTR-2201,Costco,130,8293.25,4225.0
2026-08,BTR-2201,Kroger,62,3955.24,2015.0
2026-08,BTR-2201,Whole Foods,45,2870.74,1462.5
2026-08,BTR-2201,Amazon,158,14945.44,5135.0
2026-08,BTR-2201,DTC Shopify,91,8607.82,2957.5
2024-09,BTR-2202,Home Depot,297,7749.98,4217.4
2024-09,BTR-2202,Lowe's,228,5949.48,3237.6
2024-09,BTR-2202,Target,216,5636.35,3067.2
2024-09,BTR-2202,Walmart,249,6497.46,3535.8
2024-09,BTR-2202,Costco,147,3835.85,2087.4
2024-09,BTR-2202,Kroger,65,1696.12,923.0
2024-09,BTR-2202,Whole Foods,75,1957.06,1065.0
2024-09,BTR-2202,Amazon,148,5726.33,2101.6
2024-09,BTR-2202,DTC Shopify,81,3134.0,1150.2
2024-10,BTR-2202,Home Depot,282,7358.56,4004.4
2024-10,BTR-2202,Lowe's,229,5975.57,3251.8
2024-10,BTR-2202,Target,241,6288.7,3422.2
2024-10,BTR-2202,Walmart,242,6314.8,3436.4
2024-10,BTR-2202,Costco,151,3940.22,2144.2
2024-10,BTR-2202,Kroger,96,2505.04,1363.2
2024-10,BTR-2202,Whole Foods,74,1930.97,1050.8
2024-10,BTR-2202,Amazon,154,5958.48,2186.8
2024-10,BTR-2202,DTC Shopify,112,4333.44,1590.4
2024-11,BTR-2202,Home Depot,291,7593.41,4132.2
2024-11,BTR-2202,Lowe's,235,6132.14,3337.0
2024-11,BTR-2202,Target,195,5088.37,2769.0
2024-11,BTR-2202,Walmart,198,5166.65,2811.6
2024-11,BTR-2202,Costco,129,3366.15,1831.8
2024-11,BTR-2202,Kroger,67,1748.31,951.4
2024-11,BTR-2202,Whole Foods,68,1774.41,965.6
2024-11,BTR-2202,Amazon,165,6384.08,2343.0
2024-11,BTR-2202,DTC Shopify,88,3404.84,1249.6
2024-12,BTR-2202,Home Depot,278,7254.19,3947.6
2024-12,BTR-2202,Lowe's,226,5897.29,3209.2
2024-12,BTR-2202,Target,203,5297.12,2882.6
2024-12,BTR-2202,Walmart,262,6836.68,3720.4
2024-12,BTR-2202,Costco,115,3000.83,1633.0
2024-12,BTR-2202,Kroger,73,1904.88,1036.6
2024-12,BTR-2202,Whole Foods,70,1826.59,994.0
2024-12,BTR-2202,Amazon,186,7196.6,2641.2
2024-12,BTR-2202,DTC Shopify,82,3172.69,1164.4
2025-01,BTR-2202,Home Depot,260,6784.49,3692.0
2025-01,BTR-2202,Lowe's,175,4566.48,2485.0
2025-01,BTR-2202,Target,171,4462.11,2428.2
2025-01,BTR-2202,Walmart,179,4670.86,2541.8
2025-01,BTR-2202,Costco,98,2557.23,1391.6
2025-01,BTR-2202,Kroger,70,1826.59,994.0
2025-01,BTR-2202,Whole Foods,47,1226.43,667.4
2025-01,BTR-2202,Amazon,152,5881.09,2158.4
2025-01,BTR-2202,DTC Shopify,75,2901.86,1065.0
2025-02,BTR-2202,Home Depot,393,10255.02,5580.6
2025-02,BTR-2202,Lowe's,308,8037.01,4373.6
2025-02,BTR-2202,Target,281,7332.47,3990.2
2025-02,BTR-2202,Walmart,393,10255.02,5580.6
2025-02,BTR-2202,Costco,197,5140.56,2797.4
2025-02,BTR-2202,Kroger,129,3366.15,1831.8
2025-02,BTR-2202,Whole Foods,98,2557.23,1391.6
2025-02,BTR-2202,Amazon,249,9634.16,3535.8
2025-02,BTR-2202,DTC Shopify,155,5997.17,2201.0
2025-03,BTR-2202,Home Depot,630,16439.35,8946.0
2025-03,BTR-2202,Lowe's,398,10385.49,5651.6
2025-03,BTR-2202,Target,358,9341.72,5083.6
2025-03,BTR-2202,Walmart,480,12525.22,6816.0
2025-03,BTR-2202,Costco,254,6627.93,3606.8
2025-03,BTR-2202,Kroger,144,3757.56,2044.8
2025-03,BTR-2202,Whole Foods,154,4018.51,2186.8
2025-03,BTR-2202,Amazon,332,12845.54,4714.4
2025-03,BTR-2202,DTC Shopify,166,6422.77,2357.2
2025-04,BTR-2202,Home Depot,743,19387.99,10550.6
2025-04,BTR-2202,Lowe's,391,10202.83,5552.2
2025-04,BTR-2202,Target,367,9576.57,5211.4
2025-04,BTR-2202,Walmart,479,12499.12,6801.8
2025-04,BTR-2202,Costco,231,6027.76,3280.2
2025-04,BTR-2202,Kroger,169,4409.92,2399.8
2025-04,BTR-2202,Whole Foods,138,3601.0,1959.6
2025-04,BTR-2202,Amazon,386,14934.88,5481.2
2025-04,BTR-2202,DTC Shopify,159,6151.93,2257.8
2025-05,BTR-2202,Home Depot,545,14221.34,7739.0
2025-05,BTR-2202,Lowe's,418,10907.38,5935.6
2025-05,BTR-2202,Target,315,8219.67,4473.0
2025-05,BTR-2202,Walmart,398,10385.49,5651.6
2025-05,BTR-2202,Costco,177,4618.67,2513.4
2025-05,BTR-2202,Kroger,143,3731.47,2030.6
2025-05,BTR-2202,Whole Foods,98,2557.23,1391.6
2025-05,BTR-2202,Amazon,328,12690.78,4657.6
2025-05,BTR-2202,DTC Shopify,157,6074.55,2229.4
2025-06,BTR-2202,Home Depot,431,11246.6,6120.2
2025-06,BTR-2202,Lowe's,263,6862.77,3734.6
2025-06,BTR-2202,Target,239,6236.51,3393.8
2025-06,BTR-2202,Walmart,269,7019.34,3819.8
2025-06,BTR-2202,Costco,147,3835.85,2087.4
2025-06,BTR-2202,Kroger,83,2165.82,1178.6
2025-06,BTR-2202,Whole Foods,65,1696.12,923.0
2025-06,BTR-2202,Amazon,214,8279.96,3038.8
2025-06,BTR-2202,DTC Shopify,101,3907.83,1434.2
2025-07,BTR-2202,Home Depot,243,6340.89,3450.6
2025-07,BTR-2202,Lowe's,139,3627.09,1973.8
2025-07,BTR-2202,Target,151,3940.22,2144.2
2025-07,BTR-2202,Walmart,154,4018.51,2186.8
2025-07,BTR-2202,Costco,118,3079.12,1675.6
2025-07,BTR-2202,Kroger,63,1643.93,894.6
2025-07,BTR-2202,Whole Foods,60,1565.65,852.0
2025-07,BTR-2202,Amazon,149,5765.02,2115.8
2025-07,BTR-2202,DTC Shopify,73,2824.47,1036.6
2025-08,BTR-2202,Home Depot,255,6654.02,3621.0
2025-08,BTR-2202,Lowe's,239,6236.51,3393.8
2025-08,BTR-2202,Target,186,4853.52,2641.2
2025-08,BTR-2202,Walmart,205,5349.31,2911.0
2025-08,BTR-2202,Costco,126,3287.87,1789.2
2025-08,BTR-2202,Kroger,92,2400.67,1306.4
2025-08,BTR-2202,Whole Foods,57,1487.37,809.4
2025-08,BTR-2202,Amazon,170,6577.54,2414.0
2025-08,BTR-2202,DTC Shopify,87,3366.15,1235.4
2025-09,BTR-2202,Home Depot,377,9837.51,5353.4
2025-09,BTR-2202,Lowe's,231,6027.76,3280.2
2025-09,BTR-2202,Target,258,6732.3,3663.6
2025-09,BTR-2202,Walmart,229,5975.57,3251.8
2025-09,BTR-2202,Costco,159,4148.98,2257.8
2025-09,BTR-2202,Kroger,71,1852.69,1008.2
2025-09,BTR-2202,Whole Foods,91,2374.57,1292.2
2025-09,BTR-2202,Amazon,201,7776.97,2854.2
2025-09,BTR-2202,DTC Shopify,110,4256.05,1562.0
2025-10,BTR-2202,Home Depot,380,9915.8,5396.0
2025-10,BTR-2202,Lowe's,261,6810.59,3706.2
2025-10,BTR-2202,Target,243,6340.89,3450.6
2025-10,BTR-2202,Walmart,290,7567.32,4118.0
2025-10,BTR-2202,Costco,133,3470.53,1888.6
2025-10,BTR-2202,Kroger,101,2635.51,1434.2
2025-10,BTR-2202,Whole Foods,90,2348.48,1278.0
2025-10,BTR-2202,Amazon,250,9672.85,3550.0
2025-10,BTR-2202,DTC Shopify,120,4642.97,1704.0
2025-11,BTR-2202,Home Depot,919,23980.57,13049.8
2025-11,BTR-2202,Lowe's,538,14038.68,7639.6
2025-11,BTR-2202,Target,545,14221.34,7739.0
2025-11,BTR-2202,Walmart,579,15108.54,8221.8
2025-11,BTR-2202,Costco,336,8767.65,4771.2
2025-11,BTR-2202,Kroger,237,6184.33,3365.4
2025-11,BTR-2202,Whole Foods,178,4644.77,2527.6
2025-11,BTR-2202,Amazon,525,20312.99,7455.0
2025-11,BTR-2202,DTC Shopify,217,8396.03,3081.4
2025-12,BTR-2202,Home Depot,392,10228.93,5566.4
2025-12,BTR-2202,Lowe's,313,8167.48,4444.6
2025-12,BTR-2202,Target,257,6706.21,3649.4
2025-12,BTR-2202,Walmart,316,8245.77,4487.2
2025-12,BTR-2202,Costco,167,4357.73,2371.4
2025-12,BTR-2202,Kroger,119,3105.21,1689.8
2025-12,BTR-2202,Whole Foods,89,2322.38,1263.8
2025-12,BTR-2202,Amazon,180,6964.45,2556.0
2025-12,BTR-2202,DTC Shopify,131,5068.57,1860.2
2026-01,BTR-2202,Home Depot,369,9628.76,5239.8
2026-01,BTR-2202,Lowe's,221,5766.82,3138.2
2026-01,BTR-2202,Target,203,5297.12,2882.6
2026-01,BTR-2202,Walmart,275,7175.9,3905.0
2026-01,BTR-2202,Costco,151,3940.22,2144.2
2026-01,BTR-2202,Kroger,102,2661.61,1448.4
2026-01,BTR-2202,Whole Foods,85,2218.01,1207.0
2026-01,BTR-2202,Amazon,222,8589.49,3152.4
2026-01,BTR-2202,DTC Shopify,103,3985.21,1462.6
2026-02,BTR-2202,Home Depot,407,10620.34,5779.4
2026-02,BTR-2202,Lowe's,342,8924.22,4856.4
2026-02,BTR-2202,Target,235,6132.14,3337.0
2026-02,BTR-2202,Walmart,295,7697.79,4189.0
2026-02,BTR-2202,Costco,188,4905.71,2669.6
2026-02,BTR-2202,Kroger,136,3548.81,1931.2
2026-02,BTR-2202,Whole Foods,95,2478.95,1349.0
2026-02,BTR-2202,Amazon,267,10330.6,3791.4
2026-02,BTR-2202,DTC Shopify,134,5184.65,1902.8
2026-03,BTR-2202,Home Depot,582,15186.82,8264.4
2026-03,BTR-2202,Lowe's,508,13255.85,7213.6
2026-03,BTR-2202,Target,553,14430.09,7852.6
2026-03,BTR-2202,Walmart,533,13908.21,7568.6
2026-03,BTR-2202,Costco,368,9602.67,5225.6
2026-03,BTR-2202,Kroger,203,5297.12,2882.6
2026-03,BTR-2202,Whole Foods,129,3366.15,1831.8
2026-03,BTR-2202,Amazon,406,15708.71,5765.2
2026-03,BTR-2202,DTC Shopify,199,7699.59,2825.8
2026-04,BTR-2202,Home Depot,1229,32069.77,17451.8
2026-04,BTR-2202,Lowe's,777,20275.19,11033.4
2026-04,BTR-2202,Target,628,16387.16,8917.6
2026-04,BTR-2202,Walmart,931,24293.7,13220.2
2026-04,BTR-2202,Costco,462,12055.52,6560.4
2026-04,BTR-2202,Kroger,321,8376.24,4558.2
2026-04,BTR-2202,Whole Foods,282,7358.56,4004.4
2026-04,BTR-2202,Amazon,786,30411.44,11161.2
2026-04,BTR-2202,DTC Shopify,356,13774.14,5055.2
2026-05,BTR-2202,Home Depot,834,21762.56,11842.8
2026-05,BTR-2202,Lowe's,504,13151.48,7156.8
2026-05,BTR-2202,Target,465,12133.8,6603.0
2026-05,BTR-2202,Walmart,613,15995.74,8704.6
2026-05,BTR-2202,Costco,325,8480.61,4615.0
2026-05,BTR-2202,Kroger,203,5297.12,2882.6
2026-05,BTR-2202,Whole Foods,168,4383.83,2385.6
2026-05,BTR-2202,Amazon,458,17720.66,6503.6
2026-05,BTR-2202,DTC Shopify,184,7119.22,2612.8
2026-06,BTR-2202,Home Depot,413,10776.9,5864.6
2026-06,BTR-2202,Lowe's,316,8245.77,4487.2
2026-06,BTR-2202,Target,274,7149.81,3890.8
2026-06,BTR-2202,Walmart,278,7254.19,3947.6
2026-06,BTR-2202,Costco,191,4983.99,2712.2
2026-06,BTR-2202,Kroger,101,2635.51,1434.2
2026-06,BTR-2202,Whole Foods,113,2948.64,1604.6
2026-06,BTR-2202,Amazon,222,8589.49,3152.4
2026-06,BTR-2202,DTC Shopify,126,4875.12,1789.2
2026-07,BTR-2202,Home Depot,319,8324.05,4529.8
2026-07,BTR-2202,Lowe's,178,4644.77,2527.6
2026-07,BTR-2202,Target,178,4644.77,2527.6
2026-07,BTR-2202,Walmart,206,5375.41,2925.2
2026-07,BTR-2202,Costco,122,3183.49,1732.4
2026-07,BTR-2202,Kroger,79,2061.44,1121.8
2026-07,BTR-2202,Whole Foods,66,1722.22,937.2
2026-07,BTR-2202,Amazon,183,7080.53,2598.6
2026-07,BTR-2202,DTC Shopify,77,2979.24,1093.4
2026-08,BTR-2202,Home Depot,338,8819.84,4799.6
2026-08,BTR-2202,Lowe's,242,6314.8,3436.4
2026-08,BTR-2202,Target,233,6079.95,3308.6
2026-08,BTR-2202,Walmart,287,7489.04,4075.4
2026-08,BTR-2202,Costco,186,4853.52,2641.2
2026-08,BTR-2202,Kroger,110,2870.36,1562.0
2026-08,BTR-2202,Whole Foods,81,2113.63,1150.2
2026-08,BTR-2202,Amazon,196,7583.51,2783.2
2026-08,BTR-2202,DTC Shopify,119,4604.28,1689.8
2024-09,BTR-2203,Home Depot,315,5479.17,2775.65
2024-09,BTR-2203,Lowe's,211,3670.18,1859.25
2024-09,BTR-2203,Target,206,3583.21,1815.19
2024-09,BTR-2203,Walmart,285,4957.35,2511.31
2024-09,BTR-2203,Costco,133,2313.43,1171.94
2024-09,BTR-2203,Kroger,82,1426.32,722.55
2024-09,BTR-2203,Whole Foods,67,1165.41,590.38
2024-09,BTR-2203,Amazon,175,4513.49,1542.03
2024-09,BTR-2203,DTC Shopify,85,2192.27,748.99
2024-10,BTR-2203,Home Depot,420,7305.56,3700.87
2024-10,BTR-2203,Lowe's,318,5531.36,2802.09
2024-10,BTR-2203,Target,269,4679.04,2370.32
2024-10,BTR-2203,Walmart,266,4626.86,2343.89
2024-10,BTR-2203,Costco,193,3357.08,1700.64
2024-10,BTR-2203,Kroger,117,2035.12,1030.96
2024-10,BTR-2203,Whole Foods,83,1443.72,731.36
2024-10,BTR-2203,Amazon,226,5828.86,1991.42
2024-10,BTR-2203,DTC Shopify,128,3301.3,1127.88
2024-11,BTR-2203,Home Depot,520,9044.98,4582.03
2024-11,BTR-2203,Lowe's,295,5131.29,2599.42
2024-11,BTR-2203,Target,378,6575.01,3330.78
2024-11,BTR-2203,Walmart,356,6192.34,3136.93
2024-11,BTR-2203,Costco,236,4105.03,2079.54
2024-11,BTR-2203,Kroger,164,2852.65,1445.1
2024-11,BTR-2203,Whole Foods,111,1930.76,978.09
2024-11,BTR-2203,Amazon,290,7479.51,2555.36
2024-11,BTR-2203,DTC Shopify,139,3585.0,1224.81
2024-12,BTR-2203,Home Depot,441,7670.84,3885.92
2024-12,BTR-2203,Lowe's,340,5914.03,2995.94
2024-12,BTR-2203,Target,345,6001.0,3040.0
2024-12,BTR-2203,Walmart,388,6748.95,3418.9
2024-12,BTR-2203,Costco,219,3809.33,1929.74
2024-12,BTR-2203,Kroger,112,1948.15,986.9
2024-12,BTR-2203,Whole Foods,104,1809.0,916.41
2024-12,BTR-2203,Amazon,245,6318.89,2158.84
2024-12,BTR-2203,DTC Shopify,132,3404.46,1163.13
2025-01,BTR-2203,Home Depot,335,5827.06,2951.89
2025-01,BTR-2203,Lowe's,266,4626.86,2343.89
2025-01,BTR-2203,Target,267,4644.25,2352.7
2025-01,BTR-2203,Walmart,223,3878.91,1964.99
2025-01,BTR-2203,Costco,184,3200.53,1621.33
2025-01,BTR-2203,Kroger,89,1548.08,784.23
2025-01,BTR-2203,Whole Foods,89,1548.08,784.23
2025-01,BTR-2203,Amazon,227,5854.65,2000.23
2025-01,BTR-2203,DTC Shopify,103,2656.51,907.59
2025-02,BTR-2203,Home Depot,543,9445.05,4784.7
2025-02,BTR-2203,Lowe's,504,8766.68,4441.05
2025-02,BTR-2203,Target,311,5409.6,2740.41
2025-02,BTR-2203,Walmart,445,7740.42,3921.16
2025-02,BTR-2203,Costco,219,3809.33,1929.74
2025-02,BTR-2203,Kroger,165,2870.04,1453.91
2025-02,BTR-2203,Whole Foods,126,2191.67,1110.26
2025-02,BTR-2203,Amazon,276,7118.43,2432.0
2025-02,BTR-2203,DTC Shopify,170,4384.54,1497.97
2025-03,BTR-2203,Home Depot,683,11880.24,6018.32
2025-03,BTR-2203,Lowe's,475,8262.24,4185.51
2025-03,BTR-2203,Target,438,7618.66,3859.48
2025-03,BTR-2203,Walmart,502,8731.89,4423.42
2025-03,BTR-2203,Costco,310,5392.2,2731.6
2025-03,BTR-2203,Kroger,180,3130.96,1586.09
2025-03,BTR-2203,Whole Foods,167,2904.83,1471.54
2025-03,BTR-2203,Amazon,433,11167.68,3815.42
2025-03,BTR-2203,DTC Shopify,226,5828.86,1991.42
2025-04,BTR-2203,Home Depot,984,17115.89,8670.61
2025-04,BTR-2203,Lowe's,649,11288.84,5718.73
2025-04,BTR-2203,Target,647,11254.05,5701.11
2025-04,BTR-2203,Walmart,620,10784.4,5463.19
2025-04,BTR-2203,Costco,416,7235.99,3665.63
2025-04,BTR-2203,Kroger,287,4992.14,2528.93
2025-04,BTR-2203,Whole Foods,225,3913.69,1982.61
2025-04,BTR-2203,Amazon,457,11786.67,4026.9
2025-04,BTR-2203,DTC Shopify,275,7092.64,2423.19
2025-05,BTR-2203,Home Depot,830,14437.19,7313.63
2025-05,BTR-2203,Lowe's,692,12036.79,6097.63
2025-05,BTR-2203,Target,480,8349.22,4229.57
2025-05,BTR-2203,Walmart,556,9671.18,4899.25
2025-05,BTR-2203,Costco,398,6922.89,3507.02
2025-05,BTR-2203,Kroger,244,4244.18,2150.03
2025-05,BTR-2203,Whole Foods,185,3217.93,1630.15
2025-05,BTR-2203,Amazon,486,12534.62,4282.44
2025-05,BTR-2203,DTC Shopify,189,4874.57,1665.39
2025-06,BTR-2203,Home Depot,454,7896.97,4000.47
2025-06,BTR-2203,Lowe's,347,6035.79,3057.63
2025-06,BTR-2203,Target,281,4887.77,2476.06
2025-06,BTR-2203,Walmart,303,5270.44,2669.91
2025-06,BTR-2203,Costco,189,3287.5,1665.39
2025-06,BTR-2203,Kroger,142,2469.98,1251.25
2025-06,BTR-2203,Whole Foods,98,1704.63,863.54
2025-06,BTR-2203,Amazon,288,7427.92,2537.74
2025-06,BTR-2203,DTC Shopify,155,3997.67,1365.8
2025-07,BTR-2203,Home Depot,305,5305.23,2687.54
2025-07,BTR-2203,Lowe's,231,4018.06,2035.48
2025-07,BTR-2203,Target,217,3774.54,1912.12
2025-07,BTR-2203,Walmart,239,4157.21,2105.97
2025-07,BTR-2203,Costco,156,2713.5,1374.61
2025-07,BTR-2203,Kroger,97,1687.24,854.73
2025-07,BTR-2203,Whole Foods,75,1304.56,660.87
2025-07,BTR-2203,Amazon,190,4900.37,1674.2
2025-07,BTR-2203,DTC Shopify,91,2347.02,801.86
2025-08,BTR-2203,Home Depot,334,5809.66,2943.07
2025-08,BTR-2203,Lowe's,205,3565.81,1806.38
2025-08,BTR-2203,Target,172,2991.8,1515.6
2025-08,BTR-2203,Walmart,254,4418.13,2238.15
2025-08,BTR-2203,Costco,151,2626.52,1330.55
2025-08,BTR-2203,Kroger,90,1565.48,793.04
2025-08,BTR-2203,Whole Foods,73,1269.78,643.25
2025-08,BTR-2203,Amazon,206,5313.03,1815.19
2025-08,BTR-2203,DTC Shopify,83,2140.69,731.36
2025-09,BTR-2203,Home Depot,434,7549.08,3824.23
2025-09,BTR-2203,Lowe's,328,5705.3,2890.2
2025-09,BTR-2203,Target,305,5305.23,2687.54
2025-09,BTR-2203,Walmart,373,6488.04,3286.73
2025-09,BTR-2203,Costco,183,3183.14,1612.52
2025-09,BTR-2203,Kroger,120,2087.3,1057.39
2025-09,BTR-2203,Whole Foods,103,1791.6,907.59
2025-09,BTR-2203,Amazon,233,6009.4,2053.1
2025-09,BTR-2203,DTC Shopify,125,3223.92,1101.45
2025-10,BTR-2203,Home Depot,486,8453.58,4282.44
2025-10,BTR-2203,Lowe's,310,5392.2,2731.6
2025-10,BTR-2203,Target,314,5461.78,2766.84
2025-10,BTR-2203,Walmart,355,6174.94,3128.12
2025-10,BTR-2203,Costco,223,3878.91,1964.99
2025-10,BTR-2203,Kroger,123,2139.49,1083.83
2025-10,BTR-2203,Whole Foods,105,1826.39,925.22
2025-10,BTR-2203,Amazon,280,7221.59,2467.25
2025-10,BTR-2203,DTC Shopify,157,4049.25,1383.42
2025-11,BTR-2203,Home Depot,520,9044.98,4582.03
2025-11,BTR-2203,Lowe's,367,6383.67,3233.86
2025-11,BTR-2203,Target,378,6575.01,3330.78
2025-11,BTR-2203,Walmart,518,9010.2,4564.41
2025-11,BTR-2203,Costco,251,4365.94,2211.71
2025-11,BTR-2203,Kroger,151,2626.52,1330.55
2025-11,BTR-2203,Whole Foods,118,2052.52,1039.77
2025-11,BTR-2203,Amazon,295,7608.46,2599.42
2025-11,BTR-2203,DTC Shopify,185,4771.41,1630.15
2025-12,BTR-2203,Home Depot,550,9566.81,4846.38
2025-12,BTR-2203,Lowe's,398,6922.89,3507.02
2025-12,BTR-2203,Target,367,6383.67,3233.86
2025-12,BTR-2203,Walmart,346,6018.39,3048.81
2025-12,BTR-2203,Costco,222,3861.51,1956.18
2025-12,BTR-2203,Kroger,146,2539.55,1286.49
2025-12,BTR-2203,Whole Foods,99,1722.03,872.35
2025-12,BTR-2203,Amazon,335,8640.12,2951.89
2025-12,BTR-2203,DTC Shopify,135,3481.84,1189.57
2026-01,BTR-2203,Home Depot,294,5113.89,2590.61
2026-01,BTR-2203,Lowe's,183,3183.14,1612.52
2026-01,BTR-2203,Target,184,3200.53,1621.33
2026-01,BTR-2203,Walmart,233,4052.85,2053.1
2026-01,BTR-2203,Costco,150,2609.13,1321.74
2026-01,BTR-2203,Kroger,76,1321.96,669.68
2026-01,BTR-2203,Whole Foods,80,1391.54,704.93
2026-01,BTR-2203,Amazon,201,5184.07,1771.13
2026-01,BTR-2203,DTC Shopify,98,2527.56,863.54
2026-02,BTR-2203,Home Depot,584,10158.21,5145.97
2026-02,BTR-2203,Lowe's,372,6470.64,3277.92
2026-02,BTR-2203,Target,332,5774.87,2925.45
2026-02,BTR-2203,Walmart,364,6331.49,3207.42
2026-02,BTR-2203,Costco,220,3826.72,1938.55
2026-02,BTR-2203,Kroger,141,2452.58,1242.44
2026-02,BTR-2203,Whole Foods,123,2139.49,1083.83
2026-02,BTR-2203,Amazon,300,7737.42,2643.48
2026-02,BTR-2203,DTC Shopify,137,3533.42,1207.19
2026-03,BTR-2203,Home Depot,843,14663.31,7428.18
2026-03,BTR-2203,Lowe's,657,11427.99,5789.22
2026-03,BTR-2203,Target,535,9305.9,4714.21
2026-03,BTR-2203,Walmart,820,14263.24,7225.51
2026-03,BTR-2203,Costco,362,6296.7,3189.8
2026-03,BTR-2203,Kroger,271,4713.83,2387.94
2026-03,BTR-2203,Whole Foods,207,3600.6,1824.0
2026-03,BTR-2203,Amazon,566,14597.93,4987.37
2026-03,BTR-2203,DTC Shopify,366,9439.65,3225.05
2026-04,BTR-2203,Home Depot,718,12489.04,6326.73
2026-04,BTR-2203,Lowe's,532,9253.71,4687.77
2026-04,BTR-2203,Target,469,8157.88,4132.64
2026-04,BTR-2203,Walmart,529,9201.53,4661.34
2026-04,BTR-2203,Costco,274,4766.01,2414.38
2026-04,BTR-2203,Kroger,187,3252.72,1647.77
2026-04,BTR-2203,Whole Foods,141,2452.58,1242.44
2026-04,BTR-2203,Amazon,399,10290.77,3515.83
2026-04,BTR-2203,DTC Shopify,163,4204.0,1436.29
2026-05,BTR-2203,Home Depot,1007,17515.96,8873.28
2026-05,BTR-2203,Lowe's,881,15324.29,7763.02
2026-05,BTR-2203,Target,1053,18316.09,9278.61
2026-05,BTR-2203,Walmart,1050,18263.91,9252.18
2026-05,BTR-2203,Costco,554,9636.39,4881.63
2026-05,BTR-2203,Kroger,330,5740.09,2907.83
2026-05,BTR-2203,Whole Foods,289,5026.92,2546.55
2026-05,BTR-2203,Amazon,643,16583.87,5665.86
2026-05,BTR-2203,DTC Shopify,378,9749.15,3330.78
2026-06,BTR-2203,Home Depot,727,12645.58,6406.03
2026-06,BTR-2203,Lowe's,513,8923.22,4520.35
2026-06,BTR-2203,Target,457,7949.15,4026.9
2026-06,BTR-2203,Walmart,457,7949.15,4026.9
2026-06,BTR-2203,Costco,326,5670.51,2872.58
2026-06,BTR-2203,Kroger,181,3148.35,1594.9
2026-06,BTR-2203,Whole Foods,121,2104.7,1066.2
2026-06,BTR-2203,Amazon,353,9104.36,3110.49
2026-06,BTR-2203,DTC Shopify,197,5080.91,1735.89
2026-07,BTR-2203,Home Depot,501,8714.49,4414.61
2026-07,BTR-2203,Lowe's,267,4644.25,2352.7
2026-07,BTR-2203,Target,279,4852.98,2458.44
2026-07,BTR-2203,Walmart,298,5183.47,2625.86
2026-07,BTR-2203,Costco,210,3652.78,1850.44
2026-07,BTR-2203,Kroger,106,1843.79,934.03
2026-07,BTR-2203,Whole Foods,79,1374.14,696.12
2026-07,BTR-2203,Amazon,205,5287.24,1806.38
2026-07,BTR-2203,DTC Shopify,129,3327.09,1136.7
2026-08,BTR-2203,Home Depot,307,5340.02,2705.16
2026-08,BTR-2203,Lowe's,255,4435.52,2246.96
2026-08,BTR-2203,Target,227,3948.48,2000.23
2026-08,BTR-2203,Walmart,254,4418.13,2238.15
2026-08,BTR-2203,Costco,158,2748.28,1392.23
2026-08,BTR-2203,Kroger,87,1513.3,766.61
2026-08,BTR-2203,Whole Foods,79,1374.14,696.12
2026-08,BTR-2203,Amazon,207,5338.82,1824.0
2026-08,BTR-2203,DTC Shopify,108,2785.47,951.65
2025-11,BTR-2204,Home Depot,173,5517.7,3048.81
2025-11,BTR-2204,Lowe's,128,4082.46,2255.77
2025-11,BTR-2204,Target,107,3412.68,1885.68
2025-11,BTR-2204,Walmart,131,4178.14,2308.64
2025-11,BTR-2204,Costco,80,2551.54,1409.86
2025-11,BTR-2204,Kroger,41,1307.66,722.55
2025-11,BTR-2204,Whole Foods,39,1243.87,687.3
2025-11,BTR-2204,Amazon,99,4681.85,1744.7
2025-11,BTR-2204,DTC Shopify,55,2601.03,969.28
2025-12,BTR-2204,Home Depot,163,5198.75,2872.58
2025-12,BTR-2204,Lowe's,123,3922.99,2167.65
2025-12,BTR-2204,Target,103,3285.1,1815.19
2025-12,BTR-2204,Walmart,127,4050.56,2238.15
2025-12,BTR-2204,Costco,73,2328.28,1286.49
2025-12,BTR-2204,Kroger,37,1180.09,652.06
2025-12,BTR-2204,Whole Foods,29,924.93,511.07
2025-12,BTR-2204,Amazon,92,4350.81,1621.33
2025-12,BTR-2204,DTC Shopify,49,2317.28,863.54
2026-01,BTR-2204,Home Depot,217,6921.04,3824.23
2026-01,BTR-2204,Lowe's,167,5326.33,2943.07
2026-01,BTR-2204,Target,134,4273.82,2361.51
2026-01,BTR-2204,Walmart,154,4911.71,2713.97
2026-01,BTR-2204,Costco,106,3380.79,1868.06
2026-01,BTR-2204,Kroger,64,2041.23,1127.88
2026-01,BTR-2204,Whole Foods,54,1722.29,951.65
2026-01,BTR-2204,Amazon,113,5343.93,1991.42
2026-01,BTR-2204,DTC Shopify,78,3688.73,1374.61
2026-02,BTR-2204,Home Depot,466,14862.7,8212.41
2026-02,BTR-2204,Lowe's,320,10206.14,5639.42
2026-02,BTR-2204,Target,277,8834.69,4881.63
2026-02,BTR-2204,Walmart,316,10078.57,5568.93
2026-02,BTR-2204,Costco,194,6187.47,3418.9
2026-02,BTR-2204,Kroger,128,4082.46,2255.77
2026-02,BTR-2204,Whole Foods,103,3285.1,1815.19
2026-02,BTR-2204,Amazon,275,13005.14,4846.38
2026-02,BTR-2204,DTC Shopify,139,6573.5,2449.62
2026-03,BTR-2204,Home Depot,561,17892.65,9886.62
2026-03,BTR-2204,Lowe's,381,12151.69,6714.44
2026-03,BTR-2204,Target,410,13076.62,7225.51
2026-03,BTR-2204,Walmart,406,12949.05,7155.02
2026-03,BTR-2204,Costco,269,8579.54,4740.64
2026-03,BTR-2204,Kroger,176,5613.38,3101.68
2026-03,BTR-2204,Whole Foods,159,5071.18,2802.09
2026-03,BTR-2204,Amazon,353,16693.86,6220.99
2026-03,BTR-2204,DTC Shopify,192,9079.95,3383.65
2026-04,BTR-2204,Home Depot,1077,34350.05,18980.19
2026-04,BTR-2204,Lowe's,726,23155.19,12794.44
2026-04,BTR-2204,Target,682,21751.84,12019.02
2026-04,BTR-2204,Walmart,583,18594.32,10274.33
2026-04,BTR-2204,Costco,486,15500.58,8564.88
2026-04,BTR-2204,Kroger,263,8388.17,4634.9
2026-04,BTR-2204,Whole Foods,218,6952.94,3841.86
2026-04,BTR-2204,Amazon,568,26861.52,10009.98
2026-04,BTR-2204,DTC Shopify,291,13761.8,5128.35
2026-05,BTR-2204,Home Depot,594,18945.15,10468.18
2026-05,BTR-2204,Lowe's,431,13746.4,7595.6
2026-05,BTR-2204,Target,358,11418.12,6309.11
2026-05,BTR-2204,Walmart,453,14448.07,7983.31
2026-05,BTR-2204,Costco,198,6315.05,3489.39
2026-05,BTR-2204,Kroger,144,4592.76,2537.74
2026-05,BTR-2204,Whole Foods,107,3412.68,1885.68
2026-05,BTR-2204,Amazon,303,14329.29,5339.83
2026-05,BTR-2204,DTC Shopify,157,7424.75,2766.84
2026-06,BTR-2204,Home Depot,297,9472.58,5234.09
2026-06,BTR-2204,Lowe's,277,8834.69,4881.63
2026-06,BTR-2204,Target,245,7814.08,4317.68
2026-06,BTR-2204,Walmart,261,8324.39,4599.66
2026-06,BTR-2204,Costco,163,5198.75,2872.58
2026-06,BTR-2204,Kroger,93,2966.16,1638.96
2026-06,BTR-2204,Whole Foods,70,2232.59,1233.62
2026-06,BTR-2204,Amazon,233,11018.9,4106.21
2026-06,BTR-2204,DTC Shopify,99,4681.85,1744.7
2026-07,BTR-2204,Home Depot,209,6665.89,3683.25
2026-07,BTR-2204,Lowe's,156,4975.5,2749.22
2026-07,BTR-2204,Target,157,5007.39,2766.84
2026-07,BTR-2204,Walmart,158,5039.28,2784.47
2026-07,BTR-2204,Costco,111,3540.26,1956.18
2026-07,BTR-2204,Kroger,68,2168.81,1198.38
2026-07,BTR-2204,Whole Foods,48,1530.92,845.91
2026-07,BTR-2204,Amazon,131,6195.17,2308.64
2026-07,BTR-2204,DTC Shopify,66,3121.23,1163.13
2026-08,BTR-2204,Home Depot,219,6984.83,3859.48
2026-08,BTR-2204,Lowe's,169,5390.12,2978.32
2026-08,BTR-2204,Target,133,4241.93,2343.89
2026-08,BTR-2204,Walmart,180,5740.96,3172.18
2026-08,BTR-2204,Costco,101,3221.31,1779.94
2026-08,BTR-2204,Kroger,65,2073.12,1145.51
2026-08,BTR-2204,Whole Foods,49,1562.82,863.54
2026-08,BTR-2204,Amazon,154,7282.88,2713.97
2026-08,BTR-2204,DTC Shopify,71,3357.69,1251.25
