sku,month,channel,account,node,demand_share,requirement_units,protected_minimum,allocated_units,short_units,fill_rate_pct,allocated_value_usd
BTR-1001,2026-09,Ecommerce,Amazon,DC-East,0.1900104984480555,3269.0,0.0,3269.0,0.0,1.0,22135.05
BTR-1001,2026-09,Retail,Costco,DC-West,0.10359229505203578,1782.0,412.0,1782.0,0.0,1.0,12066.28
BTR-1001,2026-09,Ecommerce,DTC Shopify,DC-West,0.11743427058608727,2021.0,0.0,2021.0,0.0,1.0,13684.6
BTR-1001,2026-09,Retail,Home Depot,DC-West,0.17196914369180208,2959.0,683.0,2959.0,0.0,1.0,20035.98
BTR-1001,2026-09,Retail,Kroger,DC-Central,0.01789300712068651,308.0,71.0,308.0,0.0,1.0,2085.53
BTR-1001,2026-09,Retail,Lowe's,DC-Central,0.11358864341792953,1954.0,451.0,1954.0,0.0,1.0,13230.92
BTR-1001,2026-09,Retail,Target,DC-Central,0.10983430710242834,1890.0,436.0,1890.0,0.0,1.0,12797.57
BTR-1001,2026-09,Retail,Walmart,DC-East,0.13897891181303634,2391.0,552.0,2391.0,0.0,1.0,16189.94
BTR-1001,2026-09,Retail,Whole Foods,DC-East,0.03669892276793865,631.0,146.0,631.0,0.0,1.0,4272.63
BTR-1001,2026-10,Ecommerce,Amazon,DC-East,0.1900104984480555,4579.0,0.0,4579.0,0.0,1.0,31005.32
BTR-1001,2026-10,Retail,Costco,DC-West,0.10359229505203578,2496.0,576.0,2496.0,0.0,1.0,16900.92
BTR-1001,2026-10,Ecommerce,DTC Shopify,DC-West,0.11743427058608727,2830.0,0.0,2830.0,0.0,1.0,19162.5
BTR-1001,2026-10,Retail,Home Depot,DC-West,0.17196914369180208,4144.0,957.0,4144.0,0.0,1.0,28059.85
BTR-1001,2026-10,Retail,Kroger,DC-Central,0.01789300712068651,431.0,100.0,431.0,0.0,1.0,2918.39
BTR-1001,2026-10,Retail,Lowe's,DC-Central,0.11358864341792953,2737.0,632.0,2737.0,0.0,1.0,18532.77
BTR-1001,2026-10,Retail,Target,DC-Central,0.10983430710242834,2647.0,611.0,2647.0,0.0,1.0,17923.37
BTR-1001,2026-10,Retail,Walmart,DC-East,0.13897891181303634,3349.0,773.0,3349.0,0.0,1.0,22676.75
BTR-1001,2026-10,Retail,Whole Foods,DC-East,0.03669892276793865,884.0,204.0,884.0,0.0,1.0,5985.74
BTR-1001,2026-11,Ecommerce,Amazon,DC-East,0.1900104984480555,6006.0,0.0,5696.0,310.0,0.9483849483849484,38568.76
BTR-1001,2026-11,Retail,Costco,DC-West,0.10359229505203578,3275.0,756.0,3145.0,130.0,0.9603053435114504,21295.42
BTR-1001,2026-11,Ecommerce,DTC Shopify,DC-West,0.11743427058608727,3712.0,0.0,3520.0,192.0,0.9482758620689655,23834.62
BTR-1001,2026-11,Retail,Home Depot,DC-West,0.17196914369180208,5436.0,1255.0,5220.0,216.0,0.9602649006622517,35345.66
BTR-1001,2026-11,Retail,Kroger,DC-Central,0.01789300712068651,566.0,131.0,543.0,23.0,0.9593639575971732,3676.76
BTR-1001,2026-11,Retail,Lowe's,DC-Central,0.11358864341792953,3591.0,829.0,3448.0,143.0,0.960178223336118,23347.1
BTR-1001,2026-11,Retail,Target,DC-Central,0.10983430710242834,3472.0,802.0,3334.0,138.0,0.9602534562211982,22575.18
BTR-1001,2026-11,Retail,Walmart,DC-East,0.13897891181303634,4393.0,1015.0,4218.0,175.0,0.9601638971090372,28560.92
BTR-1001,2026-11,Retail,Whole Foods,DC-East,0.03669892276793865,1160.0,268.0,1113.0,47.0,0.9594827586206897,7536.35
BTR-1001,2026-12,Ecommerce,Amazon,DC-East,0.1900104984480555,6829.0,0.0,5948.0,881.0,0.8709913603748719,40275.1
BTR-1001,2026-12,Retail,Costco,DC-West,0.10359229505203578,3723.0,860.0,3353.0,370.0,0.900617781359119,22703.83
BTR-1001,2026-12,Ecommerce,DTC Shopify,DC-West,0.11743427058608727,4221.0,0.0,3676.0,545.0,0.8708836768538261,24890.93
BTR-1001,2026-12,Retail,Home Depot,DC-West,0.17196914369180208,6181.0,1427.0,5567.0,614.0,0.9006633230868791,37695.27
BTR-1001,2026-12,Retail,Kroger,DC-Central,0.01789300712068651,643.0,148.0,579.0,64.0,0.9004665629860031,3920.52
BTR-1001,2026-12,Retail,Lowe's,DC-Central,0.11358864341792953,4083.0,943.0,3677.0,406.0,0.9005633112907176,24897.7
BTR-1001,2026-12,Retail,Target,DC-Central,0.10983430710242834,3948.0,912.0,3556.0,392.0,0.900709219858156,24078.39
BTR-1001,2026-12,Retail,Walmart,DC-East,0.13897891181303634,4995.0,1154.0,4499.0,496.0,0.9007007007007007,30463.63
BTR-1001,2026-12,Retail,Whole Foods,DC-East,0.03669892276793865,1319.0,305.0,1188.0,131.0,0.9006823351023503,8044.19
BTR-1001,2027-01,Ecommerce,Amazon,DC-East,0.1900104984480555,3155.0,0.0,3155.0,0.0,1.0,21363.14
BTR-1001,2027-01,Retail,Costco,DC-West,0.10359229505203578,1720.0,397.0,1720.0,0.0,1.0,11646.46
BTR-1001,2027-01,Ecommerce,DTC Shopify,DC-West,0.11743427058608727,1950.0,0.0,1950.0,0.0,1.0,13203.84
BTR-1001,2027-01,Retail,Home Depot,DC-West,0.17196914369180208,2855.0,659.0,2855.0,0.0,1.0,19331.78
BTR-1001,2027-01,Retail,Kroger,DC-Central,0.01789300712068651,297.0,69.0,297.0,0.0,1.0,2011.05
BTR-1001,2027-01,Retail,Lowe's,DC-Central,0.11358864341792953,1886.0,436.0,1886.0,0.0,1.0,12770.48
BTR-1001,2027-01,Retail,Target,DC-Central,0.10983430710242834,1824.0,421.0,1824.0,0.0,1.0,12350.67
BTR-1001,2027-01,Retail,Walmart,DC-East,0.13897891181303634,2307.0,533.0,2307.0,0.0,1.0,15621.16
BTR-1001,2027-01,Retail,Whole Foods,DC-East,0.03669892276793865,609.0,141.0,609.0,0.0,1.0,4123.66
BTR-1001,2027-02,Ecommerce,Amazon,DC-East,0.1900104984480555,3095.0,0.0,3095.0,0.0,1.0,20956.86
BTR-1001,2027-02,Retail,Costco,DC-West,0.10359229505203578,1687.0,390.0,1687.0,0.0,1.0,11423.01
BTR-1001,2027-02,Ecommerce,DTC Shopify,DC-West,0.11743427058608727,1913.0,0.0,1913.0,0.0,1.0,12953.31
BTR-1001,2027-02,Retail,Home Depot,DC-West,0.17196914369180208,2801.0,647.0,2801.0,0.0,1.0,18966.13
BTR-1001,2027-02,Retail,Kroger,DC-Central,0.01789300712068651,291.0,67.0,291.0,0.0,1.0,1970.42
BTR-1001,2027-02,Retail,Lowe's,DC-Central,0.11358864341792953,1850.0,427.0,1850.0,0.0,1.0,12526.72
BTR-1001,2027-02,Retail,Target,DC-Central,0.10983430710242834,1789.0,413.0,1789.0,0.0,1.0,12113.68
BTR-1001,2027-02,Retail,Walmart,DC-East,0.13897891181303634,2264.0,523.0,2264.0,0.0,1.0,15330.0
BTR-1001,2027-02,Retail,Whole Foods,DC-East,0.03669892276793865,598.0,138.0,598.0,0.0,1.0,4049.18
BTR-1001,2027-03,Ecommerce,Amazon,DC-East,0.1900104984480555,3367.0,0.0,3367.0,0.0,1.0,22798.63
BTR-1001,2027-03,Retail,Costco,DC-West,0.10359229505203578,1836.0,424.0,1836.0,0.0,1.0,12431.92
BTR-1001,2027-03,Ecommerce,DTC Shopify,DC-West,0.11743427058608727,2081.0,0.0,2081.0,0.0,1.0,14090.87
BTR-1001,2027-03,Retail,Home Depot,DC-West,0.17196914369180208,3047.0,704.0,3047.0,0.0,1.0,20631.85
BTR-1001,2027-03,Retail,Kroger,DC-Central,0.01789300712068651,317.0,73.0,317.0,0.0,1.0,2146.47
BTR-1001,2027-03,Retail,Lowe's,DC-Central,0.11358864341792953,2013.0,465.0,2013.0,0.0,1.0,13630.43
BTR-1001,2027-03,Retail,Target,DC-Central,0.10983430710242834,1946.0,449.0,1946.0,0.0,1.0,13176.76
BTR-1001,2027-03,Retail,Walmart,DC-East,0.13897891181303634,2463.0,569.0,2463.0,0.0,1.0,16677.47
BTR-1001,2027-03,Retail,Whole Foods,DC-East,0.03669892276793865,650.0,150.0,650.0,0.0,1.0,4401.28
BTR-1001,2027-04,Ecommerce,Amazon,DC-East,0.1900104984480555,3437.0,0.0,3437.0,0.0,1.0,23272.61
BTR-1001,2027-04,Retail,Costco,DC-West,0.10359229505203578,1874.0,433.0,1874.0,0.0,1.0,12689.23
BTR-1001,2027-04,Ecommerce,DTC Shopify,DC-West,0.11743427058608727,2125.0,0.0,2125.0,0.0,1.0,14388.8
BTR-1001,2027-04,Retail,Home Depot,DC-West,0.17196914369180208,3111.0,718.0,3111.0,0.0,1.0,21065.2
BTR-1001,2027-04,Retail,Kroger,DC-Central,0.01789300712068651,324.0,75.0,324.0,0.0,1.0,2193.87
BTR-1001,2027-04,Retail,Lowe's,DC-Central,0.11358864341792953,2055.0,475.0,2055.0,0.0,1.0,13914.82
BTR-1001,2027-04,Retail,Target,DC-Central,0.10983430710242834,1987.0,459.0,1987.0,0.0,1.0,13454.37
BTR-1001,2027-04,Retail,Walmart,DC-East,0.13897891181303634,2514.0,581.0,2514.0,0.0,1.0,17022.8
BTR-1001,2027-04,Retail,Whole Foods,DC-East,0.03669892276793865,664.0,153.0,664.0,0.0,1.0,4496.08
BTR-1001,2027-05,Ecommerce,Amazon,DC-East,0.1900104984480555,3302.0,0.0,3302.0,0.0,1.0,22358.5
BTR-1001,2027-05,Retail,Costco,DC-West,0.10359229505203578,1800.0,416.0,1800.0,0.0,1.0,12188.16
BTR-1001,2027-05,Ecommerce,DTC Shopify,DC-West,0.11743427058608727,2041.0,0.0,2041.0,0.0,1.0,13820.02
BTR-1001,2027-05,Retail,Home Depot,DC-West,0.17196914369180208,2988.0,690.0,2988.0,0.0,1.0,20232.35
BTR-1001,2027-05,Retail,Kroger,DC-Central,0.01789300712068651,311.0,72.0,311.0,0.0,1.0,2105.84
BTR-1001,2027-05,Retail,Lowe's,DC-Central,0.11358864341792953,1974.0,456.0,1974.0,0.0,1.0,13366.35
BTR-1001,2027-05,Retail,Target,DC-Central,0.10983430710242834,1908.0,441.0,1908.0,0.0,1.0,12919.45
BTR-1001,2027-05,Retail,Walmart,DC-East,0.13897891181303634,2415.0,558.0,2415.0,0.0,1.0,16352.45
BTR-1001,2027-05,Retail,Whole Foods,DC-East,0.03669892276793865,638.0,147.0,638.0,0.0,1.0,4320.03
BTR-1001,2027-06,Ecommerce,Amazon,DC-East,0.1900104984480555,3163.0,0.0,3163.0,0.0,1.0,21417.31
BTR-1001,2027-06,Retail,Costco,DC-West,0.10359229505203578,1725.0,398.0,1725.0,0.0,1.0,11680.32
BTR-1001,2027-06,Ecommerce,DTC Shopify,DC-West,0.11743427058608727,1955.0,0.0,1955.0,0.0,1.0,13237.7
BTR-1001,2027-06,Retail,Home Depot,DC-West,0.17196914369180208,2863.0,661.0,2863.0,0.0,1.0,19385.95
BTR-1001,2027-06,Retail,Kroger,DC-Central,0.01789300712068651,298.0,69.0,298.0,0.0,1.0,2017.82
BTR-1001,2027-06,Retail,Lowe's,DC-Central,0.11358864341792953,1891.0,437.0,1891.0,0.0,1.0,12804.34
BTR-1001,2027-06,Retail,Target,DC-Central,0.10983430710242834,1828.0,422.0,1828.0,0.0,1.0,12377.75
BTR-1001,2027-06,Retail,Walmart,DC-East,0.13897891181303634,2314.0,534.0,2314.0,0.0,1.0,15668.56
BTR-1001,2027-06,Retail,Whole Foods,DC-East,0.03669892276793865,611.0,141.0,611.0,0.0,1.0,4137.2
BTR-1001,2027-07,Ecommerce,Amazon,DC-East,0.1900104984480555,3211.0,0.0,3211.0,0.0,1.0,21742.32
BTR-1001,2027-07,Retail,Costco,DC-West,0.10359229505203578,1751.0,404.0,1751.0,0.0,1.0,11856.37
BTR-1001,2027-07,Ecommerce,DTC Shopify,DC-West,0.11743427058608727,1984.0,0.0,1984.0,0.0,1.0,13434.06
BTR-1001,2027-07,Retail,Home Depot,DC-West,0.17196914369180208,2906.0,671.0,2906.0,0.0,1.0,19677.11
BTR-1001,2027-07,Retail,Kroger,DC-Central,0.01789300712068651,302.0,70.0,302.0,0.0,1.0,2044.9
BTR-1001,2027-07,Retail,Lowe's,DC-Central,0.11358864341792953,1919.0,443.0,1919.0,0.0,1.0,12993.93
BTR-1001,2027-07,Retail,Target,DC-Central,0.10983430710242834,1856.0,429.0,1856.0,0.0,1.0,12567.35
BTR-1001,2027-07,Retail,Walmart,DC-East,0.13897891181303634,2348.0,542.0,2348.0,0.0,1.0,15898.78
BTR-1001,2027-07,Retail,Whole Foods,DC-East,0.03669892276793865,620.0,143.0,620.0,0.0,1.0,4198.14
BTR-1001,2027-08,Ecommerce,Amazon,DC-East,0.1900104984480555,3465.0,0.0,3465.0,0.0,1.0,23462.21
BTR-1001,2027-08,Retail,Costco,DC-West,0.10359229505203578,1889.0,436.0,1889.0,0.0,1.0,12790.8
BTR-1001,2027-08,Ecommerce,DTC Shopify,DC-West,0.11743427058608727,2141.0,0.0,2141.0,0.0,1.0,14497.14
BTR-1001,2027-08,Retail,Home Depot,DC-West,0.17196914369180208,3136.0,724.0,3136.0,0.0,1.0,21234.48
BTR-1001,2027-08,Retail,Kroger,DC-Central,0.01789300712068651,326.0,75.0,326.0,0.0,1.0,2207.41
BTR-1001,2027-08,Retail,Lowe's,DC-Central,0.11358864341792953,2071.0,478.0,2071.0,0.0,1.0,14023.16
BTR-1001,2027-08,Retail,Target,DC-Central,0.10983430710242834,2003.0,463.0,2003.0,0.0,1.0,13562.71
BTR-1001,2027-08,Retail,Walmart,DC-East,0.13897891181303634,2534.0,585.0,2534.0,0.0,1.0,17158.22
BTR-1001,2027-08,Retail,Whole Foods,DC-East,0.03669892276793865,669.0,155.0,669.0,0.0,1.0,4529.93
BTR-1002,2026-09,Ecommerce,Amazon,DC-East,0.1873471109236609,811.0,0.0,811.0,0.0,1.0,5877.56
BTR-1002,2026-09,Retail,Costco,DC-West,0.1026571067060312,444.0,103.0,444.0,0.0,1.0,3217.8
BTR-1002,2026-09,Ecommerce,DTC Shopify,DC-West,0.1093209616195698,473.0,0.0,473.0,0.0,1.0,3427.97
BTR-1002,2026-09,Retail,Home Depot,DC-West,0.1771826233656685,767.0,177.0,767.0,0.0,1.0,5558.68
BTR-1002,2026-09,Retail,Kroger,DC-Central,0.017756221003795866,77.0,18.0,77.0,0.0,1.0,558.04
BTR-1002,2026-09,Retail,Lowe's,DC-Central,0.12222690847743568,529.0,122.0,529.0,0.0,1.0,3833.82
BTR-1002,2026-09,Retail,Target,DC-Central,0.10759173344580346,466.0,108.0,466.0,0.0,1.0,3377.24
BTR-1002,2026-09,Retail,Walmart,DC-East,0.13551244200759174,586.0,135.0,586.0,0.0,1.0,4246.92
BTR-1002,2026-09,Retail,Whole Foods,DC-East,0.040404892450442854,175.0,40.0,175.0,0.0,1.0,1268.28
BTR-1002,2026-10,Ecommerce,Amazon,DC-East,0.1873471109236609,1121.0,0.0,1121.0,0.0,1.0,8124.22
BTR-1002,2026-10,Retail,Costco,DC-West,0.1026571067060312,614.0,142.0,614.0,0.0,1.0,4449.84
BTR-1002,2026-10,Ecommerce,DTC Shopify,DC-West,0.1093209616195698,654.0,0.0,654.0,0.0,1.0,4739.73
BTR-1002,2026-10,Retail,Home Depot,DC-West,0.1771826233656685,1060.0,245.0,1060.0,0.0,1.0,7682.14
BTR-1002,2026-10,Retail,Kroger,DC-Central,0.017756221003795866,106.0,24.0,106.0,0.0,1.0,768.21
BTR-1002,2026-10,Retail,Lowe's,DC-Central,0.12222690847743568,731.0,169.0,731.0,0.0,1.0,5297.78
BTR-1002,2026-10,Retail,Target,DC-Central,0.10759173344580346,644.0,149.0,644.0,0.0,1.0,4667.26
BTR-1002,2026-10,Retail,Walmart,DC-East,0.13551244200759174,810.0,187.0,810.0,0.0,1.0,5870.31
BTR-1002,2026-10,Retail,Whole Foods,DC-East,0.040404892450442854,242.0,56.0,242.0,0.0,1.0,1753.85
BTR-1002,2026-11,Ecommerce,Amazon,DC-East,0.1873471109236609,1450.0,0.0,1450.0,0.0,1.0,10508.58
BTR-1002,2026-11,Retail,Costco,DC-West,0.1026571067060312,795.0,184.0,795.0,0.0,1.0,5761.6
BTR-1002,2026-11,Ecommerce,DTC Shopify,DC-West,0.1093209616195698,846.0,0.0,846.0,0.0,1.0,6131.22
BTR-1002,2026-11,Retail,Home Depot,DC-West,0.1771826233656685,1372.0,317.0,1372.0,0.0,1.0,9943.3
BTR-1002,2026-11,Retail,Kroger,DC-Central,0.017756221003795866,137.0,32.0,137.0,0.0,1.0,992.88
BTR-1002,2026-11,Retail,Lowe's,DC-Central,0.12222690847743568,946.0,218.0,946.0,0.0,1.0,6855.95
BTR-1002,2026-11,Retail,Target,DC-Central,0.10759173344580346,833.0,192.0,833.0,0.0,1.0,6037.0
BTR-1002,2026-11,Retail,Walmart,DC-East,0.13551244200759174,1049.0,242.0,1049.0,0.0,1.0,7602.42
BTR-1002,2026-11,Retail,Whole Foods,DC-East,0.040404892450442854,313.0,72.0,313.0,0.0,1.0,2268.4
BTR-1002,2026-12,Ecommerce,Amazon,DC-East,0.1873471109236609,1627.0,0.0,1627.0,0.0,1.0,11791.36
BTR-1002,2026-12,Retail,Costco,DC-West,0.1026571067060312,892.0,206.0,892.0,0.0,1.0,6464.59
BTR-1002,2026-12,Ecommerce,DTC Shopify,DC-West,0.1093209616195698,950.0,0.0,950.0,0.0,1.0,6884.94
BTR-1002,2026-12,Retail,Home Depot,DC-West,0.1771826233656685,1539.0,355.0,1539.0,0.0,1.0,11153.59
BTR-1002,2026-12,Retail,Kroger,DC-Central,0.017756221003795866,154.0,36.0,154.0,0.0,1.0,1116.08
BTR-1002,2026-12,Retail,Lowe's,DC-Central,0.12222690847743568,1062.0,245.0,1062.0,0.0,1.0,7696.63
BTR-1002,2026-12,Retail,Target,DC-Central,0.10759173344580346,935.0,216.0,935.0,0.0,1.0,6776.23
BTR-1002,2026-12,Retail,Walmart,DC-East,0.13551244200759174,1177.0,272.0,1177.0,0.0,1.0,8530.07
BTR-1002,2026-12,Retail,Whole Foods,DC-East,0.040404892450442854,351.0,81.0,351.0,0.0,1.0,2543.8
BTR-1002,2027-01,Ecommerce,Amazon,DC-East,0.1873471109236609,742.0,0.0,742.0,0.0,1.0,5377.5
BTR-1002,2027-01,Retail,Costco,DC-West,0.1026571067060312,406.0,94.0,406.0,0.0,1.0,2942.4
BTR-1002,2027-01,Ecommerce,DTC Shopify,DC-West,0.1093209616195698,433.0,0.0,433.0,0.0,1.0,3138.08
BTR-1002,2027-01,Retail,Home Depot,DC-West,0.1771826233656685,701.0,162.0,701.0,0.0,1.0,5080.36
BTR-1002,2027-01,Retail,Kroger,DC-Central,0.017756221003795866,70.0,16.0,70.0,0.0,1.0,507.31
BTR-1002,2027-01,Retail,Lowe's,DC-Central,0.12222690847743568,484.0,112.0,484.0,0.0,1.0,3507.69
BTR-1002,2027-01,Retail,Target,DC-Central,0.10759173344580346,426.0,98.0,426.0,0.0,1.0,3087.35
BTR-1002,2027-01,Retail,Walmart,DC-East,0.13551244200759174,536.0,124.0,536.0,0.0,1.0,3884.55
BTR-1002,2027-01,Retail,Whole Foods,DC-East,0.040404892450442854,160.0,37.0,160.0,0.0,1.0,1159.57
BTR-1002,2027-02,Ecommerce,Amazon,DC-East,0.1873471109236609,718.0,0.0,718.0,0.0,1.0,5203.56
BTR-1002,2027-02,Retail,Costco,DC-West,0.1026571067060312,393.0,91.0,393.0,0.0,1.0,2848.19
BTR-1002,2027-02,Ecommerce,DTC Shopify,DC-West,0.1093209616195698,419.0,0.0,419.0,0.0,1.0,3036.62
BTR-1002,2027-02,Retail,Home Depot,DC-West,0.1771826233656685,679.0,157.0,679.0,0.0,1.0,4920.92
BTR-1002,2027-02,Retail,Kroger,DC-Central,0.017756221003795866,68.0,16.0,68.0,0.0,1.0,492.82
BTR-1002,2027-02,Retail,Lowe's,DC-Central,0.12222690847743568,468.0,108.0,468.0,0.0,1.0,3391.74
BTR-1002,2027-02,Retail,Target,DC-Central,0.10759173344580346,412.0,95.0,412.0,0.0,1.0,2985.89
BTR-1002,2027-02,Retail,Walmart,DC-East,0.13551244200759174,519.0,120.0,519.0,0.0,1.0,3761.35
BTR-1002,2027-02,Retail,Whole Foods,DC-East,0.040404892450442854,155.0,36.0,155.0,0.0,1.0,1123.33
BTR-1002,2027-03,Ecommerce,Amazon,DC-East,0.1873471109236609,771.0,0.0,771.0,0.0,1.0,5587.67
BTR-1002,2027-03,Retail,Costco,DC-West,0.1026571067060312,422.0,97.0,422.0,0.0,1.0,3058.36
BTR-1002,2027-03,Ecommerce,DTC Shopify,DC-West,0.1093209616195698,450.0,0.0,450.0,0.0,1.0,3261.28
BTR-1002,2027-03,Retail,Home Depot,DC-West,0.1771826233656685,729.0,168.0,729.0,0.0,1.0,5283.28
BTR-1002,2027-03,Retail,Kroger,DC-Central,0.017756221003795866,73.0,17.0,73.0,0.0,1.0,529.05
BTR-1002,2027-03,Retail,Lowe's,DC-Central,0.12222690847743568,503.0,116.0,503.0,0.0,1.0,3645.39
BTR-1002,2027-03,Retail,Target,DC-Central,0.10759173344580346,443.0,102.0,443.0,0.0,1.0,3210.55
BTR-1002,2027-03,Retail,Walmart,DC-East,0.13551244200759174,557.0,129.0,557.0,0.0,1.0,4036.75
BTR-1002,2027-03,Retail,Whole Foods,DC-East,0.040404892450442854,166.0,38.0,166.0,0.0,1.0,1203.05
BTR-1002,2027-04,Ecommerce,Amazon,DC-East,0.1873471109236609,776.0,0.0,776.0,0.0,1.0,5623.9
BTR-1002,2027-04,Retail,Costco,DC-West,0.1026571067060312,425.0,98.0,425.0,0.0,1.0,3080.1
BTR-1002,2027-04,Ecommerce,DTC Shopify,DC-West,0.1093209616195698,453.0,0.0,453.0,0.0,1.0,3283.03
BTR-1002,2027-04,Retail,Home Depot,DC-West,0.1771826233656685,734.0,170.0,734.0,0.0,1.0,5319.52
BTR-1002,2027-04,Retail,Kroger,DC-Central,0.017756221003795866,74.0,17.0,74.0,0.0,1.0,536.3
BTR-1002,2027-04,Retail,Lowe's,DC-Central,0.12222690847743568,507.0,117.0,507.0,0.0,1.0,3674.38
BTR-1002,2027-04,Retail,Target,DC-Central,0.10759173344580346,446.0,103.0,446.0,0.0,1.0,3232.3
BTR-1002,2027-04,Retail,Walmart,DC-East,0.13551244200759174,562.0,130.0,562.0,0.0,1.0,4072.98
BTR-1002,2027-04,Retail,Whole Foods,DC-East,0.040404892450442854,167.0,39.0,167.0,0.0,1.0,1210.3
BTR-1002,2027-05,Ecommerce,Amazon,DC-East,0.1873471109236609,736.0,0.0,736.0,0.0,1.0,5334.01
BTR-1002,2027-05,Retail,Costco,DC-West,0.1026571067060312,403.0,93.0,403.0,0.0,1.0,2920.66
BTR-1002,2027-05,Ecommerce,DTC Shopify,DC-West,0.1093209616195698,429.0,0.0,429.0,0.0,1.0,3109.09
BTR-1002,2027-05,Retail,Home Depot,DC-West,0.1771826233656685,696.0,161.0,696.0,0.0,1.0,5044.12
BTR-1002,2027-05,Retail,Kroger,DC-Central,0.017756221003795866,70.0,16.0,70.0,0.0,1.0,507.31
BTR-1002,2027-05,Retail,Lowe's,DC-Central,0.12222690847743568,480.0,111.0,480.0,0.0,1.0,3478.7
BTR-1002,2027-05,Retail,Target,DC-Central,0.10759173344580346,423.0,98.0,423.0,0.0,1.0,3065.61
BTR-1002,2027-05,Retail,Walmart,DC-East,0.13551244200759174,532.0,123.0,532.0,0.0,1.0,3855.56
BTR-1002,2027-05,Retail,Whole Foods,DC-East,0.040404892450442854,159.0,37.0,159.0,0.0,1.0,1152.32
BTR-1002,2027-06,Ecommerce,Amazon,DC-East,0.1873471109236609,696.0,0.0,696.0,0.0,1.0,5044.12
BTR-1002,2027-06,Retail,Costco,DC-West,0.1026571067060312,381.0,88.0,381.0,0.0,1.0,2761.22
BTR-1002,2027-06,Ecommerce,DTC Shopify,DC-West,0.1093209616195698,406.0,0.0,406.0,0.0,1.0,2942.4
BTR-1002,2027-06,Retail,Home Depot,DC-West,0.1771826233656685,658.0,152.0,658.0,0.0,1.0,4768.72
BTR-1002,2027-06,Retail,Kroger,DC-Central,0.017756221003795866,66.0,15.0,66.0,0.0,1.0,478.32
BTR-1002,2027-06,Retail,Lowe's,DC-Central,0.12222690847743568,454.0,105.0,454.0,0.0,1.0,3290.27
BTR-1002,2027-06,Retail,Target,DC-Central,0.10759173344580346,399.0,92.0,399.0,0.0,1.0,2891.67
BTR-1002,2027-06,Retail,Walmart,DC-East,0.13551244200759174,503.0,116.0,503.0,0.0,1.0,3645.39
BTR-1002,2027-06,Retail,Whole Foods,DC-East,0.040404892450442854,150.0,35.0,150.0,0.0,1.0,1087.1
BTR-1002,2027-07,Ecommerce,Amazon,DC-East,0.1873471109236609,697.0,0.0,697.0,0.0,1.0,5051.37
BTR-1002,2027-07,Retail,Costco,DC-West,0.1026571067060312,382.0,88.0,382.0,0.0,1.0,2768.47
BTR-1002,2027-07,Ecommerce,DTC Shopify,DC-West,0.1093209616195698,407.0,0.0,407.0,0.0,1.0,2949.65
BTR-1002,2027-07,Retail,Home Depot,DC-West,0.1771826233656685,659.0,152.0,659.0,0.0,1.0,4775.97
BTR-1002,2027-07,Retail,Kroger,DC-Central,0.017756221003795866,66.0,15.0,66.0,0.0,1.0,478.32
BTR-1002,2027-07,Retail,Lowe's,DC-Central,0.12222690847743568,455.0,105.0,455.0,0.0,1.0,3297.52
BTR-1002,2027-07,Retail,Target,DC-Central,0.10759173344580346,400.0,92.0,400.0,0.0,1.0,2898.92
BTR-1002,2027-07,Retail,Walmart,DC-East,0.13551244200759174,504.0,116.0,504.0,0.0,1.0,3652.64
BTR-1002,2027-07,Retail,Whole Foods,DC-East,0.040404892450442854,150.0,35.0,150.0,0.0,1.0,1087.1
BTR-1002,2027-08,Ecommerce,Amazon,DC-East,0.1873471109236609,742.0,0.0,742.0,0.0,1.0,5377.5
BTR-1002,2027-08,Retail,Costco,DC-West,0.1026571067060312,407.0,94.0,407.0,0.0,1.0,2949.65
BTR-1002,2027-08,Ecommerce,DTC Shopify,DC-West,0.1093209616195698,433.0,0.0,433.0,0.0,1.0,3138.08
BTR-1002,2027-08,Retail,Home Depot,DC-West,0.1771826233656685,702.0,162.0,702.0,0.0,1.0,5087.6
BTR-1002,2027-08,Retail,Kroger,DC-Central,0.017756221003795866,70.0,16.0,70.0,0.0,1.0,507.31
BTR-1002,2027-08,Retail,Lowe's,DC-Central,0.12222690847743568,484.0,112.0,484.0,0.0,1.0,3507.69
BTR-1002,2027-08,Retail,Target,DC-Central,0.10759173344580346,426.0,98.0,426.0,0.0,1.0,3087.35
BTR-1002,2027-08,Retail,Walmart,DC-East,0.13551244200759174,537.0,124.0,537.0,0.0,1.0,3891.8
BTR-1002,2027-08,Retail,Whole Foods,DC-East,0.040404892450442854,160.0,37.0,160.0,0.0,1.0,1159.57
BTR-1003,2026-09,Ecommerce,Amazon,DC-East,0.18185538881309687,490.0,0.0,490.0,0.0,1.0,3951.16
BTR-1003,2026-09,Retail,Costco,DC-West,0.10034106412005457,271.0,63.0,271.0,0.0,1.0,2185.24
BTR-1003,2026-09,Ecommerce,DTC Shopify,DC-West,0.11050477489768076,298.0,0.0,298.0,0.0,1.0,2402.95
BTR-1003,2026-09,Retail,Home Depot,DC-West,0.17141882673942702,462.0,107.0,462.0,0.0,1.0,3725.38
BTR-1003,2026-09,Retail,Kroger,DC-Central,0.019167803547066847,52.0,12.0,52.0,0.0,1.0,419.31
BTR-1003,2026-09,Retail,Lowe's,DC-Central,0.13410641200545703,362.0,84.0,362.0,0.0,1.0,2919.02
BTR-1003,2026-09,Retail,Target,DC-Central,0.11432469304229195,308.0,71.0,308.0,0.0,1.0,2483.59
BTR-1003,2026-09,Retail,Walmart,DC-East,0.1266712141882674,342.0,79.0,342.0,0.0,1.0,2757.75
BTR-1003,2026-09,Retail,Whole Foods,DC-East,0.04160982264665757,112.0,26.0,112.0,0.0,1.0,903.12
BTR-1003,2026-10,Ecommerce,Amazon,DC-East,0.18185538881309687,676.0,0.0,676.0,0.0,1.0,5450.99
BTR-1003,2026-10,Retail,Costco,DC-West,0.10034106412005457,373.0,86.0,373.0,0.0,1.0,3007.72
BTR-1003,2026-10,Ecommerce,DTC Shopify,DC-West,0.11050477489768076,411.0,0.0,411.0,0.0,1.0,3314.14
BTR-1003,2026-10,Retail,Home Depot,DC-West,0.17141882673942702,637.0,147.0,637.0,0.0,1.0,5136.51
BTR-1003,2026-10,Retail,Kroger,DC-Central,0.019167803547066847,71.0,16.0,71.0,0.0,1.0,572.52
BTR-1003,2026-10,Retail,Lowe's,DC-Central,0.13410641200545703,498.0,115.0,498.0,0.0,1.0,4015.67
BTR-1003,2026-10,Retail,Target,DC-Central,0.11432469304229195,425.0,98.0,425.0,0.0,1.0,3427.03
BTR-1003,2026-10,Retail,Walmart,DC-East,0.1266712141882674,471.0,109.0,471.0,0.0,1.0,3797.96
BTR-1003,2026-10,Retail,Whole Foods,DC-East,0.04160982264665757,155.0,36.0,155.0,0.0,1.0,1249.86
BTR-1003,2026-11,Ecommerce,Amazon,DC-East,0.18185538881309687,872.0,0.0,872.0,0.0,1.0,7031.46
BTR-1003,2026-11,Retail,Costco,DC-West,0.10034106412005457,481.0,111.0,481.0,0.0,1.0,3878.59
BTR-1003,2026-11,Ecommerce,DTC Shopify,DC-West,0.11050477489768076,530.0,0.0,530.0,0.0,1.0,4273.71
BTR-1003,2026-11,Retail,Home Depot,DC-West,0.17141882673942702,822.0,190.0,822.0,0.0,1.0,6628.28
BTR-1003,2026-11,Retail,Kroger,DC-Central,0.019167803547066847,92.0,21.0,92.0,0.0,1.0,741.85
BTR-1003,2026-11,Retail,Lowe's,DC-Central,0.13410641200545703,643.0,148.0,643.0,0.0,1.0,5184.89
BTR-1003,2026-11,Retail,Target,DC-Central,0.11432469304229195,548.0,127.0,548.0,0.0,1.0,4418.85
BTR-1003,2026-11,Retail,Walmart,DC-East,0.1266712141882674,608.0,140.0,608.0,0.0,1.0,4902.67
BTR-1003,2026-11,Retail,Whole Foods,DC-East,0.04160982264665757,200.0,46.0,200.0,0.0,1.0,1612.72
BTR-1003,2026-12,Ecommerce,Amazon,DC-East,0.18185538881309687,975.0,0.0,837.0,138.0,0.8584615384615385,6749.23
BTR-1003,2026-12,Retail,Costco,DC-West,0.10034106412005457,538.0,124.0,479.0,59.0,0.8903345724907064,3862.46
BTR-1003,2026-12,Ecommerce,DTC Shopify,DC-West,0.11050477489768076,593.0,0.0,509.0,84.0,0.8583473861720068,4104.37
BTR-1003,2026-12,Retail,Home Depot,DC-West,0.17141882673942702,919.0,212.0,819.0,100.0,0.8911860718171926,6604.09
BTR-1003,2026-12,Retail,Kroger,DC-Central,0.019167803547066847,103.0,24.0,91.0,12.0,0.883495145631068,733.79
BTR-1003,2026-12,Retail,Lowe's,DC-Central,0.13410641200545703,719.0,166.0,640.0,79.0,0.8901251738525731,5160.7
BTR-1003,2026-12,Retail,Target,DC-Central,0.11432469304229195,613.0,142.0,546.0,67.0,0.8907014681892332,4402.73
BTR-1003,2026-12,Retail,Walmart,DC-East,0.1266712141882674,679.0,157.0,605.0,74.0,0.8910162002945509,4878.48
BTR-1003,2026-12,Retail,Whole Foods,DC-East,0.04160982264665757,223.0,52.0,198.0,25.0,0.8878923766816144,1596.59
BTR-1003,2027-01,Ecommerce,Amazon,DC-East,0.18185538881309687,443.0,0.0,443.0,0.0,1.0,3572.17
BTR-1003,2027-01,Retail,Costco,DC-West,0.10034106412005457,245.0,57.0,245.0,0.0,1.0,1975.58
BTR-1003,2027-01,Ecommerce,DTC Shopify,DC-West,0.11050477489768076,269.0,0.0,269.0,0.0,1.0,2169.11
BTR-1003,2027-01,Retail,Home Depot,DC-West,0.17141882673942702,418.0,97.0,418.0,0.0,1.0,3370.58
BTR-1003,2027-01,Retail,Kroger,DC-Central,0.019167803547066847,47.0,11.0,47.0,0.0,1.0,378.99
BTR-1003,2027-01,Retail,Lowe's,DC-Central,0.13410641200545703,327.0,76.0,327.0,0.0,1.0,2636.8
BTR-1003,2027-01,Retail,Target,DC-Central,0.11432469304229195,279.0,64.0,279.0,0.0,1.0,2249.74
BTR-1003,2027-01,Retail,Walmart,DC-East,0.1266712141882674,309.0,71.0,309.0,0.0,1.0,2491.65
BTR-1003,2027-01,Retail,Whole Foods,DC-East,0.04160982264665757,101.0,23.0,101.0,0.0,1.0,814.42
BTR-1003,2027-02,Ecommerce,Amazon,DC-East,0.18185538881309687,428.0,0.0,428.0,0.0,1.0,3451.22
BTR-1003,2027-02,Retail,Costco,DC-West,0.10034106412005457,236.0,55.0,236.0,0.0,1.0,1903.01
BTR-1003,2027-02,Ecommerce,DTC Shopify,DC-West,0.11050477489768076,260.0,0.0,260.0,0.0,1.0,2096.54
BTR-1003,2027-02,Retail,Home Depot,DC-West,0.17141882673942702,403.0,93.0,403.0,0.0,1.0,3249.63
BTR-1003,2027-02,Retail,Kroger,DC-Central,0.019167803547066847,45.0,10.0,45.0,0.0,1.0,362.86
BTR-1003,2027-02,Retail,Lowe's,DC-Central,0.13410641200545703,316.0,73.0,316.0,0.0,1.0,2548.1
BTR-1003,2027-02,Retail,Target,DC-Central,0.11432469304229195,269.0,62.0,269.0,0.0,1.0,2169.11
BTR-1003,2027-02,Retail,Walmart,DC-East,0.1266712141882674,298.0,69.0,298.0,0.0,1.0,2402.95
BTR-1003,2027-02,Retail,Whole Foods,DC-East,0.04160982264665757,98.0,23.0,98.0,0.0,1.0,790.23
BTR-1003,2027-03,Ecommerce,Amazon,DC-East,0.18185538881309687,458.0,0.0,458.0,0.0,1.0,3693.13
BTR-1003,2027-03,Retail,Costco,DC-West,0.10034106412005457,253.0,58.0,253.0,0.0,1.0,2040.09
BTR-1003,2027-03,Ecommerce,DTC Shopify,DC-West,0.11050477489768076,278.0,0.0,278.0,0.0,1.0,2241.68
BTR-1003,2027-03,Retail,Home Depot,DC-West,0.17141882673942702,432.0,100.0,432.0,0.0,1.0,3483.48
BTR-1003,2027-03,Retail,Kroger,DC-Central,0.019167803547066847,48.0,11.0,48.0,0.0,1.0,387.05
BTR-1003,2027-03,Retail,Lowe's,DC-Central,0.13410641200545703,338.0,78.0,338.0,0.0,1.0,2725.5
BTR-1003,2027-03,Retail,Target,DC-Central,0.11432469304229195,288.0,67.0,288.0,0.0,1.0,2322.32
BTR-1003,2027-03,Retail,Walmart,DC-East,0.1266712141882674,319.0,74.0,319.0,0.0,1.0,2572.29
BTR-1003,2027-03,Retail,Whole Foods,DC-East,0.04160982264665757,105.0,24.0,105.0,0.0,1.0,846.68
BTR-1003,2027-04,Ecommerce,Amazon,DC-East,0.18185538881309687,460.0,0.0,460.0,0.0,1.0,3709.26
BTR-1003,2027-04,Retail,Costco,DC-West,0.10034106412005457,254.0,59.0,254.0,0.0,1.0,2048.15
BTR-1003,2027-04,Ecommerce,DTC Shopify,DC-West,0.11050477489768076,279.0,0.0,279.0,0.0,1.0,2249.74
BTR-1003,2027-04,Retail,Home Depot,DC-West,0.17141882673942702,434.0,100.0,434.0,0.0,1.0,3499.6
BTR-1003,2027-04,Retail,Kroger,DC-Central,0.019167803547066847,48.0,11.0,48.0,0.0,1.0,387.05
BTR-1003,2027-04,Retail,Lowe's,DC-Central,0.13410641200545703,339.0,78.0,339.0,0.0,1.0,2733.56
BTR-1003,2027-04,Retail,Target,DC-Central,0.11432469304229195,289.0,67.0,289.0,0.0,1.0,2330.38
BTR-1003,2027-04,Retail,Walmart,DC-East,0.1266712141882674,320.0,74.0,320.0,0.0,1.0,2580.35
BTR-1003,2027-04,Retail,Whole Foods,DC-East,0.04160982264665757,105.0,24.0,105.0,0.0,1.0,846.68
BTR-1003,2027-05,Ecommerce,Amazon,DC-East,0.18185538881309687,435.0,0.0,435.0,0.0,1.0,3507.67
BTR-1003,2027-05,Retail,Costco,DC-West,0.10034106412005457,240.0,55.0,240.0,0.0,1.0,1935.26
BTR-1003,2027-05,Ecommerce,DTC Shopify,DC-West,0.11050477489768076,264.0,0.0,264.0,0.0,1.0,2128.79
BTR-1003,2027-05,Retail,Home Depot,DC-West,0.17141882673942702,410.0,95.0,410.0,0.0,1.0,3306.08
BTR-1003,2027-05,Retail,Kroger,DC-Central,0.019167803547066847,46.0,11.0,46.0,0.0,1.0,370.93
BTR-1003,2027-05,Retail,Lowe's,DC-Central,0.13410641200545703,321.0,74.0,321.0,0.0,1.0,2588.42
BTR-1003,2027-05,Retail,Target,DC-Central,0.11432469304229195,273.0,63.0,273.0,0.0,1.0,2201.36
BTR-1003,2027-05,Retail,Walmart,DC-East,0.1266712141882674,303.0,70.0,303.0,0.0,1.0,2443.27
BTR-1003,2027-05,Retail,Whole Foods,DC-East,0.04160982264665757,99.0,23.0,99.0,0.0,1.0,798.3
BTR-1003,2027-06,Ecommerce,Amazon,DC-East,0.18185538881309687,410.0,0.0,410.0,0.0,1.0,3306.08
BTR-1003,2027-06,Retail,Costco,DC-West,0.10034106412005457,226.0,52.0,226.0,0.0,1.0,1822.37
BTR-1003,2027-06,Ecommerce,DTC Shopify,DC-West,0.11050477489768076,249.0,0.0,249.0,0.0,1.0,2007.84
BTR-1003,2027-06,Retail,Home Depot,DC-West,0.17141882673942702,386.0,89.0,386.0,0.0,1.0,3112.55
BTR-1003,2027-06,Retail,Kroger,DC-Central,0.019167803547066847,43.0,10.0,43.0,0.0,1.0,346.73
BTR-1003,2027-06,Retail,Lowe's,DC-Central,0.13410641200545703,302.0,70.0,302.0,0.0,1.0,2435.21
BTR-1003,2027-06,Retail,Target,DC-Central,0.11432469304229195,257.0,59.0,257.0,0.0,1.0,2072.35
BTR-1003,2027-06,Retail,Walmart,DC-East,0.1266712141882674,285.0,66.0,285.0,0.0,1.0,2298.13
BTR-1003,2027-06,Retail,Whole Foods,DC-East,0.04160982264665757,94.0,22.0,94.0,0.0,1.0,757.98
BTR-1003,2027-07,Ecommerce,Amazon,DC-East,0.18185538881309687,409.0,0.0,409.0,0.0,1.0,3298.01
BTR-1003,2027-07,Retail,Costco,DC-West,0.10034106412005457,226.0,52.0,226.0,0.0,1.0,1822.37
BTR-1003,2027-07,Ecommerce,DTC Shopify,DC-West,0.11050477489768076,249.0,0.0,249.0,0.0,1.0,2007.84
BTR-1003,2027-07,Retail,Home Depot,DC-West,0.17141882673942702,386.0,89.0,386.0,0.0,1.0,3112.55
BTR-1003,2027-07,Retail,Kroger,DC-Central,0.019167803547066847,43.0,10.0,43.0,0.0,1.0,346.73
BTR-1003,2027-07,Retail,Lowe's,DC-Central,0.13410641200545703,302.0,70.0,302.0,0.0,1.0,2435.21
BTR-1003,2027-07,Retail,Target,DC-Central,0.11432469304229195,257.0,59.0,257.0,0.0,1.0,2072.35
BTR-1003,2027-07,Retail,Walmart,DC-East,0.1266712141882674,285.0,66.0,285.0,0.0,1.0,2298.13
BTR-1003,2027-07,Retail,Whole Foods,DC-East,0.04160982264665757,94.0,22.0,94.0,0.0,1.0,757.98
BTR-1003,2027-08,Ecommerce,Amazon,DC-East,0.18185538881309687,434.0,0.0,434.0,0.0,1.0,3499.6
BTR-1003,2027-08,Retail,Costco,DC-West,0.10034106412005457,240.0,55.0,240.0,0.0,1.0,1935.26
BTR-1003,2027-08,Ecommerce,DTC Shopify,DC-West,0.11050477489768076,264.0,0.0,264.0,0.0,1.0,2128.79
BTR-1003,2027-08,Retail,Home Depot,DC-West,0.17141882673942702,409.0,94.0,409.0,0.0,1.0,3298.01
BTR-1003,2027-08,Retail,Kroger,DC-Central,0.019167803547066847,46.0,11.0,46.0,0.0,1.0,370.93
BTR-1003,2027-08,Retail,Lowe's,DC-Central,0.13410641200545703,320.0,74.0,320.0,0.0,1.0,2580.35
BTR-1003,2027-08,Retail,Target,DC-Central,0.11432469304229195,273.0,63.0,273.0,0.0,1.0,2201.36
BTR-1003,2027-08,Retail,Walmart,DC-East,0.1266712141882674,302.0,70.0,302.0,0.0,1.0,2435.21
BTR-1003,2027-08,Retail,Whole Foods,DC-East,0.04160982264665757,99.0,23.0,99.0,0.0,1.0,798.3
BTR-1004,2026-09,Ecommerce,Amazon,DC-East,0.17995090016366613,390.0,0.0,390.0,0.0,1.0,4992.7
BTR-1004,2026-09,Retail,Costco,DC-West,0.1127659574468085,244.0,56.0,244.0,0.0,1.0,3123.64
BTR-1004,2026-09,Ecommerce,DTC Shopify,DC-West,0.11243862520458266,244.0,0.0,244.0,0.0,1.0,3123.64
BTR-1004,2026-09,Retail,Home Depot,DC-West,0.17111292962356792,371.0,86.0,371.0,0.0,1.0,4749.47
BTR-1004,2026-09,Retail,Kroger,DC-Central,0.018985270049099837,41.0,9.0,41.0,0.0,1.0,524.87
BTR-1004,2026-09,Retail,Lowe's,DC-Central,0.12127659574468085,263.0,61.0,263.0,0.0,1.0,3366.87
BTR-1004,2026-09,Retail,Target,DC-Central,0.11072013093289688,240.0,55.0,240.0,0.0,1.0,3072.43
BTR-1004,2026-09,Retail,Walmart,DC-East,0.13576104746317513,294.0,68.0,294.0,0.0,1.0,3763.73
BTR-1004,2026-09,Retail,Whole Foods,DC-East,0.0369885433715221,80.0,18.0,80.0,0.0,1.0,1024.14
BTR-1004,2026-10,Ecommerce,Amazon,DC-East,0.17995090016366613,536.0,0.0,536.0,0.0,1.0,6861.76
BTR-1004,2026-10,Retail,Costco,DC-West,0.1127659574468085,336.0,78.0,336.0,0.0,1.0,4301.4
BTR-1004,2026-10,Ecommerce,DTC Shopify,DC-West,0.11243862520458266,335.0,0.0,335.0,0.0,1.0,4288.6
BTR-1004,2026-10,Retail,Home Depot,DC-West,0.17111292962356792,509.0,118.0,509.0,0.0,1.0,6516.12
BTR-1004,2026-10,Retail,Kroger,DC-Central,0.018985270049099837,57.0,13.0,57.0,0.0,1.0,729.7
BTR-1004,2026-10,Retail,Lowe's,DC-Central,0.12127659574468085,361.0,83.0,361.0,0.0,1.0,4621.45
BTR-1004,2026-10,Retail,Target,DC-Central,0.11072013093289688,330.0,76.0,330.0,0.0,1.0,4224.59
BTR-1004,2026-10,Retail,Walmart,DC-East,0.13576104746317513,404.0,93.0,404.0,0.0,1.0,5171.93
BTR-1004,2026-10,Retail,Whole Foods,DC-East,0.0369885433715221,110.0,25.0,110.0,0.0,1.0,1408.2
BTR-1004,2026-11,Ecommerce,Amazon,DC-East,0.17995090016366613,689.0,0.0,689.0,0.0,1.0,8820.44
BTR-1004,2026-11,Retail,Costco,DC-West,0.1127659574468085,432.0,100.0,432.0,0.0,1.0,5530.38
BTR-1004,2026-11,Ecommerce,DTC Shopify,DC-West,0.11243862520458266,431.0,0.0,431.0,0.0,1.0,5517.58
BTR-1004,2026-11,Retail,Home Depot,DC-West,0.17111292962356792,655.0,151.0,655.0,0.0,1.0,8385.18
BTR-1004,2026-11,Retail,Kroger,DC-Central,0.018985270049099837,73.0,17.0,73.0,0.0,1.0,934.53
BTR-1004,2026-11,Retail,Lowe's,DC-Central,0.12127659574468085,464.0,107.0,464.0,0.0,1.0,5940.04
BTR-1004,2026-11,Retail,Target,DC-Central,0.11072013093289688,424.0,98.0,424.0,0.0,1.0,5427.96
BTR-1004,2026-11,Retail,Walmart,DC-East,0.13576104746317513,520.0,120.0,520.0,0.0,1.0,6656.94
BTR-1004,2026-11,Retail,Whole Foods,DC-East,0.0369885433715221,142.0,33.0,142.0,0.0,1.0,1817.86
BTR-1004,2026-12,Ecommerce,Amazon,DC-East,0.17995090016366613,769.0,0.0,769.0,0.0,1.0,9844.58
BTR-1004,2026-12,Retail,Costco,DC-West,0.1127659574468085,482.0,111.0,482.0,0.0,1.0,6170.47
BTR-1004,2026-12,Ecommerce,DTC Shopify,DC-West,0.11243862520458266,480.0,0.0,480.0,0.0,1.0,6144.86
BTR-1004,2026-12,Retail,Home Depot,DC-West,0.17111292962356792,731.0,169.0,731.0,0.0,1.0,9358.12
BTR-1004,2026-12,Retail,Kroger,DC-Central,0.018985270049099837,81.0,19.0,81.0,0.0,1.0,1036.95
BTR-1004,2026-12,Retail,Lowe's,DC-Central,0.12127659574468085,518.0,120.0,518.0,0.0,1.0,6631.33
BTR-1004,2026-12,Retail,Target,DC-Central,0.11072013093289688,473.0,109.0,473.0,0.0,1.0,6055.25
BTR-1004,2026-12,Retail,Walmart,DC-East,0.13576104746317513,580.0,134.0,580.0,0.0,1.0,7425.04
BTR-1004,2026-12,Retail,Whole Foods,DC-East,0.0369885433715221,158.0,36.0,158.0,0.0,1.0,2022.68
BTR-1004,2027-01,Ecommerce,Amazon,DC-East,0.17995090016366613,348.0,0.0,348.0,0.0,1.0,4455.03
BTR-1004,2027-01,Retail,Costco,DC-West,0.1127659574468085,218.0,50.0,218.0,0.0,1.0,2790.79
BTR-1004,2027-01,Ecommerce,DTC Shopify,DC-West,0.11243862520458266,218.0,0.0,218.0,0.0,1.0,2790.79
BTR-1004,2027-01,Retail,Home Depot,DC-West,0.17111292962356792,331.0,76.0,331.0,0.0,1.0,4237.4
BTR-1004,2027-01,Retail,Kroger,DC-Central,0.018985270049099837,37.0,9.0,37.0,0.0,1.0,473.67
BTR-1004,2027-01,Retail,Lowe's,DC-Central,0.12127659574468085,235.0,54.0,235.0,0.0,1.0,3008.42
BTR-1004,2027-01,Retail,Target,DC-Central,0.11072013093289688,214.0,49.0,214.0,0.0,1.0,2739.59
BTR-1004,2027-01,Retail,Walmart,DC-East,0.13576104746317513,263.0,61.0,263.0,0.0,1.0,3366.87
BTR-1004,2027-01,Retail,Whole Foods,DC-East,0.0369885433715221,72.0,17.0,72.0,0.0,1.0,921.73
BTR-1004,2027-02,Ecommerce,Amazon,DC-East,0.17995090016366613,335.0,0.0,335.0,0.0,1.0,4288.6
BTR-1004,2027-02,Retail,Costco,DC-West,0.1127659574468085,210.0,48.0,210.0,0.0,1.0,2688.38
BTR-1004,2027-02,Ecommerce,DTC Shopify,DC-West,0.11243862520458266,209.0,0.0,209.0,0.0,1.0,2675.58
BTR-1004,2027-02,Retail,Home Depot,DC-West,0.17111292962356792,319.0,74.0,319.0,0.0,1.0,4083.77
BTR-1004,2027-02,Retail,Kroger,DC-Central,0.018985270049099837,35.0,8.0,35.0,0.0,1.0,448.06
BTR-1004,2027-02,Retail,Lowe's,DC-Central,0.12127659574468085,226.0,52.0,226.0,0.0,1.0,2893.21
BTR-1004,2027-02,Retail,Target,DC-Central,0.11072013093289688,206.0,48.0,206.0,0.0,1.0,2637.17
BTR-1004,2027-02,Retail,Walmart,DC-East,0.13576104746317513,253.0,58.0,253.0,0.0,1.0,3238.86
BTR-1004,2027-02,Retail,Whole Foods,DC-East,0.0369885433715221,69.0,16.0,69.0,0.0,1.0,883.32
BTR-1004,2027-03,Ecommerce,Amazon,DC-East,0.17995090016366613,358.0,0.0,358.0,0.0,1.0,4583.04
BTR-1004,2027-03,Retail,Costco,DC-West,0.1127659574468085,224.0,52.0,224.0,0.0,1.0,2867.6
BTR-1004,2027-03,Ecommerce,DTC Shopify,DC-West,0.11243862520458266,224.0,0.0,224.0,0.0,1.0,2867.6
BTR-1004,2027-03,Retail,Home Depot,DC-West,0.17111292962356792,340.0,79.0,340.0,0.0,1.0,4352.61
BTR-1004,2027-03,Retail,Kroger,DC-Central,0.018985270049099837,38.0,9.0,38.0,0.0,1.0,486.47
BTR-1004,2027-03,Retail,Lowe's,DC-Central,0.12127659574468085,241.0,56.0,241.0,0.0,1.0,3085.23
BTR-1004,2027-03,Retail,Target,DC-Central,0.11072013093289688,220.0,51.0,220.0,0.0,1.0,2816.4
BTR-1004,2027-03,Retail,Walmart,DC-East,0.13576104746317513,270.0,62.0,270.0,0.0,1.0,3456.49
BTR-1004,2027-03,Retail,Whole Foods,DC-East,0.0369885433715221,74.0,17.0,74.0,0.0,1.0,947.33
BTR-1004,2027-04,Ecommerce,Amazon,DC-East,0.17995090016366613,358.0,0.0,358.0,0.0,1.0,4583.04
BTR-1004,2027-04,Retail,Costco,DC-West,0.1127659574468085,225.0,52.0,225.0,0.0,1.0,2880.4
BTR-1004,2027-04,Ecommerce,DTC Shopify,DC-West,0.11243862520458266,224.0,0.0,224.0,0.0,1.0,2867.6
BTR-1004,2027-04,Retail,Home Depot,DC-West,0.17111292962356792,341.0,79.0,341.0,0.0,1.0,4365.41
BTR-1004,2027-04,Retail,Kroger,DC-Central,0.018985270049099837,38.0,9.0,38.0,0.0,1.0,486.47
BTR-1004,2027-04,Retail,Lowe's,DC-Central,0.12127659574468085,241.0,56.0,241.0,0.0,1.0,3085.23
BTR-1004,2027-04,Retail,Target,DC-Central,0.11072013093289688,220.0,51.0,220.0,0.0,1.0,2816.4
BTR-1004,2027-04,Retail,Walmart,DC-East,0.13576104746317513,270.0,62.0,270.0,0.0,1.0,3456.49
BTR-1004,2027-04,Retail,Whole Foods,DC-East,0.0369885433715221,74.0,17.0,74.0,0.0,1.0,947.33
BTR-1004,2027-05,Ecommerce,Amazon,DC-East,0.17995090016366613,338.0,0.0,338.0,0.0,1.0,4327.01
BTR-1004,2027-05,Retail,Costco,DC-West,0.1127659574468085,212.0,49.0,212.0,0.0,1.0,2713.98
BTR-1004,2027-05,Ecommerce,DTC Shopify,DC-West,0.11243862520458266,211.0,0.0,211.0,0.0,1.0,2701.18
BTR-1004,2027-05,Retail,Home Depot,DC-West,0.17111292962356792,321.0,74.0,321.0,0.0,1.0,4109.38
BTR-1004,2027-05,Retail,Kroger,DC-Central,0.018985270049099837,36.0,8.0,36.0,0.0,1.0,460.86
BTR-1004,2027-05,Retail,Lowe's,DC-Central,0.12127659574468085,228.0,53.0,228.0,0.0,1.0,2918.81
BTR-1004,2027-05,Retail,Target,DC-Central,0.11072013093289688,208.0,48.0,208.0,0.0,1.0,2662.77
BTR-1004,2027-05,Retail,Walmart,DC-East,0.13576104746317513,255.0,59.0,255.0,0.0,1.0,3264.46
BTR-1004,2027-05,Retail,Whole Foods,DC-East,0.0369885433715221,69.0,16.0,69.0,0.0,1.0,883.32
BTR-1004,2027-06,Ecommerce,Amazon,DC-East,0.17995090016366613,317.0,0.0,317.0,0.0,1.0,4058.17
BTR-1004,2027-06,Retail,Costco,DC-West,0.1127659574468085,199.0,46.0,199.0,0.0,1.0,2547.56
BTR-1004,2027-06,Ecommerce,DTC Shopify,DC-West,0.11243862520458266,198.0,0.0,198.0,0.0,1.0,2534.76
BTR-1004,2027-06,Retail,Home Depot,DC-West,0.17111292962356792,302.0,70.0,302.0,0.0,1.0,3866.14
BTR-1004,2027-06,Retail,Kroger,DC-Central,0.018985270049099837,33.0,8.0,33.0,0.0,1.0,422.46
BTR-1004,2027-06,Retail,Lowe's,DC-Central,0.12127659574468085,214.0,49.0,214.0,0.0,1.0,2739.59
BTR-1004,2027-06,Retail,Target,DC-Central,0.11072013093289688,195.0,45.0,195.0,0.0,1.0,2496.35
BTR-1004,2027-06,Retail,Walmart,DC-East,0.13576104746317513,239.0,55.0,239.0,0.0,1.0,3059.63
BTR-1004,2027-06,Retail,Whole Foods,DC-East,0.0369885433715221,65.0,15.0,65.0,0.0,1.0,832.12
BTR-1004,2027-07,Ecommerce,Amazon,DC-East,0.17995090016366613,316.0,0.0,316.0,0.0,1.0,4045.37
BTR-1004,2027-07,Retail,Costco,DC-West,0.1127659574468085,198.0,46.0,198.0,0.0,1.0,2534.76
BTR-1004,2027-07,Ecommerce,DTC Shopify,DC-West,0.11243862520458266,197.0,0.0,197.0,0.0,1.0,2521.95
BTR-1004,2027-07,Retail,Home Depot,DC-West,0.17111292962356792,300.0,69.0,300.0,0.0,1.0,3840.54
BTR-1004,2027-07,Retail,Kroger,DC-Central,0.018985270049099837,33.0,8.0,33.0,0.0,1.0,422.46
BTR-1004,2027-07,Retail,Lowe's,DC-Central,0.12127659574468085,213.0,49.0,213.0,0.0,1.0,2726.78
BTR-1004,2027-07,Retail,Target,DC-Central,0.11072013093289688,194.0,45.0,194.0,0.0,1.0,2483.55
BTR-1004,2027-07,Retail,Walmart,DC-East,0.13576104746317513,238.0,55.0,238.0,0.0,1.0,3046.83
BTR-1004,2027-07,Retail,Whole Foods,DC-East,0.0369885433715221,65.0,15.0,65.0,0.0,1.0,832.12
BTR-1004,2027-08,Ecommerce,Amazon,DC-East,0.17995090016366613,335.0,0.0,335.0,0.0,1.0,4288.6
BTR-1004,2027-08,Retail,Costco,DC-West,0.1127659574468085,210.0,48.0,210.0,0.0,1.0,2688.38
BTR-1004,2027-08,Ecommerce,DTC Shopify,DC-West,0.11243862520458266,209.0,0.0,209.0,0.0,1.0,2675.58
BTR-1004,2027-08,Retail,Home Depot,DC-West,0.17111292962356792,318.0,73.0,318.0,0.0,1.0,4070.97
BTR-1004,2027-08,Retail,Kroger,DC-Central,0.018985270049099837,35.0,8.0,35.0,0.0,1.0,448.06
BTR-1004,2027-08,Retail,Lowe's,DC-Central,0.12127659574468085,225.0,52.0,225.0,0.0,1.0,2880.4
BTR-1004,2027-08,Retail,Target,DC-Central,0.11072013093289688,206.0,48.0,206.0,0.0,1.0,2637.17
BTR-1004,2027-08,Retail,Walmart,DC-East,0.13576104746317513,252.0,58.0,252.0,0.0,1.0,3226.05
BTR-1004,2027-08,Retail,Whole Foods,DC-East,0.0369885433715221,69.0,16.0,69.0,0.0,1.0,883.32
BTR-1005,2026-09,Ecommerce,Amazon,DC-East,0.1966866083755177,463.0,0.0,463.0,0.0,1.0,6754.61
BTR-1005,2026-09,Retail,Costco,DC-West,0.10418775885872067,245.0,57.0,245.0,0.0,1.0,3574.26
BTR-1005,2026-09,Ecommerce,DTC Shopify,DC-West,0.11385181776346065,268.0,0.0,268.0,0.0,1.0,3909.8
BTR-1005,2026-09,Retail,Home Depot,DC-West,0.16419696272434423,387.0,89.0,387.0,0.0,1.0,5645.87
BTR-1005,2026-09,Retail,Kroger,DC-Central,0.01840773124712379,43.0,10.0,43.0,0.0,1.0,627.32
BTR-1005,2026-09,Retail,Lowe's,DC-Central,0.12820984813621722,302.0,70.0,302.0,0.0,1.0,4405.82
BTR-1005,2026-09,Retail,Target,DC-Central,0.10915784629544409,257.0,59.0,257.0,0.0,1.0,3749.32
BTR-1005,2026-09,Retail,Walmart,DC-East,0.12959042797975148,305.0,70.0,305.0,0.0,1.0,4449.58
BTR-1005,2026-09,Retail,Whole Foods,DC-East,0.035710998619420155,84.0,19.0,84.0,0.0,1.0,1225.46
BTR-1005,2026-10,Ecommerce,Amazon,DC-East,0.1966866083755177,657.0,0.0,657.0,0.0,1.0,9584.84
BTR-1005,2026-10,Retail,Costco,DC-West,0.10418775885872067,348.0,80.0,348.0,0.0,1.0,5076.9
BTR-1005,2026-10,Ecommerce,DTC Shopify,DC-West,0.11385181776346065,380.0,0.0,380.0,0.0,1.0,5543.74
BTR-1005,2026-10,Retail,Home Depot,DC-West,0.16419696272434423,548.0,127.0,548.0,0.0,1.0,7994.66
BTR-1005,2026-10,Retail,Kroger,DC-Central,0.01840773124712379,61.0,14.0,61.0,0.0,1.0,889.92
BTR-1005,2026-10,Retail,Lowe's,DC-Central,0.12820984813621722,428.0,99.0,428.0,0.0,1.0,6244.01
BTR-1005,2026-10,Retail,Target,DC-Central,0.10915784629544409,364.0,84.0,364.0,0.0,1.0,5310.32
BTR-1005,2026-10,Retail,Walmart,DC-East,0.12959042797975148,433.0,100.0,433.0,0.0,1.0,6316.95
BTR-1005,2026-10,Retail,Whole Foods,DC-East,0.035710998619420155,119.0,27.0,119.0,0.0,1.0,1736.07
BTR-1005,2026-11,Ecommerce,Amazon,DC-East,0.1966866083755177,872.0,0.0,872.0,0.0,1.0,12721.43
BTR-1005,2026-11,Retail,Costco,DC-West,0.10418775885872067,462.0,107.0,462.0,0.0,1.0,6740.03
BTR-1005,2026-11,Ecommerce,DTC Shopify,DC-West,0.11385181776346065,505.0,0.0,505.0,0.0,1.0,7367.34
BTR-1005,2026-11,Retail,Home Depot,DC-West,0.16419696272434423,728.0,168.0,728.0,0.0,1.0,10620.65
BTR-1005,2026-11,Retail,Kroger,DC-Central,0.01840773124712379,82.0,19.0,82.0,0.0,1.0,1196.28
BTR-1005,2026-11,Retail,Lowe's,DC-Central,0.12820984813621722,568.0,131.0,568.0,0.0,1.0,8286.44
BTR-1005,2026-11,Retail,Target,DC-Central,0.10915784629544409,484.0,112.0,484.0,0.0,1.0,7060.98
BTR-1005,2026-11,Retail,Walmart,DC-East,0.12959042797975148,575.0,133.0,575.0,0.0,1.0,8388.56
BTR-1005,2026-11,Retail,Whole Foods,DC-East,0.035710998619420155,158.0,36.0,158.0,0.0,1.0,2305.03
BTR-1005,2026-12,Ecommerce,Amazon,DC-East,0.1966866083755177,1004.0,0.0,927.0,77.0,0.9233067729083665,13523.82
BTR-1005,2026-12,Retail,Costco,DC-West,0.10418775885872067,532.0,123.0,500.0,32.0,0.9398496240601504,7294.4
BTR-1005,2026-12,Ecommerce,DTC Shopify,DC-West,0.11385181776346065,581.0,0.0,536.0,45.0,0.9225473321858864,7819.6
BTR-1005,2026-12,Retail,Home Depot,DC-West,0.16419696272434423,838.0,194.0,788.0,50.0,0.9403341288782816,11495.97
BTR-1005,2026-12,Retail,Kroger,DC-Central,0.01840773124712379,94.0,22.0,88.0,6.0,0.9361702127659575,1283.81
BTR-1005,2026-12,Retail,Lowe's,DC-Central,0.12820984813621722,655.0,151.0,616.0,39.0,0.9404580152671755,8986.7
BTR-1005,2026-12,Retail,Target,DC-Central,0.10915784629544409,557.0,129.0,524.0,33.0,0.940754039497307,7644.53
BTR-1005,2026-12,Retail,Walmart,DC-East,0.12959042797975148,662.0,153.0,623.0,39.0,0.9410876132930514,9088.82
BTR-1005,2026-12,Retail,Whole Foods,DC-East,0.035710998619420155,182.0,42.0,171.0,11.0,0.9395604395604396,2494.68
BTR-1005,2027-01,Ecommerce,Amazon,DC-East,0.1966866083755177,469.0,0.0,469.0,0.0,1.0,6842.15
BTR-1005,2027-01,Retail,Costco,DC-West,0.10418775885872067,249.0,58.0,249.0,0.0,1.0,3632.61
BTR-1005,2027-01,Ecommerce,DTC Shopify,DC-West,0.11385181776346065,272.0,0.0,272.0,0.0,1.0,3968.15
BTR-1005,2027-01,Retail,Home Depot,DC-West,0.16419696272434423,392.0,91.0,392.0,0.0,1.0,5718.81
BTR-1005,2027-01,Retail,Kroger,DC-Central,0.01840773124712379,44.0,10.0,44.0,0.0,1.0,641.91
BTR-1005,2027-01,Retail,Lowe's,DC-Central,0.12820984813621722,306.0,71.0,306.0,0.0,1.0,4464.17
BTR-1005,2027-01,Retail,Target,DC-Central,0.10915784629544409,261.0,60.0,261.0,0.0,1.0,3807.68
BTR-1005,2027-01,Retail,Walmart,DC-East,0.12959042797975148,309.0,71.0,309.0,0.0,1.0,4507.94
BTR-1005,2027-01,Retail,Whole Foods,DC-East,0.035710998619420155,85.0,20.0,85.0,0.0,1.0,1240.05
BTR-1005,2027-02,Ecommerce,Amazon,DC-East,0.1966866083755177,466.0,0.0,466.0,0.0,1.0,6798.38
BTR-1005,2027-02,Retail,Costco,DC-West,0.10418775885872067,247.0,57.0,247.0,0.0,1.0,3603.43
BTR-1005,2027-02,Ecommerce,DTC Shopify,DC-West,0.11385181776346065,270.0,0.0,270.0,0.0,1.0,3938.98
BTR-1005,2027-02,Retail,Home Depot,DC-West,0.16419696272434423,389.0,90.0,389.0,0.0,1.0,5675.04
BTR-1005,2027-02,Retail,Kroger,DC-Central,0.01840773124712379,44.0,10.0,44.0,0.0,1.0,641.91
BTR-1005,2027-02,Retail,Lowe's,DC-Central,0.12820984813621722,304.0,70.0,304.0,0.0,1.0,4435.0
BTR-1005,2027-02,Retail,Target,DC-Central,0.10915784629544409,259.0,60.0,259.0,0.0,1.0,3778.5
BTR-1005,2027-02,Retail,Walmart,DC-East,0.12959042797975148,307.0,71.0,307.0,0.0,1.0,4478.76
BTR-1005,2027-02,Retail,Whole Foods,DC-East,0.035710998619420155,85.0,20.0,85.0,0.0,1.0,1240.05
BTR-1005,2027-03,Ecommerce,Amazon,DC-East,0.1966866083755177,514.0,0.0,514.0,0.0,1.0,7498.64
BTR-1005,2027-03,Retail,Costco,DC-West,0.10418775885872067,272.0,63.0,272.0,0.0,1.0,3968.15
BTR-1005,2027-03,Ecommerce,DTC Shopify,DC-West,0.11385181776346065,297.0,0.0,297.0,0.0,1.0,4332.87
BTR-1005,2027-03,Retail,Home Depot,DC-West,0.16419696272434423,429.0,99.0,429.0,0.0,1.0,6258.6
BTR-1005,2027-03,Retail,Kroger,DC-Central,0.01840773124712379,48.0,11.0,48.0,0.0,1.0,700.26
BTR-1005,2027-03,Retail,Lowe's,DC-Central,0.12820984813621722,335.0,77.0,335.0,0.0,1.0,4887.25
BTR-1005,2027-03,Retail,Target,DC-Central,0.10915784629544409,285.0,66.0,285.0,0.0,1.0,4157.81
BTR-1005,2027-03,Retail,Walmart,DC-East,0.12959042797975148,338.0,78.0,338.0,0.0,1.0,4931.01
BTR-1005,2027-03,Retail,Whole Foods,DC-East,0.035710998619420155,93.0,21.0,93.0,0.0,1.0,1356.76
BTR-1005,2027-04,Ecommerce,Amazon,DC-East,0.1966866083755177,531.0,0.0,531.0,0.0,1.0,7746.65
BTR-1005,2027-04,Retail,Costco,DC-West,0.10418775885872067,281.0,65.0,281.0,0.0,1.0,4099.45
BTR-1005,2027-04,Ecommerce,DTC Shopify,DC-West,0.11385181776346065,307.0,0.0,307.0,0.0,1.0,4478.76
BTR-1005,2027-04,Retail,Home Depot,DC-West,0.16419696272434423,443.0,102.0,443.0,0.0,1.0,6462.84
BTR-1005,2027-04,Retail,Kroger,DC-Central,0.01840773124712379,50.0,12.0,50.0,0.0,1.0,729.44
BTR-1005,2027-04,Retail,Lowe's,DC-Central,0.12820984813621722,346.0,80.0,346.0,0.0,1.0,5047.72
BTR-1005,2027-04,Retail,Target,DC-Central,0.10915784629544409,295.0,68.0,295.0,0.0,1.0,4303.7
BTR-1005,2027-04,Retail,Walmart,DC-East,0.12959042797975148,350.0,81.0,350.0,0.0,1.0,5106.08
BTR-1005,2027-04,Retail,Whole Foods,DC-East,0.035710998619420155,96.0,22.0,96.0,0.0,1.0,1400.52
BTR-1005,2027-05,Ecommerce,Amazon,DC-East,0.1966866083755177,516.0,0.0,516.0,0.0,1.0,7527.82
BTR-1005,2027-05,Retail,Costco,DC-West,0.10418775885872067,273.0,63.0,273.0,0.0,1.0,3982.74
BTR-1005,2027-05,Ecommerce,DTC Shopify,DC-West,0.11385181776346065,299.0,0.0,299.0,0.0,1.0,4362.05
BTR-1005,2027-05,Retail,Home Depot,DC-West,0.16419696272434423,431.0,100.0,431.0,0.0,1.0,6287.77
BTR-1005,2027-05,Retail,Kroger,DC-Central,0.01840773124712379,48.0,11.0,48.0,0.0,1.0,700.26
BTR-1005,2027-05,Retail,Lowe's,DC-Central,0.12820984813621722,337.0,78.0,337.0,0.0,1.0,4916.43
BTR-1005,2027-05,Retail,Target,DC-Central,0.10915784629544409,287.0,66.0,287.0,0.0,1.0,4186.99
BTR-1005,2027-05,Retail,Walmart,DC-East,0.12959042797975148,340.0,79.0,340.0,0.0,1.0,4960.19
BTR-1005,2027-05,Retail,Whole Foods,DC-East,0.035710998619420155,94.0,22.0,94.0,0.0,1.0,1371.35
BTR-1005,2027-06,Ecommerce,Amazon,DC-East,0.1966866083755177,501.0,0.0,501.0,0.0,1.0,7308.99
BTR-1005,2027-06,Retail,Costco,DC-West,0.10418775885872067,265.0,61.0,265.0,0.0,1.0,3866.03
BTR-1005,2027-06,Ecommerce,DTC Shopify,DC-West,0.11385181776346065,290.0,0.0,290.0,0.0,1.0,4230.75
BTR-1005,2027-06,Retail,Home Depot,DC-West,0.16419696272434423,418.0,97.0,418.0,0.0,1.0,6098.12
BTR-1005,2027-06,Retail,Kroger,DC-Central,0.01840773124712379,47.0,11.0,47.0,0.0,1.0,685.67
BTR-1005,2027-06,Retail,Lowe's,DC-Central,0.12820984813621722,326.0,75.0,326.0,0.0,1.0,4755.95
BTR-1005,2027-06,Retail,Target,DC-Central,0.10915784629544409,278.0,64.0,278.0,0.0,1.0,4055.69
BTR-1005,2027-06,Retail,Walmart,DC-East,0.12959042797975148,330.0,76.0,330.0,0.0,1.0,4814.3
BTR-1005,2027-06,Retail,Whole Foods,DC-East,0.035710998619420155,91.0,21.0,91.0,0.0,1.0,1327.58
BTR-1005,2027-07,Ecommerce,Amazon,DC-East,0.1966866083755177,515.0,0.0,515.0,0.0,1.0,7513.23
BTR-1005,2027-07,Retail,Costco,DC-West,0.10418775885872067,273.0,63.0,273.0,0.0,1.0,3982.74
BTR-1005,2027-07,Ecommerce,DTC Shopify,DC-West,0.11385181776346065,298.0,0.0,298.0,0.0,1.0,4347.46
BTR-1005,2027-07,Retail,Home Depot,DC-West,0.16419696272434423,430.0,99.0,430.0,0.0,1.0,6273.18
BTR-1005,2027-07,Retail,Kroger,DC-Central,0.01840773124712379,48.0,11.0,48.0,0.0,1.0,700.26
BTR-1005,2027-07,Retail,Lowe's,DC-Central,0.12820984813621722,336.0,78.0,336.0,0.0,1.0,4901.84
BTR-1005,2027-07,Retail,Target,DC-Central,0.10915784629544409,286.0,66.0,286.0,0.0,1.0,4172.4
BTR-1005,2027-07,Retail,Walmart,DC-East,0.12959042797975148,339.0,78.0,339.0,0.0,1.0,4945.6
BTR-1005,2027-07,Retail,Whole Foods,DC-East,0.035710998619420155,93.0,21.0,93.0,0.0,1.0,1356.76
BTR-1005,2027-08,Ecommerce,Amazon,DC-East,0.1966866083755177,562.0,0.0,562.0,0.0,1.0,8198.91
BTR-1005,2027-08,Retail,Costco,DC-West,0.10418775885872067,298.0,69.0,298.0,0.0,1.0,4347.46
BTR-1005,2027-08,Ecommerce,DTC Shopify,DC-West,0.11385181776346065,326.0,0.0,326.0,0.0,1.0,4755.95
BTR-1005,2027-08,Retail,Home Depot,DC-West,0.16419696272434423,469.0,108.0,469.0,0.0,1.0,6842.15
BTR-1005,2027-08,Retail,Kroger,DC-Central,0.01840773124712379,53.0,12.0,53.0,0.0,1.0,773.21
BTR-1005,2027-08,Retail,Lowe's,DC-Central,0.12820984813621722,367.0,85.0,367.0,0.0,1.0,5354.09
BTR-1005,2027-08,Retail,Target,DC-Central,0.10915784629544409,312.0,72.0,312.0,0.0,1.0,4551.71
BTR-1005,2027-08,Retail,Walmart,DC-East,0.12959042797975148,370.0,85.0,370.0,0.0,1.0,5397.86
BTR-1005,2027-08,Retail,Whole Foods,DC-East,0.035710998619420155,102.0,24.0,102.0,0.0,1.0,1488.06
BTR-1101,2026-09,Ecommerce,Amazon,DC-East,0.21426892336624354,483.0,0.0,483.0,0.0,1.0,14389.34
BTR-1101,2026-09,Retail,Costco,DC-West,0.07874941231781853,178.0,41.0,178.0,0.0,1.0,5302.9
BTR-1101,2026-09,Ecommerce,DTC Shopify,DC-West,0.12993653032440056,293.0,0.0,293.0,0.0,1.0,8728.94
BTR-1101,2026-09,Retail,Home Depot,DC-West,0.13269863657733896,299.0,69.0,299.0,0.0,1.0,8907.69
BTR-1101,2026-09,Retail,Kroger,DC-Central,0.01069581570286789,24.0,6.0,24.0,0.0,1.0,715.0
BTR-1101,2026-09,Retail,Lowe's,DC-Central,0.134579219558063,304.0,70.0,304.0,0.0,1.0,9056.65
BTR-1101,2026-09,Retail,Target,DC-Central,0.12082745651151858,273.0,63.0,273.0,0.0,1.0,8133.11
BTR-1101,2026-09,Retail,Walmart,DC-East,0.1386929948283968,313.0,72.0,313.0,0.0,1.0,9324.77
BTR-1101,2026-09,Retail,Whole Foods,DC-East,0.03955101081335214,89.0,21.0,89.0,0.0,1.0,2651.45
BTR-1101,2026-10,Ecommerce,Amazon,DC-East,0.21426892336624354,617.0,0.0,617.0,0.0,1.0,18381.42
BTR-1101,2026-10,Retail,Costco,DC-West,0.07874941231781853,227.0,52.0,227.0,0.0,1.0,6762.69
BTR-1101,2026-10,Ecommerce,DTC Shopify,DC-West,0.12993653032440056,374.0,0.0,374.0,0.0,1.0,11142.06
BTR-1101,2026-10,Retail,Home Depot,DC-West,0.13269863657733896,382.0,88.0,382.0,0.0,1.0,11380.39
BTR-1101,2026-10,Retail,Kroger,DC-Central,0.01069581570286789,31.0,7.0,31.0,0.0,1.0,923.54
BTR-1101,2026-10,Retail,Lowe's,DC-Central,0.134579219558063,388.0,90.0,388.0,0.0,1.0,11559.14
BTR-1101,2026-10,Retail,Target,DC-Central,0.12082745651151858,348.0,80.0,348.0,0.0,1.0,10367.48
BTR-1101,2026-10,Retail,Walmart,DC-East,0.1386929948283968,399.0,92.0,399.0,0.0,1.0,11886.85
BTR-1101,2026-10,Retail,Whole Foods,DC-East,0.03955101081335214,114.0,26.0,114.0,0.0,1.0,3396.24
BTR-1101,2026-11,Ecommerce,Amazon,DC-East,0.21426892336624354,670.0,0.0,670.0,0.0,1.0,19960.37
BTR-1101,2026-11,Retail,Costco,DC-West,0.07874941231781853,246.0,57.0,246.0,0.0,1.0,7328.73
BTR-1101,2026-11,Ecommerce,DTC Shopify,DC-West,0.12993653032440056,407.0,0.0,407.0,0.0,1.0,12125.18
BTR-1101,2026-11,Retail,Home Depot,DC-West,0.13269863657733896,415.0,96.0,415.0,0.0,1.0,12363.51
BTR-1101,2026-11,Retail,Kroger,DC-Central,0.01069581570286789,33.0,8.0,33.0,0.0,1.0,983.12
BTR-1101,2026-11,Retail,Lowe's,DC-Central,0.134579219558063,421.0,97.0,421.0,0.0,1.0,12542.26
BTR-1101,2026-11,Retail,Target,DC-Central,0.12082745651151858,378.0,87.0,378.0,0.0,1.0,11261.22
BTR-1101,2026-11,Retail,Walmart,DC-East,0.1386929948283968,434.0,100.0,434.0,0.0,1.0,12929.55
BTR-1101,2026-11,Retail,Whole Foods,DC-East,0.03955101081335214,124.0,29.0,124.0,0.0,1.0,3694.16
BTR-1101,2026-12,Ecommerce,Amazon,DC-East,0.21426892336624354,659.0,0.0,659.0,0.0,1.0,19632.66
BTR-1101,2026-12,Retail,Costco,DC-West,0.07874941231781853,242.0,56.0,242.0,0.0,1.0,7209.57
BTR-1101,2026-12,Ecommerce,DTC Shopify,DC-West,0.12993653032440056,400.0,0.0,400.0,0.0,1.0,11916.64
BTR-1101,2026-12,Retail,Home Depot,DC-West,0.13269863657733896,408.0,94.0,408.0,0.0,1.0,12154.97
BTR-1101,2026-12,Retail,Kroger,DC-Central,0.01069581570286789,33.0,8.0,33.0,0.0,1.0,983.12
BTR-1101,2026-12,Retail,Lowe's,DC-Central,0.134579219558063,414.0,96.0,414.0,0.0,1.0,12333.72
BTR-1101,2026-12,Retail,Target,DC-Central,0.12082745651151858,372.0,86.0,372.0,0.0,1.0,11082.48
BTR-1101,2026-12,Retail,Walmart,DC-East,0.1386929948283968,426.0,98.0,426.0,0.0,1.0,12691.22
BTR-1101,2026-12,Retail,Whole Foods,DC-East,0.03955101081335214,122.0,28.0,122.0,0.0,1.0,3634.58
BTR-1101,2027-01,Ecommerce,Amazon,DC-East,0.21426892336624354,431.0,0.0,431.0,0.0,1.0,12840.18
BTR-1101,2027-01,Retail,Costco,DC-West,0.07874941231781853,159.0,37.0,159.0,0.0,1.0,4736.86
BTR-1101,2027-01,Ecommerce,DTC Shopify,DC-West,0.12993653032440056,262.0,0.0,262.0,0.0,1.0,7805.4
BTR-1101,2027-01,Retail,Home Depot,DC-West,0.13269863657733896,267.0,62.0,267.0,0.0,1.0,7954.36
BTR-1101,2027-01,Retail,Kroger,DC-Central,0.01069581570286789,22.0,5.0,22.0,0.0,1.0,655.42
BTR-1101,2027-01,Retail,Lowe's,DC-Central,0.134579219558063,271.0,63.0,271.0,0.0,1.0,8073.52
BTR-1101,2027-01,Retail,Target,DC-Central,0.12082745651151858,243.0,56.0,243.0,0.0,1.0,7239.36
BTR-1101,2027-01,Retail,Walmart,DC-East,0.1386929948283968,279.0,64.0,279.0,0.0,1.0,8311.86
BTR-1101,2027-01,Retail,Whole Foods,DC-East,0.03955101081335214,80.0,18.0,80.0,0.0,1.0,2383.33
BTR-1101,2027-02,Ecommerce,Amazon,DC-East,0.21426892336624354,415.0,0.0,415.0,0.0,1.0,12363.51
BTR-1101,2027-02,Retail,Costco,DC-West,0.07874941231781853,152.0,35.0,152.0,0.0,1.0,4528.32
BTR-1101,2027-02,Ecommerce,DTC Shopify,DC-West,0.12993653032440056,251.0,0.0,251.0,0.0,1.0,7477.69
BTR-1101,2027-02,Retail,Home Depot,DC-West,0.13269863657733896,257.0,59.0,257.0,0.0,1.0,7656.44
BTR-1101,2027-02,Retail,Kroger,DC-Central,0.01069581570286789,21.0,5.0,21.0,0.0,1.0,625.62
BTR-1101,2027-02,Retail,Lowe's,DC-Central,0.134579219558063,260.0,60.0,260.0,0.0,1.0,7745.82
BTR-1101,2027-02,Retail,Target,DC-Central,0.12082745651151858,234.0,54.0,234.0,0.0,1.0,6971.23
BTR-1101,2027-02,Retail,Walmart,DC-East,0.1386929948283968,268.0,62.0,268.0,0.0,1.0,7984.15
BTR-1101,2027-02,Retail,Whole Foods,DC-East,0.03955101081335214,77.0,18.0,77.0,0.0,1.0,2293.95
BTR-1101,2027-03,Ecommerce,Amazon,DC-East,0.21426892336624354,552.0,0.0,552.0,0.0,1.0,16444.96
BTR-1101,2027-03,Retail,Costco,DC-West,0.07874941231781853,203.0,47.0,203.0,0.0,1.0,6047.69
BTR-1101,2027-03,Ecommerce,DTC Shopify,DC-West,0.12993653032440056,334.0,0.0,334.0,0.0,1.0,9950.39
BTR-1101,2027-03,Retail,Home Depot,DC-West,0.13269863657733896,342.0,79.0,342.0,0.0,1.0,10188.73
BTR-1101,2027-03,Retail,Kroger,DC-Central,0.01069581570286789,28.0,6.0,28.0,0.0,1.0,834.16
BTR-1101,2027-03,Retail,Lowe's,DC-Central,0.134579219558063,346.0,80.0,346.0,0.0,1.0,10307.89
BTR-1101,2027-03,Retail,Target,DC-Central,0.12082745651151858,311.0,72.0,311.0,0.0,1.0,9265.19
BTR-1101,2027-03,Retail,Walmart,DC-East,0.1386929948283968,357.0,82.0,357.0,0.0,1.0,10635.6
BTR-1101,2027-03,Retail,Whole Foods,DC-East,0.03955101081335214,102.0,24.0,102.0,0.0,1.0,3038.74
BTR-1101,2027-04,Ecommerce,Amazon,DC-East,0.21426892336624354,563.0,0.0,563.0,0.0,1.0,16772.67
BTR-1101,2027-04,Retail,Costco,DC-West,0.07874941231781853,207.0,48.0,207.0,0.0,1.0,6166.86
BTR-1101,2027-04,Ecommerce,DTC Shopify,DC-West,0.12993653032440056,341.0,0.0,341.0,0.0,1.0,10158.94
BTR-1101,2027-04,Retail,Home Depot,DC-West,0.13269863657733896,348.0,80.0,348.0,0.0,1.0,10367.48
BTR-1101,2027-04,Retail,Kroger,DC-Central,0.01069581570286789,28.0,6.0,28.0,0.0,1.0,834.16
BTR-1101,2027-04,Retail,Lowe's,DC-Central,0.134579219558063,353.0,82.0,353.0,0.0,1.0,10516.43
BTR-1101,2027-04,Retail,Target,DC-Central,0.12082745651151858,317.0,73.0,317.0,0.0,1.0,9443.94
BTR-1101,2027-04,Retail,Walmart,DC-East,0.1386929948283968,364.0,84.0,364.0,0.0,1.0,10844.14
BTR-1101,2027-04,Retail,Whole Foods,DC-East,0.03955101081335214,104.0,24.0,104.0,0.0,1.0,3098.33
BTR-1101,2027-05,Ecommerce,Amazon,DC-East,0.21426892336624354,650.0,0.0,650.0,0.0,1.0,19364.54
BTR-1101,2027-05,Retail,Costco,DC-West,0.07874941231781853,239.0,55.0,239.0,0.0,1.0,7120.19
BTR-1101,2027-05,Ecommerce,DTC Shopify,DC-West,0.12993653032440056,394.0,0.0,394.0,0.0,1.0,11737.89
BTR-1101,2027-05,Retail,Home Depot,DC-West,0.13269863657733896,403.0,93.0,403.0,0.0,1.0,12006.01
BTR-1101,2027-05,Retail,Kroger,DC-Central,0.01069581570286789,32.0,7.0,32.0,0.0,1.0,953.33
BTR-1101,2027-05,Retail,Lowe's,DC-Central,0.134579219558063,408.0,94.0,408.0,0.0,1.0,12154.97
BTR-1101,2027-05,Retail,Target,DC-Central,0.12082745651151858,367.0,85.0,367.0,0.0,1.0,10933.52
BTR-1101,2027-05,Retail,Walmart,DC-East,0.1386929948283968,421.0,97.0,421.0,0.0,1.0,12542.26
BTR-1101,2027-05,Retail,Whole Foods,DC-East,0.03955101081335214,120.0,28.0,120.0,0.0,1.0,3574.99
BTR-1101,2027-06,Ecommerce,Amazon,DC-East,0.21426892336624354,558.0,0.0,558.0,0.0,1.0,16623.71
BTR-1101,2027-06,Retail,Costco,DC-West,0.07874941231781853,205.0,47.0,205.0,0.0,1.0,6107.28
BTR-1101,2027-06,Ecommerce,DTC Shopify,DC-West,0.12993653032440056,338.0,0.0,338.0,0.0,1.0,10069.56
BTR-1101,2027-06,Retail,Home Depot,DC-West,0.13269863657733896,345.0,80.0,345.0,0.0,1.0,10278.1
BTR-1101,2027-06,Retail,Kroger,DC-Central,0.01069581570286789,28.0,6.0,28.0,0.0,1.0,834.16
BTR-1101,2027-06,Retail,Lowe's,DC-Central,0.134579219558063,350.0,81.0,350.0,0.0,1.0,10427.06
BTR-1101,2027-06,Retail,Target,DC-Central,0.12082745651151858,315.0,73.0,315.0,0.0,1.0,9384.35
BTR-1101,2027-06,Retail,Walmart,DC-East,0.1386929948283968,361.0,83.0,361.0,0.0,1.0,10754.77
BTR-1101,2027-06,Retail,Whole Foods,DC-East,0.03955101081335214,103.0,24.0,103.0,0.0,1.0,3068.53
BTR-1101,2027-07,Ecommerce,Amazon,DC-East,0.21426892336624354,492.0,0.0,492.0,0.0,1.0,14657.47
BTR-1101,2027-07,Retail,Costco,DC-West,0.07874941231781853,181.0,42.0,181.0,0.0,1.0,5392.28
BTR-1101,2027-07,Ecommerce,DTC Shopify,DC-West,0.12993653032440056,298.0,0.0,298.0,0.0,1.0,8877.9
BTR-1101,2027-07,Retail,Home Depot,DC-West,0.13269863657733896,305.0,70.0,305.0,0.0,1.0,9086.44
BTR-1101,2027-07,Retail,Kroger,DC-Central,0.01069581570286789,25.0,6.0,25.0,0.0,1.0,744.79
BTR-1101,2027-07,Retail,Lowe's,DC-Central,0.134579219558063,309.0,71.0,309.0,0.0,1.0,9205.6
BTR-1101,2027-07,Retail,Target,DC-Central,0.12082745651151858,277.0,64.0,277.0,0.0,1.0,8252.27
BTR-1101,2027-07,Retail,Walmart,DC-East,0.1386929948283968,318.0,73.0,318.0,0.0,1.0,9473.73
BTR-1101,2027-07,Retail,Whole Foods,DC-East,0.03955101081335214,91.0,21.0,91.0,0.0,1.0,2711.04
BTR-1101,2027-08,Ecommerce,Amazon,DC-East,0.21426892336624354,515.0,0.0,515.0,0.0,1.0,15342.67
BTR-1101,2027-08,Retail,Costco,DC-West,0.07874941231781853,189.0,44.0,189.0,0.0,1.0,5630.61
BTR-1101,2027-08,Ecommerce,DTC Shopify,DC-West,0.12993653032440056,312.0,0.0,312.0,0.0,1.0,9294.98
BTR-1101,2027-08,Retail,Home Depot,DC-West,0.13269863657733896,319.0,74.0,319.0,0.0,1.0,9503.52
BTR-1101,2027-08,Retail,Kroger,DC-Central,0.01069581570286789,26.0,6.0,26.0,0.0,1.0,774.58
BTR-1101,2027-08,Retail,Lowe's,DC-Central,0.134579219558063,323.0,75.0,323.0,0.0,1.0,9622.69
BTR-1101,2027-08,Retail,Target,DC-Central,0.12082745651151858,290.0,67.0,290.0,0.0,1.0,8639.56
BTR-1101,2027-08,Retail,Walmart,DC-East,0.1386929948283968,333.0,77.0,333.0,0.0,1.0,9920.6
BTR-1101,2027-08,Retail,Whole Foods,DC-East,0.03955101081335214,95.0,22.0,95.0,0.0,1.0,2830.2
BTR-1102,2026-09,Ecommerce,Amazon,DC-East,0.22138508038021815,695.0,0.0,695.0,0.0,1.0,3062.03
BTR-1102,2026-09,Retail,Costco,DC-West,0.08489202330369267,267.0,62.0,267.0,0.0,1.0,1176.35
BTR-1102,2026-09,Ecommerce,DTC Shopify,DC-West,0.12738183888913224,400.0,0.0,400.0,0.0,1.0,1762.32
BTR-1102,2026-09,Retail,Home Depot,DC-West,0.1285207411625564,404.0,93.0,404.0,0.0,1.0,1779.94
BTR-1102,2026-09,Retail,Kroger,DC-Central,0.009724473257698542,31.0,7.0,31.0,0.0,1.0,136.58
BTR-1102,2026-09,Retail,Lowe's,DC-Central,0.13333917385781244,419.0,97.0,419.0,0.0,1.0,1846.03
BTR-1102,2026-09,Retail,Target,DC-Central,0.12348328879933418,388.0,90.0,388.0,0.0,1.0,1709.45
BTR-1102,2026-09,Retail,Walmart,DC-East,0.1329449384554733,417.0,96.0,417.0,0.0,1.0,1837.22
BTR-1102,2026-09,Retail,Whole Foods,DC-East,0.03832844189408209,120.0,28.0,120.0,0.0,1.0,528.7
BTR-1102,2026-10,Ecommerce,Amazon,DC-East,0.22138508038021815,901.0,0.0,901.0,0.0,1.0,3969.63
BTR-1102,2026-10,Retail,Costco,DC-West,0.08489202330369267,346.0,80.0,346.0,0.0,1.0,1524.41
BTR-1102,2026-10,Ecommerce,DTC Shopify,DC-West,0.12738183888913224,519.0,0.0,519.0,0.0,1.0,2286.61
BTR-1102,2026-10,Retail,Home Depot,DC-West,0.1285207411625564,523.0,121.0,523.0,0.0,1.0,2304.23
BTR-1102,2026-10,Retail,Kroger,DC-Central,0.009724473257698542,40.0,9.0,40.0,0.0,1.0,176.23
BTR-1102,2026-10,Retail,Lowe's,DC-Central,0.13333917385781244,543.0,125.0,543.0,0.0,1.0,2392.35
BTR-1102,2026-10,Retail,Target,DC-Central,0.12348328879933418,503.0,116.0,503.0,0.0,1.0,2216.12
BTR-1102,2026-10,Retail,Walmart,DC-East,0.1329449384554733,541.0,125.0,541.0,0.0,1.0,2383.54
BTR-1102,2026-10,Retail,Whole Foods,DC-East,0.03832844189408209,156.0,36.0,156.0,0.0,1.0,687.3
BTR-1102,2026-11,Ecommerce,Amazon,DC-East,0.22138508038021815,994.0,0.0,994.0,0.0,1.0,4379.37
BTR-1102,2026-11,Retail,Costco,DC-West,0.08489202330369267,381.0,88.0,381.0,0.0,1.0,1678.61
BTR-1102,2026-11,Ecommerce,DTC Shopify,DC-West,0.12738183888913224,572.0,0.0,572.0,0.0,1.0,2520.12
BTR-1102,2026-11,Retail,Home Depot,DC-West,0.1285207411625564,577.0,133.0,577.0,0.0,1.0,2542.15
BTR-1102,2026-11,Retail,Kroger,DC-Central,0.009724473257698542,44.0,10.0,44.0,0.0,1.0,193.86
BTR-1102,2026-11,Retail,Lowe's,DC-Central,0.13333917385781244,599.0,138.0,599.0,0.0,1.0,2639.07
BTR-1102,2026-11,Retail,Target,DC-Central,0.12348328879933418,555.0,128.0,555.0,0.0,1.0,2445.22
BTR-1102,2026-11,Retail,Walmart,DC-East,0.1329449384554733,597.0,138.0,597.0,0.0,1.0,2630.26
BTR-1102,2026-11,Retail,Whole Foods,DC-East,0.03832844189408209,172.0,40.0,172.0,0.0,1.0,757.8
BTR-1102,2026-12,Ecommerce,Amazon,DC-East,0.22138508038021815,992.0,0.0,992.0,0.0,1.0,4370.55
BTR-1102,2026-12,Retail,Costco,DC-West,0.08489202330369267,380.0,88.0,380.0,0.0,1.0,1674.2
BTR-1102,2026-12,Ecommerce,DTC Shopify,DC-West,0.12738183888913224,571.0,0.0,571.0,0.0,1.0,2515.71
BTR-1102,2026-12,Retail,Home Depot,DC-West,0.1285207411625564,576.0,133.0,576.0,0.0,1.0,2537.74
BTR-1102,2026-12,Retail,Kroger,DC-Central,0.009724473257698542,44.0,10.0,44.0,0.0,1.0,193.86
BTR-1102,2026-12,Retail,Lowe's,DC-Central,0.13333917385781244,598.0,138.0,598.0,0.0,1.0,2634.67
BTR-1102,2026-12,Retail,Target,DC-Central,0.12348328879933418,553.0,128.0,553.0,0.0,1.0,2436.41
BTR-1102,2026-12,Retail,Walmart,DC-East,0.1329449384554733,596.0,138.0,596.0,0.0,1.0,2625.86
BTR-1102,2026-12,Retail,Whole Foods,DC-East,0.03832844189408209,172.0,40.0,172.0,0.0,1.0,757.8
BTR-1102,2027-01,Ecommerce,Amazon,DC-East,0.22138508038021815,660.0,0.0,660.0,0.0,1.0,2907.83
BTR-1102,2027-01,Retail,Costco,DC-West,0.08489202330369267,253.0,58.0,253.0,0.0,1.0,1114.67
BTR-1102,2027-01,Ecommerce,DTC Shopify,DC-West,0.12738183888913224,379.0,0.0,379.0,0.0,1.0,1669.8
BTR-1102,2027-01,Retail,Home Depot,DC-West,0.1285207411625564,383.0,88.0,383.0,0.0,1.0,1687.42
BTR-1102,2027-01,Retail,Kroger,DC-Central,0.009724473257698542,29.0,7.0,29.0,0.0,1.0,127.77
BTR-1102,2027-01,Retail,Lowe's,DC-Central,0.13333917385781244,397.0,92.0,397.0,0.0,1.0,1749.1
BTR-1102,2027-01,Retail,Target,DC-Central,0.12348328879933418,368.0,85.0,368.0,0.0,1.0,1621.33
BTR-1102,2027-01,Retail,Walmart,DC-East,0.1329449384554733,396.0,91.0,396.0,0.0,1.0,1744.7
BTR-1102,2027-01,Retail,Whole Foods,DC-East,0.03832844189408209,114.0,26.0,114.0,0.0,1.0,502.26
BTR-1102,2027-02,Ecommerce,Amazon,DC-East,0.22138508038021815,644.0,0.0,644.0,0.0,1.0,2837.34
BTR-1102,2027-02,Retail,Costco,DC-West,0.08489202330369267,247.0,57.0,247.0,0.0,1.0,1088.23
BTR-1102,2027-02,Ecommerce,DTC Shopify,DC-West,0.12738183888913224,370.0,0.0,370.0,0.0,1.0,1630.15
BTR-1102,2027-02,Retail,Home Depot,DC-West,0.1285207411625564,374.0,86.0,374.0,0.0,1.0,1647.77
BTR-1102,2027-02,Retail,Kroger,DC-Central,0.009724473257698542,28.0,6.0,28.0,0.0,1.0,123.36
BTR-1102,2027-02,Retail,Lowe's,DC-Central,0.13333917385781244,388.0,90.0,388.0,0.0,1.0,1709.45
BTR-1102,2027-02,Retail,Target,DC-Central,0.12348328879933418,359.0,83.0,359.0,0.0,1.0,1581.68
BTR-1102,2027-02,Retail,Walmart,DC-East,0.1329449384554733,387.0,89.0,387.0,0.0,1.0,1705.04
BTR-1102,2027-02,Retail,Whole Foods,DC-East,0.03832844189408209,111.0,26.0,111.0,0.0,1.0,489.04
BTR-1102,2027-03,Ecommerce,Amazon,DC-East,0.22138508038021815,869.0,0.0,869.0,0.0,1.0,3828.64
BTR-1102,2027-03,Retail,Costco,DC-West,0.08489202330369267,333.0,77.0,333.0,0.0,1.0,1467.13
BTR-1102,2027-03,Ecommerce,DTC Shopify,DC-West,0.12738183888913224,500.0,0.0,500.0,0.0,1.0,2202.9
BTR-1102,2027-03,Retail,Home Depot,DC-West,0.1285207411625564,505.0,117.0,505.0,0.0,1.0,2224.93
BTR-1102,2027-03,Retail,Kroger,DC-Central,0.009724473257698542,38.0,9.0,38.0,0.0,1.0,167.42
BTR-1102,2027-03,Retail,Lowe's,DC-Central,0.13333917385781244,524.0,121.0,524.0,0.0,1.0,2308.64
BTR-1102,2027-03,Retail,Target,DC-Central,0.12348328879933418,485.0,112.0,485.0,0.0,1.0,2136.81
BTR-1102,2027-03,Retail,Walmart,DC-East,0.1329449384554733,522.0,121.0,522.0,0.0,1.0,2299.83
BTR-1102,2027-03,Retail,Whole Foods,DC-East,0.03832844189408209,151.0,35.0,151.0,0.0,1.0,665.28
BTR-1102,2027-04,Ecommerce,Amazon,DC-East,0.22138508038021815,901.0,0.0,901.0,0.0,1.0,3969.63
BTR-1102,2027-04,Retail,Costco,DC-West,0.08489202330369267,345.0,80.0,345.0,0.0,1.0,1520.0
BTR-1102,2027-04,Ecommerce,DTC Shopify,DC-West,0.12738183888913224,518.0,0.0,518.0,0.0,1.0,2282.2
BTR-1102,2027-04,Retail,Home Depot,DC-West,0.1285207411625564,523.0,121.0,523.0,0.0,1.0,2304.23
BTR-1102,2027-04,Retail,Kroger,DC-Central,0.009724473257698542,40.0,9.0,40.0,0.0,1.0,176.23
BTR-1102,2027-04,Retail,Lowe's,DC-Central,0.13333917385781244,543.0,125.0,543.0,0.0,1.0,2392.35
BTR-1102,2027-04,Retail,Target,DC-Central,0.12348328879933418,502.0,116.0,502.0,0.0,1.0,2211.71
BTR-1102,2027-04,Retail,Walmart,DC-East,0.1329449384554733,541.0,125.0,541.0,0.0,1.0,2383.54
BTR-1102,2027-04,Retail,Whole Foods,DC-East,0.03832844189408209,156.0,36.0,156.0,0.0,1.0,687.3
BTR-1102,2027-05,Ecommerce,Amazon,DC-East,0.22138508038021815,1057.0,0.0,1057.0,0.0,1.0,4656.93
BTR-1102,2027-05,Retail,Costco,DC-West,0.08489202330369267,405.0,94.0,405.0,0.0,1.0,1784.35
BTR-1102,2027-05,Ecommerce,DTC Shopify,DC-West,0.12738183888913224,608.0,0.0,608.0,0.0,1.0,2678.73
BTR-1102,2027-05,Retail,Home Depot,DC-West,0.1285207411625564,613.0,142.0,613.0,0.0,1.0,2700.76
BTR-1102,2027-05,Retail,Kroger,DC-Central,0.009724473257698542,46.0,11.0,46.0,0.0,1.0,202.67
BTR-1102,2027-05,Retail,Lowe's,DC-Central,0.13333917385781244,636.0,147.0,636.0,0.0,1.0,2802.09
BTR-1102,2027-05,Retail,Target,DC-Central,0.12348328879933418,589.0,136.0,589.0,0.0,1.0,2595.02
BTR-1102,2027-05,Retail,Walmart,DC-East,0.1329449384554733,635.0,147.0,635.0,0.0,1.0,2797.68
BTR-1102,2027-05,Retail,Whole Foods,DC-East,0.03832844189408209,183.0,42.0,183.0,0.0,1.0,806.26
BTR-1102,2027-06,Ecommerce,Amazon,DC-East,0.22138508038021815,921.0,0.0,921.0,0.0,1.0,4057.74
BTR-1102,2027-06,Retail,Costco,DC-West,0.08489202330369267,353.0,82.0,353.0,0.0,1.0,1555.25
BTR-1102,2027-06,Ecommerce,DTC Shopify,DC-West,0.12738183888913224,530.0,0.0,530.0,0.0,1.0,2335.07
BTR-1102,2027-06,Retail,Home Depot,DC-West,0.1285207411625564,534.0,123.0,534.0,0.0,1.0,2352.7
BTR-1102,2027-06,Retail,Kroger,DC-Central,0.009724473257698542,40.0,9.0,40.0,0.0,1.0,176.23
BTR-1102,2027-06,Retail,Lowe's,DC-Central,0.13333917385781244,554.0,128.0,554.0,0.0,1.0,2440.81
BTR-1102,2027-06,Retail,Target,DC-Central,0.12348328879933418,513.0,118.0,513.0,0.0,1.0,2260.18
BTR-1102,2027-06,Retail,Walmart,DC-East,0.1329449384554733,553.0,128.0,553.0,0.0,1.0,2436.41
BTR-1102,2027-06,Retail,Whole Foods,DC-East,0.03832844189408209,159.0,37.0,159.0,0.0,1.0,700.52
BTR-1102,2027-07,Ecommerce,Amazon,DC-East,0.22138508038021815,824.0,0.0,824.0,0.0,1.0,3630.38
BTR-1102,2027-07,Retail,Costco,DC-West,0.08489202330369267,316.0,73.0,316.0,0.0,1.0,1392.23
BTR-1102,2027-07,Ecommerce,DTC Shopify,DC-West,0.12738183888913224,474.0,0.0,474.0,0.0,1.0,2088.35
BTR-1102,2027-07,Retail,Home Depot,DC-West,0.1285207411625564,479.0,111.0,479.0,0.0,1.0,2110.38
BTR-1102,2027-07,Retail,Kroger,DC-Central,0.009724473257698542,36.0,8.0,36.0,0.0,1.0,158.61
BTR-1102,2027-07,Retail,Lowe's,DC-Central,0.13333917385781244,497.0,115.0,497.0,0.0,1.0,2189.68
BTR-1102,2027-07,Retail,Target,DC-Central,0.12348328879933418,460.0,106.0,460.0,0.0,1.0,2026.67
BTR-1102,2027-07,Retail,Walmart,DC-East,0.1329449384554733,495.0,114.0,495.0,0.0,1.0,2180.87
BTR-1102,2027-07,Retail,Whole Foods,DC-East,0.03832844189408209,143.0,33.0,143.0,0.0,1.0,630.03
BTR-1102,2027-08,Ecommerce,Amazon,DC-East,0.22138508038021815,876.0,0.0,876.0,0.0,1.0,3859.48
BTR-1102,2027-08,Retail,Costco,DC-West,0.08489202330369267,336.0,78.0,336.0,0.0,1.0,1480.35
BTR-1102,2027-08,Ecommerce,DTC Shopify,DC-West,0.12738183888913224,504.0,0.0,504.0,0.0,1.0,2220.52
BTR-1102,2027-08,Retail,Home Depot,DC-West,0.1285207411625564,509.0,118.0,509.0,0.0,1.0,2242.55
BTR-1102,2027-08,Retail,Kroger,DC-Central,0.009724473257698542,38.0,9.0,38.0,0.0,1.0,167.42
BTR-1102,2027-08,Retail,Lowe's,DC-Central,0.13333917385781244,528.0,122.0,528.0,0.0,1.0,2326.26
BTR-1102,2027-08,Retail,Target,DC-Central,0.12348328879933418,489.0,113.0,489.0,0.0,1.0,2154.44
BTR-1102,2027-08,Retail,Walmart,DC-East,0.1329449384554733,526.0,121.0,526.0,0.0,1.0,2317.45
BTR-1102,2027-08,Retail,Whole Foods,DC-East,0.03832844189408209,152.0,35.0,152.0,0.0,1.0,669.68
BTR-1103,2026-09,Ecommerce,Amazon,DC-East,0.2148703368656845,367.0,0.0,201.0,166.0,0.547683923705722,4053.43
BTR-1103,2026-09,Retail,Costco,DC-West,0.08882570862410614,152.0,35.0,99.0,53.0,0.6513157894736842,1996.46
BTR-1103,2026-09,Ecommerce,DTC Shopify,DC-West,0.1274231067459292,218.0,0.0,119.0,99.0,0.5458715596330275,2399.79
BTR-1103,2026-09,Retail,Home Depot,DC-West,0.11760144740242957,201.0,46.0,131.0,70.0,0.6517412935323383,2641.79
BTR-1103,2026-09,Retail,Kroger,DC-Central,0.010510898595675024,18.0,4.0,11.0,7.0,0.6111111111111112,221.83
BTR-1103,2026-09,Retail,Lowe's,DC-Central,0.13534935814594642,231.0,53.0,150.0,81.0,0.6493506493506493,3024.94
BTR-1103,2026-09,Retail,Target,DC-Central,0.11432756095459637,196.0,45.0,127.0,69.0,0.6479591836734694,2561.12
BTR-1103,2026-09,Retail,Walmart,DC-East,0.15275264926337556,261.0,60.0,170.0,91.0,0.6513409961685823,3428.27
BTR-1103,2026-09,Retail,Whole Foods,DC-East,0.03833893340225726,66.0,15.0,43.0,23.0,0.6515151515151515,867.15
BTR-1103,2026-10,Ecommerce,Amazon,DC-East,0.2148703368656845,481.0,0.0,352.0,129.0,0.7318087318087318,7098.54
BTR-1103,2026-10,Retail,Costco,DC-West,0.08882570862410614,199.0,46.0,158.0,41.0,0.7939698492462312,3186.28
BTR-1103,2026-10,Ecommerce,DTC Shopify,DC-West,0.1274231067459292,285.0,0.0,209.0,76.0,0.7333333333333333,4214.76
BTR-1103,2026-10,Retail,Home Depot,DC-West,0.11760144740242957,263.0,61.0,209.0,54.0,0.7946768060836502,4214.76
BTR-1103,2026-10,Retail,Kroger,DC-Central,0.010510898595675024,24.0,6.0,19.0,5.0,0.7916666666666666,383.16
BTR-1103,2026-10,Retail,Lowe's,DC-Central,0.13534935814594642,303.0,70.0,240.0,63.0,0.7920792079207921,4839.91
BTR-1103,2026-10,Retail,Target,DC-Central,0.11432756095459637,256.0,59.0,203.0,53.0,0.79296875,4093.76
BTR-1103,2026-10,Retail,Walmart,DC-East,0.15275264926337556,342.0,79.0,271.0,71.0,0.7923976608187134,5465.07
BTR-1103,2026-10,Retail,Whole Foods,DC-East,0.03833893340225726,86.0,20.0,68.0,18.0,0.7906976744186046,1371.31
BTR-1103,2026-11,Ecommerce,Amazon,DC-East,0.2148703368656845,536.0,0.0,536.0,0.0,1.0,10809.14
BTR-1103,2026-11,Retail,Costco,DC-West,0.08882570862410614,222.0,51.0,222.0,0.0,1.0,4476.92
BTR-1103,2026-11,Ecommerce,DTC Shopify,DC-West,0.1274231067459292,318.0,0.0,318.0,0.0,1.0,6412.88
BTR-1103,2026-11,Retail,Home Depot,DC-West,0.11760144740242957,294.0,68.0,294.0,0.0,1.0,5928.89
BTR-1103,2026-11,Retail,Kroger,DC-Central,0.010510898595675024,26.0,6.0,26.0,0.0,1.0,524.32
BTR-1103,2026-11,Retail,Lowe's,DC-Central,0.13534935814594642,338.0,78.0,338.0,0.0,1.0,6816.21
BTR-1103,2026-11,Retail,Target,DC-Central,0.11432756095459637,285.0,66.0,285.0,0.0,1.0,5747.4
BTR-1103,2026-11,Retail,Walmart,DC-East,0.15275264926337556,381.0,88.0,381.0,0.0,1.0,7683.36
BTR-1103,2026-11,Retail,Whole Foods,DC-East,0.03833893340225726,96.0,22.0,96.0,0.0,1.0,1935.96
BTR-1103,2026-12,Ecommerce,Amazon,DC-East,0.2148703368656845,541.0,0.0,541.0,0.0,1.0,10909.97
BTR-1103,2026-12,Retail,Costco,DC-West,0.08882570862410614,224.0,52.0,224.0,0.0,1.0,4517.25
BTR-1103,2026-12,Ecommerce,DTC Shopify,DC-West,0.1274231067459292,321.0,0.0,321.0,0.0,1.0,6473.38
BTR-1103,2026-12,Retail,Home Depot,DC-West,0.11760144740242957,296.0,68.0,296.0,0.0,1.0,5969.22
BTR-1103,2026-12,Retail,Kroger,DC-Central,0.010510898595675024,26.0,6.0,26.0,0.0,1.0,524.32
BTR-1103,2026-12,Retail,Lowe's,DC-Central,0.13534935814594642,341.0,79.0,341.0,0.0,1.0,6876.71
BTR-1103,2026-12,Retail,Target,DC-Central,0.11432756095459637,288.0,67.0,288.0,0.0,1.0,5807.89
BTR-1103,2026-12,Retail,Walmart,DC-East,0.15275264926337556,384.0,89.0,384.0,0.0,1.0,7743.86
BTR-1103,2026-12,Retail,Whole Foods,DC-East,0.03833893340225726,96.0,22.0,96.0,0.0,1.0,1935.96
BTR-1103,2027-01,Ecommerce,Amazon,DC-East,0.2148703368656845,363.0,0.0,363.0,0.0,1.0,7320.37
BTR-1103,2027-01,Retail,Costco,DC-West,0.08882570862410614,150.0,35.0,150.0,0.0,1.0,3024.94
BTR-1103,2027-01,Ecommerce,DTC Shopify,DC-West,0.1274231067459292,215.0,0.0,215.0,0.0,1.0,4335.75
BTR-1103,2027-01,Retail,Home Depot,DC-West,0.11760144740242957,199.0,46.0,199.0,0.0,1.0,4013.09
BTR-1103,2027-01,Retail,Kroger,DC-Central,0.010510898595675024,18.0,4.0,18.0,0.0,1.0,362.99
BTR-1103,2027-01,Retail,Lowe's,DC-Central,0.13534935814594642,229.0,53.0,229.0,0.0,1.0,4618.08
BTR-1103,2027-01,Retail,Target,DC-Central,0.11432756095459637,193.0,45.0,193.0,0.0,1.0,3892.1
BTR-1103,2027-01,Retail,Walmart,DC-East,0.15275264926337556,258.0,60.0,258.0,0.0,1.0,5202.91
BTR-1103,2027-01,Retail,Whole Foods,DC-East,0.03833893340225726,65.0,15.0,65.0,0.0,1.0,1310.81
BTR-1103,2027-02,Ecommerce,Amazon,DC-East,0.2148703368656845,358.0,0.0,358.0,0.0,1.0,7219.54
BTR-1103,2027-02,Retail,Costco,DC-West,0.08882570862410614,148.0,34.0,148.0,0.0,1.0,2984.61
BTR-1103,2027-02,Ecommerce,DTC Shopify,DC-West,0.1274231067459292,212.0,0.0,212.0,0.0,1.0,4275.26
BTR-1103,2027-02,Retail,Home Depot,DC-West,0.11760144740242957,196.0,45.0,196.0,0.0,1.0,3952.59
BTR-1103,2027-02,Retail,Kroger,DC-Central,0.010510898595675024,18.0,4.0,18.0,0.0,1.0,362.99
BTR-1103,2027-02,Retail,Lowe's,DC-Central,0.13534935814594642,226.0,52.0,226.0,0.0,1.0,4557.58
BTR-1103,2027-02,Retail,Target,DC-Central,0.11432756095459637,191.0,44.0,191.0,0.0,1.0,3851.76
BTR-1103,2027-02,Retail,Walmart,DC-East,0.15275264926337556,255.0,59.0,255.0,0.0,1.0,5142.41
BTR-1103,2027-02,Retail,Whole Foods,DC-East,0.03833893340225726,64.0,15.0,64.0,0.0,1.0,1290.64
BTR-1103,2027-03,Ecommerce,Amazon,DC-East,0.2148703368656845,488.0,0.0,488.0,0.0,1.0,9841.15
BTR-1103,2027-03,Retail,Costco,DC-West,0.08882570862410614,202.0,47.0,202.0,0.0,1.0,4073.59
BTR-1103,2027-03,Ecommerce,DTC Shopify,DC-West,0.1274231067459292,290.0,0.0,290.0,0.0,1.0,5848.23
BTR-1103,2027-03,Retail,Home Depot,DC-West,0.11760144740242957,267.0,62.0,267.0,0.0,1.0,5384.4
BTR-1103,2027-03,Retail,Kroger,DC-Central,0.010510898595675024,24.0,6.0,24.0,0.0,1.0,483.99
BTR-1103,2027-03,Retail,Lowe's,DC-Central,0.13534935814594642,308.0,71.0,308.0,0.0,1.0,6211.22
BTR-1103,2027-03,Retail,Target,DC-Central,0.11432756095459637,260.0,60.0,260.0,0.0,1.0,5243.24
BTR-1103,2027-03,Retail,Walmart,DC-East,0.15275264926337556,347.0,80.0,347.0,0.0,1.0,6997.71
BTR-1103,2027-03,Retail,Whole Foods,DC-East,0.03833893340225726,87.0,20.0,87.0,0.0,1.0,1754.47
BTR-1103,2027-04,Ecommerce,Amazon,DC-East,0.2148703368656845,511.0,0.0,511.0,0.0,1.0,10304.98
BTR-1103,2027-04,Retail,Costco,DC-West,0.08882570862410614,211.0,49.0,211.0,0.0,1.0,4255.09
BTR-1103,2027-04,Ecommerce,DTC Shopify,DC-West,0.1274231067459292,303.0,0.0,303.0,0.0,1.0,6110.39
BTR-1103,2027-04,Retail,Home Depot,DC-West,0.11760144740242957,280.0,65.0,280.0,0.0,1.0,5646.56
BTR-1103,2027-04,Retail,Kroger,DC-Central,0.010510898595675024,25.0,6.0,25.0,0.0,1.0,504.16
BTR-1103,2027-04,Retail,Lowe's,DC-Central,0.13534935814594642,322.0,74.0,322.0,0.0,1.0,6493.55
BTR-1103,2027-04,Retail,Target,DC-Central,0.11432756095459637,272.0,63.0,272.0,0.0,1.0,5485.23
BTR-1103,2027-04,Retail,Walmart,DC-East,0.15275264926337556,363.0,84.0,363.0,0.0,1.0,7320.37
BTR-1103,2027-04,Retail,Whole Foods,DC-East,0.03833893340225726,91.0,21.0,91.0,0.0,1.0,1835.13
BTR-1103,2027-05,Ecommerce,Amazon,DC-East,0.2148703368656845,606.0,0.0,606.0,0.0,1.0,12220.78
BTR-1103,2027-05,Retail,Costco,DC-West,0.08882570862410614,250.0,58.0,250.0,0.0,1.0,5041.58
BTR-1103,2027-05,Ecommerce,DTC Shopify,DC-West,0.1274231067459292,359.0,0.0,359.0,0.0,1.0,7239.7
BTR-1103,2027-05,Retail,Home Depot,DC-West,0.11760144740242957,332.0,77.0,332.0,0.0,1.0,6695.21
BTR-1103,2027-05,Retail,Kroger,DC-Central,0.010510898595675024,30.0,7.0,30.0,0.0,1.0,604.99
BTR-1103,2027-05,Retail,Lowe's,DC-Central,0.13534935814594642,382.0,88.0,382.0,0.0,1.0,7703.53
BTR-1103,2027-05,Retail,Target,DC-Central,0.11432756095459637,322.0,74.0,322.0,0.0,1.0,6493.55
BTR-1103,2027-05,Retail,Walmart,DC-East,0.15275264926337556,431.0,100.0,431.0,0.0,1.0,8691.68
BTR-1103,2027-05,Retail,Whole Foods,DC-East,0.03833893340225726,108.0,25.0,108.0,0.0,1.0,2177.96
BTR-1103,2027-06,Ecommerce,Amazon,DC-East,0.2148703368656845,533.0,0.0,533.0,0.0,1.0,10748.64
BTR-1103,2027-06,Retail,Costco,DC-West,0.08882570862410614,220.0,51.0,220.0,0.0,1.0,4436.59
BTR-1103,2027-06,Ecommerce,DTC Shopify,DC-West,0.1274231067459292,316.0,0.0,316.0,0.0,1.0,6372.55
BTR-1103,2027-06,Retail,Home Depot,DC-West,0.11760144740242957,292.0,67.0,292.0,0.0,1.0,5888.56
BTR-1103,2027-06,Retail,Kroger,DC-Central,0.010510898595675024,26.0,6.0,26.0,0.0,1.0,524.32
BTR-1103,2027-06,Retail,Lowe's,DC-Central,0.13534935814594642,336.0,78.0,336.0,0.0,1.0,6775.88
BTR-1103,2027-06,Retail,Target,DC-Central,0.11432756095459637,284.0,66.0,284.0,0.0,1.0,5727.23
BTR-1103,2027-06,Retail,Walmart,DC-East,0.15275264926337556,379.0,88.0,379.0,0.0,1.0,7643.03
BTR-1103,2027-06,Retail,Whole Foods,DC-East,0.03833893340225726,95.0,22.0,95.0,0.0,1.0,1915.8
BTR-1103,2027-07,Ecommerce,Amazon,DC-East,0.2148703368656845,482.0,0.0,482.0,0.0,1.0,9720.16
BTR-1103,2027-07,Retail,Costco,DC-West,0.08882570862410614,199.0,46.0,199.0,0.0,1.0,4013.09
BTR-1103,2027-07,Ecommerce,DTC Shopify,DC-West,0.1274231067459292,286.0,0.0,286.0,0.0,1.0,5767.56
BTR-1103,2027-07,Retail,Home Depot,DC-West,0.11760144740242957,264.0,61.0,264.0,0.0,1.0,5323.9
BTR-1103,2027-07,Retail,Kroger,DC-Central,0.010510898595675024,24.0,6.0,24.0,0.0,1.0,483.99
BTR-1103,2027-07,Retail,Lowe's,DC-Central,0.13534935814594642,304.0,70.0,304.0,0.0,1.0,6130.56
BTR-1103,2027-07,Retail,Target,DC-Central,0.11432756095459637,257.0,59.0,257.0,0.0,1.0,5182.74
BTR-1103,2027-07,Retail,Walmart,DC-East,0.15275264926337556,343.0,79.0,343.0,0.0,1.0,6917.04
BTR-1103,2027-07,Retail,Whole Foods,DC-East,0.03833893340225726,86.0,20.0,86.0,0.0,1.0,1734.3
BTR-1103,2027-08,Ecommerce,Amazon,DC-East,0.2148703368656845,518.0,0.0,518.0,0.0,1.0,10446.14
BTR-1103,2027-08,Retail,Costco,DC-West,0.08882570862410614,214.0,49.0,214.0,0.0,1.0,4315.59
BTR-1103,2027-08,Ecommerce,DTC Shopify,DC-West,0.1274231067459292,307.0,0.0,307.0,0.0,1.0,6191.05
BTR-1103,2027-08,Retail,Home Depot,DC-West,0.11760144740242957,284.0,66.0,284.0,0.0,1.0,5727.23
BTR-1103,2027-08,Retail,Kroger,DC-Central,0.010510898595675024,25.0,6.0,25.0,0.0,1.0,504.16
BTR-1103,2027-08,Retail,Lowe's,DC-Central,0.13534935814594642,326.0,75.0,326.0,0.0,1.0,6574.21
BTR-1103,2027-08,Retail,Target,DC-Central,0.11432756095459637,276.0,64.0,276.0,0.0,1.0,5565.9
BTR-1103,2027-08,Retail,Walmart,DC-East,0.15275264926337556,368.0,85.0,368.0,0.0,1.0,7421.2
BTR-1103,2027-08,Retail,Whole Foods,DC-East,0.03833893340225726,92.0,21.0,92.0,0.0,1.0,1855.3
BTR-1201,2026-09,Ecommerce,Amazon,DC-East,0.11929258804258805,679.0,0.0,679.0,0.0,1.0,3586.21
BTR-1201,2026-09,Retail,Costco,DC-West,0.08709561834561834,496.0,115.0,496.0,0.0,1.0,2619.67
BTR-1201,2026-09,Ecommerce,DTC Shopify,DC-West,0.06303746928746928,359.0,0.0,359.0,0.0,1.0,1896.09
BTR-1201,2026-09,Retail,Home Depot,DC-West,0.203240171990172,1158.0,267.0,1158.0,0.0,1.0,6116.09
BTR-1201,2026-09,Retail,Kroger,DC-Central,0.05477067977067977,312.0,72.0,312.0,0.0,1.0,1647.86
BTR-1201,2026-09,Retail,Lowe's,DC-Central,0.15166871416871416,864.0,200.0,864.0,0.0,1.0,4563.3
BTR-1201,2026-09,Retail,Target,DC-Central,0.13096334971334972,746.0,172.0,746.0,0.0,1.0,3940.07
BTR-1201,2026-09,Retail,Walmart,DC-East,0.1451167076167076,827.0,191.0,827.0,0.0,1.0,4367.88
BTR-1201,2026-09,Retail,Whole Foods,DC-East,0.04481470106470106,255.0,59.0,255.0,0.0,1.0,1346.81
BTR-1201,2026-10,Ecommerce,Amazon,DC-East,0.11929258804258805,732.0,0.0,732.0,0.0,1.0,3866.13
BTR-1201,2026-10,Retail,Costco,DC-West,0.08709561834561834,534.0,123.0,534.0,0.0,1.0,2820.37
BTR-1201,2026-10,Ecommerce,DTC Shopify,DC-West,0.06303746928746928,387.0,0.0,387.0,0.0,1.0,2043.98
BTR-1201,2026-10,Retail,Home Depot,DC-West,0.203240171990172,1246.0,288.0,1246.0,0.0,1.0,6580.87
BTR-1201,2026-10,Retail,Kroger,DC-Central,0.05477067977067977,336.0,78.0,336.0,0.0,1.0,1774.62
BTR-1201,2026-10,Retail,Lowe's,DC-Central,0.15166871416871416,930.0,215.0,930.0,0.0,1.0,4911.89
BTR-1201,2026-10,Retail,Target,DC-Central,0.13096334971334972,803.0,185.0,803.0,0.0,1.0,4241.12
BTR-1201,2026-10,Retail,Walmart,DC-East,0.1451167076167076,890.0,206.0,890.0,0.0,1.0,4700.62
BTR-1201,2026-10,Retail,Whole Foods,DC-East,0.04481470106470106,275.0,64.0,275.0,0.0,1.0,1452.44
BTR-1201,2026-11,Ecommerce,Amazon,DC-East,0.11929258804258805,1049.0,0.0,1049.0,0.0,1.0,5540.4
BTR-1201,2026-11,Retail,Costco,DC-West,0.08709561834561834,766.0,177.0,766.0,0.0,1.0,4045.71
BTR-1201,2026-11,Ecommerce,DTC Shopify,DC-West,0.06303746928746928,554.0,0.0,554.0,0.0,1.0,2926.01
BTR-1201,2026-11,Retail,Home Depot,DC-West,0.203240171990172,1787.0,413.0,1787.0,0.0,1.0,9438.22
BTR-1201,2026-11,Retail,Kroger,DC-Central,0.05477067977067977,482.0,111.0,482.0,0.0,1.0,2545.73
BTR-1201,2026-11,Retail,Lowe's,DC-Central,0.15166871416871416,1334.0,308.0,1334.0,0.0,1.0,7045.65
BTR-1201,2026-11,Retail,Target,DC-Central,0.13096334971334972,1152.0,266.0,1152.0,0.0,1.0,6084.4
BTR-1201,2026-11,Retail,Walmart,DC-East,0.1451167076167076,1276.0,295.0,1276.0,0.0,1.0,6739.32
BTR-1201,2026-11,Retail,Whole Foods,DC-East,0.04481470106470106,394.0,91.0,394.0,0.0,1.0,2080.95
BTR-1201,2026-12,Ecommerce,Amazon,DC-East,0.11929258804258805,782.0,0.0,782.0,0.0,1.0,4130.21
BTR-1201,2026-12,Retail,Costco,DC-West,0.08709561834561834,571.0,132.0,571.0,0.0,1.0,3015.79
BTR-1201,2026-12,Ecommerce,DTC Shopify,DC-West,0.06303746928746928,413.0,0.0,413.0,0.0,1.0,2181.3
BTR-1201,2026-12,Retail,Home Depot,DC-West,0.203240171990172,1332.0,308.0,1332.0,0.0,1.0,7035.09
BTR-1201,2026-12,Retail,Kroger,DC-Central,0.05477067977067977,359.0,83.0,359.0,0.0,1.0,1896.09
BTR-1201,2026-12,Retail,Lowe's,DC-Central,0.15166871416871416,994.0,230.0,994.0,0.0,1.0,5249.91
BTR-1201,2026-12,Retail,Target,DC-Central,0.13096334971334972,859.0,198.0,859.0,0.0,1.0,4536.89
BTR-1201,2026-12,Retail,Walmart,DC-East,0.1451167076167076,951.0,220.0,951.0,0.0,1.0,5022.8
BTR-1201,2026-12,Retail,Whole Foods,DC-East,0.04481470106470106,294.0,68.0,294.0,0.0,1.0,1552.79
BTR-1201,2027-01,Ecommerce,Amazon,DC-East,0.11929258804258805,685.0,0.0,685.0,0.0,1.0,3617.9
BTR-1201,2027-01,Retail,Costco,DC-West,0.08709561834561834,500.0,115.0,500.0,0.0,1.0,2640.8
BTR-1201,2027-01,Ecommerce,DTC Shopify,DC-West,0.06303746928746928,362.0,0.0,362.0,0.0,1.0,1911.94
BTR-1201,2027-01,Retail,Home Depot,DC-West,0.203240171990172,1167.0,270.0,1167.0,0.0,1.0,6163.63
BTR-1201,2027-01,Retail,Kroger,DC-Central,0.05477067977067977,314.0,73.0,314.0,0.0,1.0,1658.42
BTR-1201,2027-01,Retail,Lowe's,DC-Central,0.15166871416871416,871.0,201.0,871.0,0.0,1.0,4600.27
BTR-1201,2027-01,Retail,Target,DC-Central,0.13096334971334972,752.0,174.0,752.0,0.0,1.0,3971.76
BTR-1201,2027-01,Retail,Walmart,DC-East,0.1451167076167076,833.0,192.0,833.0,0.0,1.0,4399.57
BTR-1201,2027-01,Retail,Whole Foods,DC-East,0.04481470106470106,257.0,59.0,257.0,0.0,1.0,1357.37
BTR-1201,2027-02,Ecommerce,Amazon,DC-East,0.11929258804258805,760.0,0.0,760.0,0.0,1.0,4014.02
BTR-1201,2027-02,Retail,Costco,DC-West,0.08709561834561834,555.0,128.0,555.0,0.0,1.0,2931.29
BTR-1201,2027-02,Ecommerce,DTC Shopify,DC-West,0.06303746928746928,402.0,0.0,402.0,0.0,1.0,2123.2
BTR-1201,2027-02,Retail,Home Depot,DC-West,0.203240171990172,1295.0,299.0,1295.0,0.0,1.0,6839.67
BTR-1201,2027-02,Retail,Kroger,DC-Central,0.05477067977067977,349.0,81.0,349.0,0.0,1.0,1843.28
BTR-1201,2027-02,Retail,Lowe's,DC-Central,0.15166871416871416,966.0,223.0,966.0,0.0,1.0,5102.03
BTR-1201,2027-02,Retail,Target,DC-Central,0.13096334971334972,834.0,193.0,834.0,0.0,1.0,4404.85
BTR-1201,2027-02,Retail,Walmart,DC-East,0.1451167076167076,925.0,214.0,925.0,0.0,1.0,4885.48
BTR-1201,2027-02,Retail,Whole Foods,DC-East,0.04481470106470106,286.0,66.0,286.0,0.0,1.0,1510.54
BTR-1201,2027-03,Ecommerce,Amazon,DC-East,0.11929258804258805,946.0,0.0,946.0,0.0,1.0,4996.39
BTR-1201,2027-03,Retail,Costco,DC-West,0.08709561834561834,691.0,160.0,691.0,0.0,1.0,3649.59
BTR-1201,2027-03,Ecommerce,DTC Shopify,DC-West,0.06303746928746928,500.0,0.0,500.0,0.0,1.0,2640.8
BTR-1201,2027-03,Retail,Home Depot,DC-West,0.203240171990172,1611.0,372.0,1611.0,0.0,1.0,8508.66
BTR-1201,2027-03,Retail,Kroger,DC-Central,0.05477067977067977,434.0,100.0,434.0,0.0,1.0,2292.21
BTR-1201,2027-03,Retail,Lowe's,DC-Central,0.15166871416871416,1203.0,278.0,1203.0,0.0,1.0,6353.76
BTR-1201,2027-03,Retail,Target,DC-Central,0.13096334971334972,1038.0,240.0,1038.0,0.0,1.0,5482.3
BTR-1201,2027-03,Retail,Walmart,DC-East,0.1451167076167076,1151.0,266.0,1151.0,0.0,1.0,6079.12
BTR-1201,2027-03,Retail,Whole Foods,DC-East,0.04481470106470106,355.0,82.0,355.0,0.0,1.0,1874.97
BTR-1201,2027-04,Ecommerce,Amazon,DC-East,0.11929258804258805,1086.0,0.0,1086.0,0.0,1.0,5735.82
BTR-1201,2027-04,Retail,Costco,DC-West,0.08709561834561834,793.0,183.0,793.0,0.0,1.0,4188.31
BTR-1201,2027-04,Ecommerce,DTC Shopify,DC-West,0.06303746928746928,574.0,0.0,574.0,0.0,1.0,3031.64
BTR-1201,2027-04,Retail,Home Depot,DC-West,0.203240171990172,1851.0,427.0,1851.0,0.0,1.0,9776.24
BTR-1201,2027-04,Retail,Kroger,DC-Central,0.05477067977067977,499.0,115.0,499.0,0.0,1.0,2635.52
BTR-1201,2027-04,Retail,Lowe's,DC-Central,0.15166871416871416,1381.0,319.0,1381.0,0.0,1.0,7293.89
BTR-1201,2027-04,Retail,Target,DC-Central,0.13096334971334972,1192.0,275.0,1192.0,0.0,1.0,6295.67
BTR-1201,2027-04,Retail,Walmart,DC-East,0.1451167076167076,1321.0,305.0,1321.0,0.0,1.0,6976.99
BTR-1201,2027-04,Retail,Whole Foods,DC-East,0.04481470106470106,408.0,94.0,408.0,0.0,1.0,2154.89
BTR-1201,2027-05,Ecommerce,Amazon,DC-East,0.11929258804258805,976.0,0.0,976.0,0.0,1.0,5154.84
BTR-1201,2027-05,Retail,Costco,DC-West,0.08709561834561834,713.0,165.0,713.0,0.0,1.0,3765.78
BTR-1201,2027-05,Ecommerce,DTC Shopify,DC-West,0.06303746928746928,516.0,0.0,516.0,0.0,1.0,2725.31
BTR-1201,2027-05,Retail,Home Depot,DC-West,0.203240171990172,1663.0,384.0,1663.0,0.0,1.0,8783.3
BTR-1201,2027-05,Retail,Kroger,DC-Central,0.05477067977067977,448.0,103.0,448.0,0.0,1.0,2366.16
BTR-1201,2027-05,Retail,Lowe's,DC-Central,0.15166871416871416,1241.0,287.0,1241.0,0.0,1.0,6554.47
BTR-1201,2027-05,Retail,Target,DC-Central,0.13096334971334972,1072.0,248.0,1072.0,0.0,1.0,5661.88
BTR-1201,2027-05,Retail,Walmart,DC-East,0.1451167076167076,1188.0,274.0,1188.0,0.0,1.0,6274.54
BTR-1201,2027-05,Retail,Whole Foods,DC-East,0.04481470106470106,367.0,85.0,367.0,0.0,1.0,1938.35
BTR-1201,2027-06,Ecommerce,Amazon,DC-East,0.11929258804258805,776.0,0.0,776.0,0.0,1.0,4098.52
BTR-1201,2027-06,Retail,Costco,DC-West,0.08709561834561834,566.0,131.0,566.0,0.0,1.0,2989.39
BTR-1201,2027-06,Ecommerce,DTC Shopify,DC-West,0.06303746928746928,410.0,0.0,410.0,0.0,1.0,2165.46
BTR-1201,2027-06,Retail,Home Depot,DC-West,0.203240171990172,1321.0,305.0,1321.0,0.0,1.0,6976.99
BTR-1201,2027-06,Retail,Kroger,DC-Central,0.05477067977067977,356.0,82.0,356.0,0.0,1.0,1880.25
BTR-1201,2027-06,Retail,Lowe's,DC-Central,0.15166871416871416,986.0,228.0,986.0,0.0,1.0,5207.66
BTR-1201,2027-06,Retail,Target,DC-Central,0.13096334971334972,851.0,197.0,851.0,0.0,1.0,4494.64
BTR-1201,2027-06,Retail,Walmart,DC-East,0.1451167076167076,943.0,218.0,943.0,0.0,1.0,4980.55
BTR-1201,2027-06,Retail,Whole Foods,DC-East,0.04481470106470106,291.0,67.0,291.0,0.0,1.0,1536.95
BTR-1201,2027-07,Ecommerce,Amazon,DC-East,0.11929258804258805,695.0,0.0,695.0,0.0,1.0,3670.71
BTR-1201,2027-07,Retail,Costco,DC-West,0.08709561834561834,507.0,117.0,507.0,0.0,1.0,2677.77
BTR-1201,2027-07,Ecommerce,DTC Shopify,DC-West,0.06303746928746928,367.0,0.0,367.0,0.0,1.0,1938.35
BTR-1201,2027-07,Retail,Home Depot,DC-West,0.203240171990172,1184.0,273.0,1184.0,0.0,1.0,6253.41
BTR-1201,2027-07,Retail,Kroger,DC-Central,0.05477067977067977,319.0,74.0,319.0,0.0,1.0,1684.83
BTR-1201,2027-07,Retail,Lowe's,DC-Central,0.15166871416871416,883.0,204.0,883.0,0.0,1.0,4663.65
BTR-1201,2027-07,Retail,Target,DC-Central,0.13096334971334972,763.0,176.0,763.0,0.0,1.0,4029.86
BTR-1201,2027-07,Retail,Walmart,DC-East,0.1451167076167076,845.0,195.0,845.0,0.0,1.0,4462.95
BTR-1201,2027-07,Retail,Whole Foods,DC-East,0.04481470106470106,261.0,60.0,261.0,0.0,1.0,1378.5
BTR-1201,2027-08,Ecommerce,Amazon,DC-East,0.11929258804258805,730.0,0.0,730.0,0.0,1.0,3855.57
BTR-1201,2027-08,Retail,Costco,DC-West,0.08709561834561834,533.0,123.0,533.0,0.0,1.0,2815.09
BTR-1201,2027-08,Ecommerce,DTC Shopify,DC-West,0.06303746928746928,386.0,0.0,386.0,0.0,1.0,2038.7
BTR-1201,2027-08,Retail,Home Depot,DC-West,0.203240171990172,1243.0,287.0,1243.0,0.0,1.0,6565.03
BTR-1201,2027-08,Retail,Kroger,DC-Central,0.05477067977067977,335.0,77.0,335.0,0.0,1.0,1769.34
BTR-1201,2027-08,Retail,Lowe's,DC-Central,0.15166871416871416,928.0,214.0,928.0,0.0,1.0,4901.32
BTR-1201,2027-08,Retail,Target,DC-Central,0.13096334971334972,801.0,185.0,801.0,0.0,1.0,4230.56
BTR-1201,2027-08,Retail,Walmart,DC-East,0.1451167076167076,888.0,205.0,888.0,0.0,1.0,4690.06
BTR-1201,2027-08,Retail,Whole Foods,DC-East,0.04481470106470106,274.0,63.0,274.0,0.0,1.0,1447.16
BTR-1202,2026-09,Ecommerce,Amazon,DC-East,0.12070540572744966,433.0,0.0,433.0,0.0,1.0,2286.93
BTR-1202,2026-09,Retail,Costco,DC-West,0.08952615482384717,321.0,74.0,321.0,0.0,1.0,1695.39
BTR-1202,2026-09,Ecommerce,DTC Shopify,DC-West,0.05731421535528459,205.0,0.0,205.0,0.0,1.0,1082.73
BTR-1202,2026-09,Retail,Home Depot,DC-West,0.21837391269809747,783.0,181.0,783.0,0.0,1.0,4135.49
BTR-1202,2026-09,Retail,Kroger,DC-Central,0.05453389998808436,195.0,45.0,195.0,0.0,1.0,1029.91
BTR-1202,2026-09,Retail,Lowe's,DC-Central,0.13949239385153117,500.0,115.0,500.0,0.0,1.0,2640.8
BTR-1202,2026-09,Retail,Target,DC-Central,0.12308853318504985,441.0,102.0,441.0,0.0,1.0,2329.19
BTR-1202,2026-09,Retail,Walmart,DC-East,0.15172578146721213,544.0,126.0,544.0,0.0,1.0,2873.19
BTR-1202,2026-09,Retail,Whole Foods,DC-East,0.04523970290344362,162.0,37.0,162.0,0.0,1.0,855.62
BTR-1202,2026-10,Ecommerce,Amazon,DC-East,0.12070540572744966,459.0,0.0,459.0,0.0,1.0,2424.25
BTR-1202,2026-10,Retail,Costco,DC-West,0.08952615482384717,341.0,79.0,341.0,0.0,1.0,1801.03
BTR-1202,2026-10,Ecommerce,DTC Shopify,DC-West,0.05731421535528459,218.0,0.0,218.0,0.0,1.0,1151.39
BTR-1202,2026-10,Retail,Home Depot,DC-West,0.21837391269809747,831.0,192.0,831.0,0.0,1.0,4389.01
BTR-1202,2026-10,Retail,Kroger,DC-Central,0.05453389998808436,208.0,48.0,208.0,0.0,1.0,1098.57
BTR-1202,2026-10,Retail,Lowe's,DC-Central,0.13949239385153117,531.0,123.0,531.0,0.0,1.0,2804.53
BTR-1202,2026-10,Retail,Target,DC-Central,0.12308853318504985,468.0,108.0,468.0,0.0,1.0,2471.79
BTR-1202,2026-10,Retail,Walmart,DC-East,0.15172578146721213,577.0,133.0,577.0,0.0,1.0,3047.48
BTR-1202,2026-10,Retail,Whole Foods,DC-East,0.04523970290344362,172.0,40.0,172.0,0.0,1.0,908.44
BTR-1202,2026-11,Ecommerce,Amazon,DC-East,0.12070540572744966,650.0,0.0,650.0,0.0,1.0,3433.04
BTR-1202,2026-11,Retail,Costco,DC-West,0.08952615482384717,482.0,111.0,482.0,0.0,1.0,2545.73
BTR-1202,2026-11,Ecommerce,DTC Shopify,DC-West,0.05731421535528459,309.0,0.0,309.0,0.0,1.0,1632.01
BTR-1202,2026-11,Retail,Home Depot,DC-West,0.21837391269809747,1176.0,272.0,1176.0,0.0,1.0,6211.16
BTR-1202,2026-11,Retail,Kroger,DC-Central,0.05453389998808436,294.0,68.0,294.0,0.0,1.0,1552.79
BTR-1202,2026-11,Retail,Lowe's,DC-Central,0.13949239385153117,751.0,173.0,751.0,0.0,1.0,3966.48
BTR-1202,2026-11,Retail,Target,DC-Central,0.12308853318504985,663.0,153.0,663.0,0.0,1.0,3501.7
BTR-1202,2026-11,Retail,Walmart,DC-East,0.15172578146721213,817.0,189.0,817.0,0.0,1.0,4315.07
BTR-1202,2026-11,Retail,Whole Foods,DC-East,0.04523970290344362,244.0,56.0,244.0,0.0,1.0,1288.71
BTR-1202,2026-12,Ecommerce,Amazon,DC-East,0.12070540572744966,478.0,0.0,478.0,0.0,1.0,2524.6
BTR-1202,2026-12,Retail,Costco,DC-West,0.08952615482384717,354.0,82.0,354.0,0.0,1.0,1869.69
BTR-1202,2026-12,Ecommerce,DTC Shopify,DC-West,0.05731421535528459,227.0,0.0,227.0,0.0,1.0,1198.92
BTR-1202,2026-12,Retail,Home Depot,DC-West,0.21837391269809747,865.0,200.0,865.0,0.0,1.0,4568.58
BTR-1202,2026-12,Retail,Kroger,DC-Central,0.05453389998808436,216.0,50.0,216.0,0.0,1.0,1140.83
BTR-1202,2026-12,Retail,Lowe's,DC-Central,0.13949239385153117,552.0,127.0,552.0,0.0,1.0,2915.44
BTR-1202,2026-12,Retail,Target,DC-Central,0.12308853318504985,487.0,112.0,487.0,0.0,1.0,2572.14
BTR-1202,2026-12,Retail,Walmart,DC-East,0.15172578146721213,601.0,139.0,601.0,0.0,1.0,3174.24
BTR-1202,2026-12,Retail,Whole Foods,DC-East,0.04523970290344362,179.0,41.0,179.0,0.0,1.0,945.41
BTR-1202,2027-01,Ecommerce,Amazon,DC-East,0.12070540572744966,413.0,0.0,413.0,0.0,1.0,2181.3
BTR-1202,2027-01,Retail,Costco,DC-West,0.08952615482384717,306.0,71.0,306.0,0.0,1.0,1616.17
BTR-1202,2027-01,Ecommerce,DTC Shopify,DC-West,0.05731421535528459,196.0,0.0,196.0,0.0,1.0,1035.19
BTR-1202,2027-01,Retail,Home Depot,DC-West,0.21837391269809747,747.0,173.0,747.0,0.0,1.0,3945.36
BTR-1202,2027-01,Retail,Kroger,DC-Central,0.05453389998808436,187.0,43.0,187.0,0.0,1.0,987.66
BTR-1202,2027-01,Retail,Lowe's,DC-Central,0.13949239385153117,477.0,110.0,477.0,0.0,1.0,2519.32
BTR-1202,2027-01,Retail,Target,DC-Central,0.12308853318504985,421.0,97.0,421.0,0.0,1.0,2223.55
BTR-1202,2027-01,Retail,Walmart,DC-East,0.15172578146721213,519.0,120.0,519.0,0.0,1.0,2741.15
BTR-1202,2027-01,Retail,Whole Foods,DC-East,0.04523970290344362,155.0,36.0,155.0,0.0,1.0,818.65
BTR-1202,2027-02,Ecommerce,Amazon,DC-East,0.12070540572744966,452.0,0.0,452.0,0.0,1.0,2387.28
BTR-1202,2027-02,Retail,Costco,DC-West,0.08952615482384717,335.0,77.0,335.0,0.0,1.0,1769.34
BTR-1202,2027-02,Ecommerce,DTC Shopify,DC-West,0.05731421535528459,215.0,0.0,215.0,0.0,1.0,1135.54
BTR-1202,2027-02,Retail,Home Depot,DC-West,0.21837391269809747,818.0,189.0,818.0,0.0,1.0,4320.35
BTR-1202,2027-02,Retail,Kroger,DC-Central,0.05453389998808436,204.0,47.0,204.0,0.0,1.0,1077.45
BTR-1202,2027-02,Retail,Lowe's,DC-Central,0.13949239385153117,522.0,121.0,522.0,0.0,1.0,2757.0
BTR-1202,2027-02,Retail,Target,DC-Central,0.12308853318504985,461.0,106.0,461.0,0.0,1.0,2434.82
BTR-1202,2027-02,Retail,Walmart,DC-East,0.15172578146721213,568.0,131.0,568.0,0.0,1.0,2999.95
BTR-1202,2027-02,Retail,Whole Foods,DC-East,0.04523970290344362,169.0,39.0,169.0,0.0,1.0,892.59
BTR-1202,2027-03,Ecommerce,Amazon,DC-East,0.12070540572744966,555.0,0.0,555.0,0.0,1.0,2931.29
BTR-1202,2027-03,Retail,Costco,DC-West,0.08952615482384717,411.0,95.0,411.0,0.0,1.0,2170.74
BTR-1202,2027-03,Ecommerce,DTC Shopify,DC-West,0.05731421535528459,263.0,0.0,263.0,0.0,1.0,1389.06
BTR-1202,2027-03,Retail,Home Depot,DC-West,0.21837391269809747,1004.0,232.0,1004.0,0.0,1.0,5302.73
BTR-1202,2027-03,Retail,Kroger,DC-Central,0.05453389998808436,251.0,58.0,251.0,0.0,1.0,1325.68
BTR-1202,2027-03,Retail,Lowe's,DC-Central,0.13949239385153117,641.0,148.0,641.0,0.0,1.0,3385.51
BTR-1202,2027-03,Retail,Target,DC-Central,0.12308853318504985,566.0,131.0,566.0,0.0,1.0,2989.39
BTR-1202,2027-03,Retail,Walmart,DC-East,0.15172578146721213,697.0,161.0,697.0,0.0,1.0,3681.28
BTR-1202,2027-03,Retail,Whole Foods,DC-East,0.04523970290344362,208.0,48.0,208.0,0.0,1.0,1098.57
BTR-1202,2027-04,Ecommerce,Amazon,DC-East,0.12070540572744966,628.0,0.0,628.0,0.0,1.0,3316.84
BTR-1202,2027-04,Retail,Costco,DC-West,0.08952615482384717,466.0,108.0,466.0,0.0,1.0,2461.23
BTR-1202,2027-04,Ecommerce,DTC Shopify,DC-West,0.05731421535528459,298.0,0.0,298.0,0.0,1.0,1573.92
BTR-1202,2027-04,Retail,Home Depot,DC-West,0.21837391269809747,1137.0,263.0,1137.0,0.0,1.0,6005.18
BTR-1202,2027-04,Retail,Kroger,DC-Central,0.05453389998808436,284.0,66.0,284.0,0.0,1.0,1499.97
BTR-1202,2027-04,Retail,Lowe's,DC-Central,0.13949239385153117,726.0,168.0,726.0,0.0,1.0,3834.44
BTR-1202,2027-04,Retail,Target,DC-Central,0.12308853318504985,641.0,148.0,641.0,0.0,1.0,3385.51
BTR-1202,2027-04,Retail,Walmart,DC-East,0.15172578146721213,790.0,182.0,790.0,0.0,1.0,4172.46
BTR-1202,2027-04,Retail,Whole Foods,DC-East,0.04523970290344362,236.0,55.0,236.0,0.0,1.0,1246.46
BTR-1202,2027-05,Ecommerce,Amazon,DC-East,0.12070540572744966,557.0,0.0,557.0,0.0,1.0,2941.85
BTR-1202,2027-05,Retail,Costco,DC-West,0.08952615482384717,413.0,95.0,413.0,0.0,1.0,2181.3
BTR-1202,2027-05,Ecommerce,DTC Shopify,DC-West,0.05731421535528459,265.0,0.0,265.0,0.0,1.0,1399.62
BTR-1202,2027-05,Retail,Home Depot,DC-West,0.21837391269809747,1008.0,233.0,1008.0,0.0,1.0,5323.85
BTR-1202,2027-05,Retail,Kroger,DC-Central,0.05453389998808436,252.0,58.0,252.0,0.0,1.0,1330.96
BTR-1202,2027-05,Retail,Lowe's,DC-Central,0.13949239385153117,644.0,149.0,644.0,0.0,1.0,3401.35
BTR-1202,2027-05,Retail,Target,DC-Central,0.12308853318504985,568.0,131.0,568.0,0.0,1.0,2999.95
BTR-1202,2027-05,Retail,Walmart,DC-East,0.15172578146721213,700.0,162.0,700.0,0.0,1.0,3697.12
BTR-1202,2027-05,Retail,Whole Foods,DC-East,0.04523970290344362,209.0,48.0,209.0,0.0,1.0,1103.85
BTR-1202,2027-06,Ecommerce,Amazon,DC-East,0.12070540572744966,437.0,0.0,437.0,0.0,1.0,2308.06
BTR-1202,2027-06,Retail,Costco,DC-West,0.08952615482384717,324.0,75.0,324.0,0.0,1.0,1711.24
BTR-1202,2027-06,Ecommerce,DTC Shopify,DC-West,0.05731421535528459,207.0,0.0,207.0,0.0,1.0,1093.29
BTR-1202,2027-06,Retail,Home Depot,DC-West,0.21837391269809747,790.0,182.0,790.0,0.0,1.0,4172.46
BTR-1202,2027-06,Retail,Kroger,DC-Central,0.05453389998808436,197.0,45.0,197.0,0.0,1.0,1040.48
BTR-1202,2027-06,Retail,Lowe's,DC-Central,0.13949239385153117,505.0,117.0,505.0,0.0,1.0,2667.21
BTR-1202,2027-06,Retail,Target,DC-Central,0.12308853318504985,445.0,103.0,445.0,0.0,1.0,2350.31
BTR-1202,2027-06,Retail,Walmart,DC-East,0.15172578146721213,549.0,127.0,549.0,0.0,1.0,2899.6
BTR-1202,2027-06,Retail,Whole Foods,DC-East,0.04523970290344362,164.0,38.0,164.0,0.0,1.0,866.18
BTR-1202,2027-07,Ecommerce,Amazon,DC-East,0.12070540572744966,386.0,0.0,386.0,0.0,1.0,2038.7
BTR-1202,2027-07,Retail,Costco,DC-West,0.08952615482384717,286.0,66.0,286.0,0.0,1.0,1510.54
BTR-1202,2027-07,Ecommerce,DTC Shopify,DC-West,0.05731421535528459,183.0,0.0,183.0,0.0,1.0,966.53
BTR-1202,2027-07,Retail,Home Depot,DC-West,0.21837391269809747,698.0,161.0,698.0,0.0,1.0,3686.56
BTR-1202,2027-07,Retail,Kroger,DC-Central,0.05453389998808436,174.0,40.0,174.0,0.0,1.0,919.0
BTR-1202,2027-07,Retail,Lowe's,DC-Central,0.13949239385153117,446.0,103.0,446.0,0.0,1.0,2355.59
BTR-1202,2027-07,Retail,Target,DC-Central,0.12308853318504985,394.0,91.0,394.0,0.0,1.0,2080.95
BTR-1202,2027-07,Retail,Walmart,DC-East,0.15172578146721213,485.0,112.0,485.0,0.0,1.0,2561.58
BTR-1202,2027-07,Retail,Whole Foods,DC-East,0.04523970290344362,145.0,33.0,145.0,0.0,1.0,765.83
BTR-1202,2027-08,Ecommerce,Amazon,DC-East,0.12070540572744966,400.0,0.0,400.0,0.0,1.0,2112.64
BTR-1202,2027-08,Retail,Costco,DC-West,0.08952615482384717,297.0,69.0,297.0,0.0,1.0,1568.64
BTR-1202,2027-08,Ecommerce,DTC Shopify,DC-West,0.05731421535528459,190.0,0.0,190.0,0.0,1.0,1003.5
BTR-1202,2027-08,Retail,Home Depot,DC-West,0.21837391269809747,723.0,167.0,723.0,0.0,1.0,3818.6
BTR-1202,2027-08,Retail,Kroger,DC-Central,0.05453389998808436,181.0,42.0,181.0,0.0,1.0,955.97
BTR-1202,2027-08,Retail,Lowe's,DC-Central,0.13949239385153117,462.0,107.0,462.0,0.0,1.0,2440.1
BTR-1202,2027-08,Retail,Target,DC-Central,0.12308853318504985,408.0,94.0,408.0,0.0,1.0,2154.89
BTR-1202,2027-08,Retail,Walmart,DC-East,0.15172578146721213,503.0,116.0,503.0,0.0,1.0,2656.64
BTR-1202,2027-08,Retail,Whole Foods,DC-East,0.04523970290344362,150.0,35.0,150.0,0.0,1.0,792.24
BTR-1203,2026-09,Ecommerce,Amazon,DC-East,0.11874232375337755,335.0,0.0,335.0,0.0,1.0,1769.34
BTR-1203,2026-09,Retail,Costco,DC-West,0.09014984033407025,254.0,59.0,254.0,0.0,1.0,1341.53
BTR-1203,2026-09,Ecommerce,DTC Shopify,DC-West,0.05934659788749693,167.0,0.0,167.0,0.0,1.0,882.03
BTR-1203,2026-09,Retail,Home Depot,DC-West,0.20447064603291576,577.0,133.0,577.0,0.0,1.0,3047.48
BTR-1203,2026-09,Retail,Kroger,DC-Central,0.05973962171456645,169.0,39.0,169.0,0.0,1.0,892.59
BTR-1203,2026-09,Retail,Lowe's,DC-Central,0.14699091132399902,415.0,96.0,415.0,0.0,1.0,2191.86
BTR-1203,2026-09,Retail,Target,DC-Central,0.12758535986244166,360.0,83.0,360.0,0.0,1.0,1901.38
BTR-1203,2026-09,Retail,Walmart,DC-East,0.15008597396217147,424.0,98.0,424.0,0.0,1.0,2239.4
BTR-1203,2026-09,Retail,Whole Foods,DC-East,0.04288872512896094,121.0,28.0,121.0,0.0,1.0,639.07
BTR-1203,2026-10,Ecommerce,Amazon,DC-East,0.11874232375337755,362.0,0.0,362.0,0.0,1.0,1911.94
BTR-1203,2026-10,Retail,Costco,DC-West,0.09014984033407025,275.0,64.0,275.0,0.0,1.0,1452.44
BTR-1203,2026-10,Ecommerce,DTC Shopify,DC-West,0.05934659788749693,181.0,0.0,181.0,0.0,1.0,955.97
BTR-1203,2026-10,Retail,Home Depot,DC-West,0.20447064603291576,624.0,144.0,624.0,0.0,1.0,3295.72
BTR-1203,2026-10,Retail,Kroger,DC-Central,0.05973962171456645,182.0,42.0,182.0,0.0,1.0,961.25
BTR-1203,2026-10,Retail,Lowe's,DC-Central,0.14699091132399902,448.0,103.0,448.0,0.0,1.0,2366.16
BTR-1203,2026-10,Retail,Target,DC-Central,0.12758535986244166,389.0,90.0,389.0,0.0,1.0,2054.54
BTR-1203,2026-10,Retail,Walmart,DC-East,0.15008597396217147,458.0,106.0,458.0,0.0,1.0,2418.97
BTR-1203,2026-10,Retail,Whole Foods,DC-East,0.04288872512896094,131.0,30.0,131.0,0.0,1.0,691.89
BTR-1203,2026-11,Ecommerce,Amazon,DC-East,0.11874232375337755,522.0,0.0,522.0,0.0,1.0,2757.0
BTR-1203,2026-11,Retail,Costco,DC-West,0.09014984033407025,396.0,91.0,396.0,0.0,1.0,2091.51
BTR-1203,2026-11,Ecommerce,DTC Shopify,DC-West,0.05934659788749693,261.0,0.0,261.0,0.0,1.0,1378.5
BTR-1203,2026-11,Retail,Home Depot,DC-West,0.20447064603291576,898.0,207.0,898.0,0.0,1.0,4742.88
BTR-1203,2026-11,Retail,Kroger,DC-Central,0.05973962171456645,262.0,61.0,262.0,0.0,1.0,1383.78
BTR-1203,2026-11,Retail,Lowe's,DC-Central,0.14699091132399902,646.0,149.0,646.0,0.0,1.0,3411.91
BTR-1203,2026-11,Retail,Target,DC-Central,0.12758535986244166,560.0,129.0,560.0,0.0,1.0,2957.7
BTR-1203,2026-11,Retail,Walmart,DC-East,0.15008597396217147,659.0,152.0,659.0,0.0,1.0,3480.57
BTR-1203,2026-11,Retail,Whole Foods,DC-East,0.04288872512896094,188.0,43.0,188.0,0.0,1.0,992.94
BTR-1203,2026-12,Ecommerce,Amazon,DC-East,0.11874232375337755,390.0,0.0,390.0,0.0,1.0,2059.82
BTR-1203,2026-12,Retail,Costco,DC-West,0.09014984033407025,296.0,68.0,296.0,0.0,1.0,1563.35
BTR-1203,2026-12,Ecommerce,DTC Shopify,DC-West,0.05934659788749693,195.0,0.0,195.0,0.0,1.0,1029.91
BTR-1203,2026-12,Retail,Home Depot,DC-West,0.20447064603291576,672.0,155.0,672.0,0.0,1.0,3549.24
BTR-1203,2026-12,Retail,Kroger,DC-Central,0.05973962171456645,196.0,45.0,196.0,0.0,1.0,1035.19
BTR-1203,2026-12,Retail,Lowe's,DC-Central,0.14699091132399902,483.0,112.0,483.0,0.0,1.0,2551.01
BTR-1203,2026-12,Retail,Target,DC-Central,0.12758535986244166,419.0,97.0,419.0,0.0,1.0,2212.99
BTR-1203,2026-12,Retail,Walmart,DC-East,0.15008597396217147,493.0,114.0,493.0,0.0,1.0,2603.83
BTR-1203,2026-12,Retail,Whole Foods,DC-East,0.04288872512896094,141.0,33.0,141.0,0.0,1.0,744.71
BTR-1203,2027-01,Ecommerce,Amazon,DC-East,0.11874232375337755,343.0,0.0,343.0,0.0,1.0,1811.59
BTR-1203,2027-01,Retail,Costco,DC-West,0.09014984033407025,261.0,60.0,261.0,0.0,1.0,1378.5
BTR-1203,2027-01,Ecommerce,DTC Shopify,DC-West,0.05934659788749693,172.0,0.0,172.0,0.0,1.0,908.44
BTR-1203,2027-01,Retail,Home Depot,DC-West,0.20447064603291576,591.0,136.0,591.0,0.0,1.0,3121.43
BTR-1203,2027-01,Retail,Kroger,DC-Central,0.05973962171456645,173.0,40.0,173.0,0.0,1.0,913.72
BTR-1203,2027-01,Retail,Lowe's,DC-Central,0.14699091132399902,425.0,98.0,425.0,0.0,1.0,2244.68
BTR-1203,2027-01,Retail,Target,DC-Central,0.12758535986244166,369.0,85.0,369.0,0.0,1.0,1948.91
BTR-1203,2027-01,Retail,Walmart,DC-East,0.15008597396217147,434.0,100.0,434.0,0.0,1.0,2292.21
BTR-1203,2027-01,Retail,Whole Foods,DC-East,0.04288872512896094,124.0,29.0,124.0,0.0,1.0,654.92
BTR-1203,2027-02,Ecommerce,Amazon,DC-East,0.11874232375337755,382.0,0.0,382.0,0.0,1.0,2017.57
BTR-1203,2027-02,Retail,Costco,DC-West,0.09014984033407025,290.0,67.0,290.0,0.0,1.0,1531.66
BTR-1203,2027-02,Ecommerce,DTC Shopify,DC-West,0.05934659788749693,191.0,0.0,191.0,0.0,1.0,1008.79
BTR-1203,2027-02,Retail,Home Depot,DC-West,0.20447064603291576,658.0,152.0,658.0,0.0,1.0,3475.29
BTR-1203,2027-02,Retail,Kroger,DC-Central,0.05973962171456645,192.0,44.0,192.0,0.0,1.0,1014.07
BTR-1203,2027-02,Retail,Lowe's,DC-Central,0.14699091132399902,473.0,109.0,473.0,0.0,1.0,2498.2
BTR-1203,2027-02,Retail,Target,DC-Central,0.12758535986244166,411.0,95.0,411.0,0.0,1.0,2170.74
BTR-1203,2027-02,Retail,Walmart,DC-East,0.15008597396217147,483.0,112.0,483.0,0.0,1.0,2551.01
BTR-1203,2027-02,Retail,Whole Foods,DC-East,0.04288872512896094,138.0,32.0,138.0,0.0,1.0,728.86
BTR-1203,2027-03,Ecommerce,Amazon,DC-East,0.11874232375337755,478.0,0.0,478.0,0.0,1.0,2524.6
BTR-1203,2027-03,Retail,Costco,DC-West,0.09014984033407025,363.0,84.0,363.0,0.0,1.0,1917.22
BTR-1203,2027-03,Ecommerce,DTC Shopify,DC-West,0.05934659788749693,239.0,0.0,239.0,0.0,1.0,1262.3
BTR-1203,2027-03,Retail,Home Depot,DC-West,0.20447064603291576,823.0,190.0,823.0,0.0,1.0,4346.76
BTR-1203,2027-03,Retail,Kroger,DC-Central,0.05973962171456645,240.0,55.0,240.0,0.0,1.0,1267.58
BTR-1203,2027-03,Retail,Lowe's,DC-Central,0.14699091132399902,591.0,136.0,591.0,0.0,1.0,3121.43
BTR-1203,2027-03,Retail,Target,DC-Central,0.12758535986244166,513.0,118.0,513.0,0.0,1.0,2709.46
BTR-1203,2027-03,Retail,Walmart,DC-East,0.15008597396217147,604.0,139.0,604.0,0.0,1.0,3190.09
BTR-1203,2027-03,Retail,Whole Foods,DC-East,0.04288872512896094,173.0,40.0,173.0,0.0,1.0,913.72
BTR-1203,2027-04,Ecommerce,Amazon,DC-East,0.11874232375337755,551.0,0.0,551.0,0.0,1.0,2910.16
BTR-1203,2027-04,Retail,Costco,DC-West,0.09014984033407025,418.0,97.0,418.0,0.0,1.0,2207.71
BTR-1203,2027-04,Ecommerce,DTC Shopify,DC-West,0.05934659788749693,275.0,0.0,275.0,0.0,1.0,1452.44
BTR-1203,2027-04,Retail,Home Depot,DC-West,0.20447064603291576,949.0,219.0,949.0,0.0,1.0,5012.24
BTR-1203,2027-04,Retail,Kroger,DC-Central,0.05973962171456645,277.0,64.0,277.0,0.0,1.0,1463.0
BTR-1203,2027-04,Retail,Lowe's,DC-Central,0.14699091132399902,682.0,158.0,682.0,0.0,1.0,3602.05
BTR-1203,2027-04,Retail,Target,DC-Central,0.12758535986244166,592.0,137.0,592.0,0.0,1.0,3126.71
BTR-1203,2027-04,Retail,Walmart,DC-East,0.15008597396217147,696.0,161.0,696.0,0.0,1.0,3675.99
BTR-1203,2027-04,Retail,Whole Foods,DC-East,0.04288872512896094,199.0,46.0,199.0,0.0,1.0,1051.04
BTR-1203,2027-05,Ecommerce,Amazon,DC-East,0.11874232375337755,497.0,0.0,497.0,0.0,1.0,2624.96
BTR-1203,2027-05,Retail,Costco,DC-West,0.09014984033407025,377.0,87.0,377.0,0.0,1.0,1991.16
BTR-1203,2027-05,Ecommerce,DTC Shopify,DC-West,0.05934659788749693,248.0,0.0,248.0,0.0,1.0,1309.84
BTR-1203,2027-05,Retail,Home Depot,DC-West,0.20447064603291576,856.0,198.0,856.0,0.0,1.0,4521.05
BTR-1203,2027-05,Retail,Kroger,DC-Central,0.05973962171456645,250.0,58.0,250.0,0.0,1.0,1320.4
BTR-1203,2027-05,Retail,Lowe's,DC-Central,0.14699091132399902,615.0,142.0,615.0,0.0,1.0,3248.18
BTR-1203,2027-05,Retail,Target,DC-Central,0.12758535986244166,534.0,123.0,534.0,0.0,1.0,2820.37
BTR-1203,2027-05,Retail,Walmart,DC-East,0.15008597396217147,628.0,145.0,628.0,0.0,1.0,3316.84
BTR-1203,2027-05,Retail,Whole Foods,DC-East,0.04288872512896094,180.0,42.0,180.0,0.0,1.0,950.69
BTR-1203,2027-06,Ecommerce,Amazon,DC-East,0.11874232375337755,396.0,0.0,396.0,0.0,1.0,2091.51
BTR-1203,2027-06,Retail,Costco,DC-West,0.09014984033407025,301.0,70.0,301.0,0.0,1.0,1589.76
BTR-1203,2027-06,Ecommerce,DTC Shopify,DC-West,0.05934659788749693,198.0,0.0,198.0,0.0,1.0,1045.76
BTR-1203,2027-06,Retail,Home Depot,DC-West,0.20447064603291576,683.0,158.0,683.0,0.0,1.0,3607.33
BTR-1203,2027-06,Retail,Kroger,DC-Central,0.05973962171456645,199.0,46.0,199.0,0.0,1.0,1051.04
BTR-1203,2027-06,Retail,Lowe's,DC-Central,0.14699091132399902,491.0,113.0,491.0,0.0,1.0,2593.27
BTR-1203,2027-06,Retail,Target,DC-Central,0.12758535986244166,426.0,98.0,426.0,0.0,1.0,2249.96
BTR-1203,2027-06,Retail,Walmart,DC-East,0.15008597396217147,501.0,116.0,501.0,0.0,1.0,2646.08
BTR-1203,2027-06,Retail,Whole Foods,DC-East,0.04288872512896094,143.0,33.0,143.0,0.0,1.0,755.27
BTR-1203,2027-07,Ecommerce,Amazon,DC-East,0.11874232375337755,357.0,0.0,357.0,0.0,1.0,1885.53
BTR-1203,2027-07,Retail,Costco,DC-West,0.09014984033407025,271.0,63.0,271.0,0.0,1.0,1431.31
BTR-1203,2027-07,Ecommerce,DTC Shopify,DC-West,0.05934659788749693,178.0,0.0,178.0,0.0,1.0,940.12
BTR-1203,2027-07,Retail,Home Depot,DC-West,0.20447064603291576,614.0,142.0,614.0,0.0,1.0,3242.9
BTR-1203,2027-07,Retail,Kroger,DC-Central,0.05973962171456645,179.0,41.0,179.0,0.0,1.0,945.41
BTR-1203,2027-07,Retail,Lowe's,DC-Central,0.14699091132399902,441.0,102.0,441.0,0.0,1.0,2329.19
BTR-1203,2027-07,Retail,Target,DC-Central,0.12758535986244166,383.0,88.0,383.0,0.0,1.0,2022.85
BTR-1203,2027-07,Retail,Walmart,DC-East,0.15008597396217147,451.0,104.0,451.0,0.0,1.0,2382.0
BTR-1203,2027-07,Retail,Whole Foods,DC-East,0.04288872512896094,129.0,30.0,129.0,0.0,1.0,681.33
BTR-1203,2027-08,Ecommerce,Amazon,DC-East,0.11874232375337755,376.0,0.0,376.0,0.0,1.0,1985.88
BTR-1203,2027-08,Retail,Costco,DC-West,0.09014984033407025,285.0,66.0,285.0,0.0,1.0,1505.26
BTR-1203,2027-08,Ecommerce,DTC Shopify,DC-West,0.05934659788749693,188.0,0.0,188.0,0.0,1.0,992.94
BTR-1203,2027-08,Retail,Home Depot,DC-West,0.20447064603291576,647.0,149.0,647.0,0.0,1.0,3417.2
BTR-1203,2027-08,Retail,Kroger,DC-Central,0.05973962171456645,189.0,44.0,189.0,0.0,1.0,998.22
BTR-1203,2027-08,Retail,Lowe's,DC-Central,0.14699091132399902,465.0,107.0,465.0,0.0,1.0,2455.94
BTR-1203,2027-08,Retail,Target,DC-Central,0.12758535986244166,404.0,93.0,404.0,0.0,1.0,2133.77
BTR-1203,2027-08,Retail,Walmart,DC-East,0.15008597396217147,475.0,110.0,475.0,0.0,1.0,2508.76
BTR-1203,2027-08,Retail,Whole Foods,DC-East,0.04288872512896094,136.0,31.0,136.0,0.0,1.0,718.3
BTR-1204,2026-09,Ecommerce,Amazon,DC-East,0.12062256809338522,299.0,0.0,299.0,0.0,1.0,3638.35
BTR-1204,2026-09,Retail,Costco,DC-West,0.08981841763942931,223.0,52.0,223.0,0.0,1.0,2713.55
BTR-1204,2026-09,Ecommerce,DTC Shopify,DC-West,0.0625810635538262,155.0,0.0,155.0,0.0,1.0,1886.1
BTR-1204,2026-09,Retail,Home Depot,DC-West,0.20119974059662776,499.0,115.0,499.0,0.0,1.0,6072.03
BTR-1204,2026-09,Retail,Kroger,DC-Central,0.060635538261997406,150.0,35.0,150.0,0.0,1.0,1825.26
BTR-1204,2026-09,Retail,Lowe's,DC-Central,0.1445092952875054,358.0,83.0,358.0,0.0,1.0,4356.29
BTR-1204,2026-09,Retail,Target,DC-Central,0.12737786424556852,316.0,73.0,316.0,0.0,1.0,3845.21
BTR-1204,2026-09,Retail,Walmart,DC-East,0.14440121054907046,358.0,83.0,358.0,0.0,1.0,4356.29
BTR-1204,2026-09,Retail,Whole Foods,DC-East,0.04885430177258971,121.0,28.0,121.0,0.0,1.0,1472.38
BTR-1204,2026-10,Ecommerce,Amazon,DC-East,0.12062256809338522,322.0,0.0,322.0,0.0,1.0,3918.22
BTR-1204,2026-10,Retail,Costco,DC-West,0.08981841763942931,240.0,55.0,240.0,0.0,1.0,2920.42
BTR-1204,2026-10,Ecommerce,DTC Shopify,DC-West,0.0625810635538262,167.0,0.0,167.0,0.0,1.0,2032.12
BTR-1204,2026-10,Retail,Home Depot,DC-West,0.20119974059662776,537.0,124.0,537.0,0.0,1.0,6534.43
BTR-1204,2026-10,Retail,Kroger,DC-Central,0.060635538261997406,162.0,37.0,162.0,0.0,1.0,1971.28
BTR-1204,2026-10,Retail,Lowe's,DC-Central,0.1445092952875054,386.0,89.0,386.0,0.0,1.0,4697.0
BTR-1204,2026-10,Retail,Target,DC-Central,0.12737786424556852,340.0,79.0,340.0,0.0,1.0,4137.26
BTR-1204,2026-10,Retail,Walmart,DC-East,0.14440121054907046,385.0,89.0,385.0,0.0,1.0,4684.83
BTR-1204,2026-10,Retail,Whole Foods,DC-East,0.04885430177258971,130.0,30.0,130.0,0.0,1.0,1581.89
BTR-1204,2026-11,Ecommerce,Amazon,DC-East,0.12062256809338522,462.0,0.0,462.0,0.0,1.0,5621.8
BTR-1204,2026-11,Retail,Costco,DC-West,0.08981841763942931,344.0,79.0,344.0,0.0,1.0,4185.93
BTR-1204,2026-11,Ecommerce,DTC Shopify,DC-West,0.0625810635538262,239.0,0.0,239.0,0.0,1.0,2908.25
BTR-1204,2026-11,Retail,Home Depot,DC-West,0.20119974059662776,770.0,178.0,770.0,0.0,1.0,9369.67
BTR-1204,2026-11,Retail,Kroger,DC-Central,0.060635538261997406,232.0,54.0,232.0,0.0,1.0,2823.07
BTR-1204,2026-11,Retail,Lowe's,DC-Central,0.1445092952875054,553.0,128.0,553.0,0.0,1.0,6729.13
BTR-1204,2026-11,Retail,Target,DC-Central,0.12737786424556852,487.0,112.0,487.0,0.0,1.0,5926.01
BTR-1204,2026-11,Retail,Walmart,DC-East,0.14440121054907046,552.0,127.0,552.0,0.0,1.0,6716.96
BTR-1204,2026-11,Retail,Whole Foods,DC-East,0.04885430177258971,187.0,43.0,187.0,0.0,1.0,2275.49
BTR-1204,2026-12,Ecommerce,Amazon,DC-East,0.12062256809338522,344.0,0.0,344.0,0.0,1.0,4185.93
BTR-1204,2026-12,Retail,Costco,DC-West,0.08981841763942931,256.0,59.0,256.0,0.0,1.0,3115.11
BTR-1204,2026-12,Ecommerce,DTC Shopify,DC-West,0.0625810635538262,178.0,0.0,178.0,0.0,1.0,2165.98
BTR-1204,2026-12,Retail,Home Depot,DC-West,0.20119974059662776,574.0,133.0,574.0,0.0,1.0,6984.66
BTR-1204,2026-12,Retail,Kroger,DC-Central,0.060635538261997406,173.0,40.0,173.0,0.0,1.0,2105.13
BTR-1204,2026-12,Retail,Lowe's,DC-Central,0.1445092952875054,412.0,95.0,412.0,0.0,1.0,5013.38
BTR-1204,2026-12,Retail,Target,DC-Central,0.12737786424556852,363.0,84.0,363.0,0.0,1.0,4417.13
BTR-1204,2026-12,Retail,Walmart,DC-East,0.14440121054907046,412.0,95.0,412.0,0.0,1.0,5013.38
BTR-1204,2026-12,Retail,Whole Foods,DC-East,0.04885430177258971,139.0,32.0,139.0,0.0,1.0,1691.41
BTR-1204,2027-01,Ecommerce,Amazon,DC-East,0.12062256809338522,301.0,0.0,301.0,0.0,1.0,3662.69
BTR-1204,2027-01,Retail,Costco,DC-West,0.08981841763942931,224.0,52.0,224.0,0.0,1.0,2725.72
BTR-1204,2027-01,Ecommerce,DTC Shopify,DC-West,0.0625810635538262,156.0,0.0,156.0,0.0,1.0,1898.27
BTR-1204,2027-01,Retail,Home Depot,DC-West,0.20119974059662776,502.0,116.0,502.0,0.0,1.0,6108.54
BTR-1204,2027-01,Retail,Kroger,DC-Central,0.060635538261997406,151.0,35.0,151.0,0.0,1.0,1837.43
BTR-1204,2027-01,Retail,Lowe's,DC-Central,0.1445092952875054,361.0,83.0,361.0,0.0,1.0,4392.79
BTR-1204,2027-01,Retail,Target,DC-Central,0.12737786424556852,318.0,73.0,318.0,0.0,1.0,3869.55
BTR-1204,2027-01,Retail,Walmart,DC-East,0.14440121054907046,361.0,83.0,361.0,0.0,1.0,4392.79
BTR-1204,2027-01,Retail,Whole Foods,DC-East,0.04885430177258971,122.0,28.0,122.0,0.0,1.0,1484.54
BTR-1204,2027-02,Ecommerce,Amazon,DC-East,0.12062256809338522,334.0,0.0,334.0,0.0,1.0,4064.25
BTR-1204,2027-02,Retail,Costco,DC-West,0.08981841763942931,249.0,58.0,249.0,0.0,1.0,3029.93
BTR-1204,2027-02,Ecommerce,DTC Shopify,DC-West,0.0625810635538262,173.0,0.0,173.0,0.0,1.0,2105.13
BTR-1204,2027-02,Retail,Home Depot,DC-West,0.20119974059662776,558.0,129.0,558.0,0.0,1.0,6789.97
BTR-1204,2027-02,Retail,Kroger,DC-Central,0.060635538261997406,168.0,39.0,168.0,0.0,1.0,2044.29
BTR-1204,2027-02,Retail,Lowe's,DC-Central,0.1445092952875054,400.0,92.0,400.0,0.0,1.0,4867.36
BTR-1204,2027-02,Retail,Target,DC-Central,0.12737786424556852,353.0,82.0,353.0,0.0,1.0,4295.45
BTR-1204,2027-02,Retail,Walmart,DC-East,0.14440121054907046,400.0,92.0,400.0,0.0,1.0,4867.36
BTR-1204,2027-02,Retail,Whole Foods,DC-East,0.04885430177258971,135.0,31.0,135.0,0.0,1.0,1642.73
BTR-1204,2027-03,Ecommerce,Amazon,DC-East,0.12062256809338522,416.0,0.0,416.0,0.0,1.0,5062.05
BTR-1204,2027-03,Retail,Costco,DC-West,0.08981841763942931,310.0,72.0,310.0,0.0,1.0,3772.2
BTR-1204,2027-03,Ecommerce,DTC Shopify,DC-West,0.0625810635538262,216.0,0.0,216.0,0.0,1.0,2628.37
BTR-1204,2027-03,Retail,Home Depot,DC-West,0.20119974059662776,694.0,160.0,694.0,0.0,1.0,8444.87
BTR-1204,2027-03,Retail,Kroger,DC-Central,0.060635538261997406,209.0,48.0,209.0,0.0,1.0,2543.2
BTR-1204,2027-03,Retail,Lowe's,DC-Central,0.1445092952875054,498.0,115.0,498.0,0.0,1.0,6059.86
BTR-1204,2027-03,Retail,Target,DC-Central,0.12737786424556852,439.0,101.0,439.0,0.0,1.0,5341.93
BTR-1204,2027-03,Retail,Walmart,DC-East,0.14440121054907046,498.0,115.0,498.0,0.0,1.0,6059.86
BTR-1204,2027-03,Retail,Whole Foods,DC-East,0.04885430177258971,168.0,39.0,168.0,0.0,1.0,2044.29
BTR-1204,2027-04,Ecommerce,Amazon,DC-East,0.12062256809338522,478.0,0.0,478.0,0.0,1.0,5816.5
BTR-1204,2027-04,Retail,Costco,DC-West,0.08981841763942931,356.0,82.0,356.0,0.0,1.0,4331.95
BTR-1204,2027-04,Ecommerce,DTC Shopify,DC-West,0.0625810635538262,248.0,0.0,248.0,0.0,1.0,3017.76
BTR-1204,2027-04,Retail,Home Depot,DC-West,0.20119974059662776,797.0,184.0,797.0,0.0,1.0,9698.21
BTR-1204,2027-04,Retail,Kroger,DC-Central,0.060635538261997406,240.0,55.0,240.0,0.0,1.0,2920.42
BTR-1204,2027-04,Retail,Lowe's,DC-Central,0.1445092952875054,572.0,132.0,572.0,0.0,1.0,6960.32
BTR-1204,2027-04,Retail,Target,DC-Central,0.12737786424556852,504.0,116.0,504.0,0.0,1.0,6132.87
BTR-1204,2027-04,Retail,Walmart,DC-East,0.14440121054907046,572.0,132.0,572.0,0.0,1.0,6960.32
BTR-1204,2027-04,Retail,Whole Foods,DC-East,0.04885430177258971,193.0,45.0,193.0,0.0,1.0,2348.5
BTR-1204,2027-05,Ecommerce,Amazon,DC-East,0.12062256809338522,429.0,0.0,429.0,0.0,1.0,5220.24
BTR-1204,2027-05,Retail,Costco,DC-West,0.08981841763942931,320.0,74.0,320.0,0.0,1.0,3893.89
BTR-1204,2027-05,Ecommerce,DTC Shopify,DC-West,0.0625810635538262,223.0,0.0,223.0,0.0,1.0,2713.55
BTR-1204,2027-05,Retail,Home Depot,DC-West,0.20119974059662776,716.0,165.0,716.0,0.0,1.0,8712.57
BTR-1204,2027-05,Retail,Kroger,DC-Central,0.060635538261997406,216.0,50.0,216.0,0.0,1.0,2628.37
BTR-1204,2027-05,Retail,Lowe's,DC-Central,0.1445092952875054,514.0,119.0,514.0,0.0,1.0,6254.56
BTR-1204,2027-05,Retail,Target,DC-Central,0.12737786424556852,453.0,105.0,453.0,0.0,1.0,5512.29
BTR-1204,2027-05,Retail,Walmart,DC-East,0.14440121054907046,514.0,119.0,514.0,0.0,1.0,6254.56
BTR-1204,2027-05,Retail,Whole Foods,DC-East,0.04885430177258971,174.0,40.0,174.0,0.0,1.0,2117.3
BTR-1204,2027-06,Ecommerce,Amazon,DC-East,0.12062256809338522,341.0,0.0,341.0,0.0,1.0,4149.42
BTR-1204,2027-06,Retail,Costco,DC-West,0.08981841763942931,254.0,59.0,254.0,0.0,1.0,3090.77
BTR-1204,2027-06,Ecommerce,DTC Shopify,DC-West,0.0625810635538262,177.0,0.0,177.0,0.0,1.0,2153.81
BTR-1204,2027-06,Retail,Home Depot,DC-West,0.20119974059662776,569.0,131.0,569.0,0.0,1.0,6923.82
BTR-1204,2027-06,Retail,Kroger,DC-Central,0.060635538261997406,171.0,39.0,171.0,0.0,1.0,2080.8
BTR-1204,2027-06,Retail,Lowe's,DC-Central,0.1445092952875054,409.0,94.0,409.0,0.0,1.0,4976.88
BTR-1204,2027-06,Retail,Target,DC-Central,0.12737786424556852,360.0,83.0,360.0,0.0,1.0,4380.62
BTR-1204,2027-06,Retail,Walmart,DC-East,0.14440121054907046,408.0,94.0,408.0,0.0,1.0,4964.71
BTR-1204,2027-06,Retail,Whole Foods,DC-East,0.04885430177258971,138.0,32.0,138.0,0.0,1.0,1679.24
BTR-1204,2027-07,Ecommerce,Amazon,DC-East,0.12062256809338522,305.0,0.0,305.0,0.0,1.0,3711.36
BTR-1204,2027-07,Retail,Costco,DC-West,0.08981841763942931,227.0,52.0,227.0,0.0,1.0,2762.23
BTR-1204,2027-07,Ecommerce,DTC Shopify,DC-West,0.0625810635538262,158.0,0.0,158.0,0.0,1.0,1922.61
BTR-1204,2027-07,Retail,Home Depot,DC-West,0.20119974059662776,509.0,118.0,509.0,0.0,1.0,6193.72
BTR-1204,2027-07,Retail,Kroger,DC-Central,0.060635538261997406,154.0,36.0,154.0,0.0,1.0,1873.93
BTR-1204,2027-07,Retail,Lowe's,DC-Central,0.1445092952875054,366.0,85.0,366.0,0.0,1.0,4453.63
BTR-1204,2027-07,Retail,Target,DC-Central,0.12737786424556852,323.0,75.0,323.0,0.0,1.0,3930.39
BTR-1204,2027-07,Retail,Walmart,DC-East,0.14440121054907046,366.0,85.0,366.0,0.0,1.0,4453.63
BTR-1204,2027-07,Retail,Whole Foods,DC-East,0.04885430177258971,124.0,29.0,124.0,0.0,1.0,1508.88
BTR-1204,2027-08,Ecommerce,Amazon,DC-East,0.12062256809338522,321.0,0.0,321.0,0.0,1.0,3906.06
BTR-1204,2027-08,Retail,Costco,DC-West,0.08981841763942931,239.0,55.0,239.0,0.0,1.0,2908.25
BTR-1204,2027-08,Ecommerce,DTC Shopify,DC-West,0.0625810635538262,166.0,0.0,166.0,0.0,1.0,2019.95
BTR-1204,2027-08,Retail,Home Depot,DC-West,0.20119974059662776,535.0,124.0,535.0,0.0,1.0,6510.09
BTR-1204,2027-08,Retail,Kroger,DC-Central,0.060635538261997406,161.0,37.0,161.0,0.0,1.0,1959.11
BTR-1204,2027-08,Retail,Lowe's,DC-Central,0.1445092952875054,384.0,89.0,384.0,0.0,1.0,4672.67
BTR-1204,2027-08,Retail,Target,DC-Central,0.12737786424556852,339.0,78.0,339.0,0.0,1.0,4125.09
BTR-1204,2027-08,Retail,Walmart,DC-East,0.14440121054907046,384.0,89.0,384.0,0.0,1.0,4672.67
BTR-1204,2027-08,Retail,Whole Foods,DC-East,0.04885430177258971,130.0,30.0,130.0,0.0,1.0,1581.89
BTR-1205,2026-09,Ecommerce,Amazon,DC-East,0.11101579812709986,232.0,0.0,232.0,0.0,1.0,1411.53
BTR-1205,2026-09,Retail,Costco,DC-West,0.08621059403817286,180.0,42.0,180.0,0.0,1.0,1095.16
BTR-1205,2026-09,Ecommerce,DTC Shopify,DC-West,0.06161984416327114,129.0,0.0,129.0,0.0,1.0,784.86
BTR-1205,2026-09,Retail,Home Depot,DC-West,0.21788548144971048,455.0,105.0,455.0,0.0,1.0,2768.31
BTR-1205,2026-09,Retail,Kroger,DC-Central,0.05397097719636858,113.0,26.0,113.0,0.0,1.0,687.51
BTR-1205,2026-09,Retail,Lowe's,DC-Central,0.14325541496890415,299.0,69.0,299.0,0.0,1.0,1819.18
BTR-1205,2026-09,Retail,Target,DC-Central,0.12395453570662664,259.0,60.0,259.0,0.0,1.0,1575.81
BTR-1205,2026-09,Retail,Walmart,DC-East,0.15805275573665023,330.0,76.0,330.0,0.0,1.0,2007.79
BTR-1205,2026-09,Retail,Whole Foods,DC-East,0.044034598613196085,92.0,21.0,92.0,0.0,1.0,559.75
BTR-1205,2026-10,Ecommerce,Amazon,DC-East,0.11101579812709986,250.0,0.0,250.0,0.0,1.0,1521.05
BTR-1205,2026-10,Retail,Costco,DC-West,0.08621059403817286,194.0,45.0,194.0,0.0,1.0,1180.33
BTR-1205,2026-10,Ecommerce,DTC Shopify,DC-West,0.06161984416327114,139.0,0.0,139.0,0.0,1.0,845.7
BTR-1205,2026-10,Retail,Home Depot,DC-West,0.21788548144971048,491.0,113.0,491.0,0.0,1.0,2987.34
BTR-1205,2026-10,Retail,Kroger,DC-Central,0.05397097719636858,122.0,28.0,122.0,0.0,1.0,742.27
BTR-1205,2026-10,Retail,Lowe's,DC-Central,0.14325541496890415,323.0,75.0,323.0,0.0,1.0,1965.2
BTR-1205,2026-10,Retail,Target,DC-Central,0.12395453570662664,279.0,64.0,279.0,0.0,1.0,1697.49
BTR-1205,2026-10,Retail,Walmart,DC-East,0.15805275573665023,356.0,82.0,356.0,0.0,1.0,2165.98
BTR-1205,2026-10,Retail,Whole Foods,DC-East,0.044034598613196085,99.0,23.0,99.0,0.0,1.0,602.34
BTR-1205,2026-11,Ecommerce,Amazon,DC-East,0.11101579812709986,360.0,0.0,360.0,0.0,1.0,2190.31
BTR-1205,2026-11,Retail,Costco,DC-West,0.08621059403817286,280.0,65.0,280.0,0.0,1.0,1703.58
BTR-1205,2026-11,Ecommerce,DTC Shopify,DC-West,0.06161984416327114,200.0,0.0,200.0,0.0,1.0,1216.84
BTR-1205,2026-11,Retail,Home Depot,DC-West,0.21788548144971048,707.0,163.0,707.0,0.0,1.0,4301.53
BTR-1205,2026-11,Retail,Kroger,DC-Central,0.05397097719636858,175.0,40.0,175.0,0.0,1.0,1064.73
BTR-1205,2026-11,Retail,Lowe's,DC-Central,0.14325541496890415,465.0,107.0,465.0,0.0,1.0,2829.15
BTR-1205,2026-11,Retail,Target,DC-Central,0.12395453570662664,402.0,93.0,402.0,0.0,1.0,2445.85
BTR-1205,2026-11,Retail,Walmart,DC-East,0.15805275573665023,513.0,118.0,513.0,0.0,1.0,3121.19
BTR-1205,2026-11,Retail,Whole Foods,DC-East,0.044034598613196085,143.0,33.0,143.0,0.0,1.0,870.04
BTR-1205,2026-12,Ecommerce,Amazon,DC-East,0.11101579812709986,269.0,0.0,269.0,0.0,1.0,1636.65
BTR-1205,2026-12,Retail,Costco,DC-West,0.08621059403817286,209.0,48.0,209.0,0.0,1.0,1271.6
BTR-1205,2026-12,Ecommerce,DTC Shopify,DC-West,0.06161984416327114,149.0,0.0,149.0,0.0,1.0,906.55
BTR-1205,2026-12,Retail,Home Depot,DC-West,0.21788548144971048,529.0,122.0,529.0,0.0,1.0,3218.54
BTR-1205,2026-12,Retail,Kroger,DC-Central,0.05397097719636858,131.0,30.0,131.0,0.0,1.0,797.03
BTR-1205,2026-12,Retail,Lowe's,DC-Central,0.14325541496890415,348.0,80.0,348.0,0.0,1.0,2117.3
BTR-1205,2026-12,Retail,Target,DC-Central,0.12395453570662664,301.0,70.0,301.0,0.0,1.0,1831.34
BTR-1205,2026-12,Retail,Walmart,DC-East,0.15805275573665023,383.0,88.0,383.0,0.0,1.0,2330.25
BTR-1205,2026-12,Retail,Whole Foods,DC-East,0.044034598613196085,107.0,25.0,107.0,0.0,1.0,651.01
BTR-1205,2027-01,Ecommerce,Amazon,DC-East,0.11101579812709986,237.0,0.0,237.0,0.0,1.0,1441.96
BTR-1205,2027-01,Retail,Costco,DC-West,0.08621059403817286,184.0,42.0,184.0,0.0,1.0,1119.49
BTR-1205,2027-01,Ecommerce,DTC Shopify,DC-West,0.06161984416327114,131.0,0.0,131.0,0.0,1.0,797.03
BTR-1205,2027-01,Retail,Home Depot,DC-West,0.21788548144971048,465.0,107.0,465.0,0.0,1.0,2829.15
BTR-1205,2027-01,Retail,Kroger,DC-Central,0.05397097719636858,115.0,27.0,115.0,0.0,1.0,699.68
BTR-1205,2027-01,Retail,Lowe's,DC-Central,0.14325541496890415,305.0,70.0,305.0,0.0,1.0,1855.68
BTR-1205,2027-01,Retail,Target,DC-Central,0.12395453570662664,264.0,61.0,264.0,0.0,1.0,1606.23
BTR-1205,2027-01,Retail,Walmart,DC-East,0.15805275573665023,337.0,78.0,337.0,0.0,1.0,2050.38
BTR-1205,2027-01,Retail,Whole Foods,DC-East,0.044034598613196085,94.0,22.0,94.0,0.0,1.0,571.91
BTR-1205,2027-02,Ecommerce,Amazon,DC-East,0.11101579812709986,264.0,0.0,264.0,0.0,1.0,1606.23
BTR-1205,2027-02,Retail,Costco,DC-West,0.08621059403817286,205.0,47.0,205.0,0.0,1.0,1247.26
BTR-1205,2027-02,Ecommerce,DTC Shopify,DC-West,0.06161984416327114,146.0,0.0,146.0,0.0,1.0,888.29
BTR-1205,2027-02,Retail,Home Depot,DC-West,0.21788548144971048,517.0,119.0,517.0,0.0,1.0,3145.53
BTR-1205,2027-02,Retail,Kroger,DC-Central,0.05397097719636858,128.0,30.0,128.0,0.0,1.0,778.78
BTR-1205,2027-02,Retail,Lowe's,DC-Central,0.14325541496890415,340.0,79.0,340.0,0.0,1.0,2068.63
BTR-1205,2027-02,Retail,Target,DC-Central,0.12395453570662664,294.0,68.0,294.0,0.0,1.0,1788.75
BTR-1205,2027-02,Retail,Walmart,DC-East,0.15805275573665023,375.0,87.0,375.0,0.0,1.0,2281.57
BTR-1205,2027-02,Retail,Whole Foods,DC-East,0.044034598613196085,105.0,24.0,105.0,0.0,1.0,638.84
BTR-1205,2027-03,Ecommerce,Amazon,DC-East,0.11101579812709986,329.0,0.0,329.0,0.0,1.0,2001.7
BTR-1205,2027-03,Retail,Costco,DC-West,0.08621059403817286,256.0,59.0,256.0,0.0,1.0,1557.56
BTR-1205,2027-03,Ecommerce,DTC Shopify,DC-West,0.06161984416327114,183.0,0.0,183.0,0.0,1.0,1113.41
BTR-1205,2027-03,Retail,Home Depot,DC-West,0.21788548144971048,646.0,149.0,646.0,0.0,1.0,3930.39
BTR-1205,2027-03,Retail,Kroger,DC-Central,0.05397097719636858,160.0,37.0,160.0,0.0,1.0,973.47
BTR-1205,2027-03,Retail,Lowe's,DC-Central,0.14325541496890415,425.0,98.0,425.0,0.0,1.0,2585.78
BTR-1205,2027-03,Retail,Target,DC-Central,0.12395453570662664,368.0,85.0,368.0,0.0,1.0,2238.99
BTR-1205,2027-03,Retail,Walmart,DC-East,0.15805275573665023,469.0,108.0,469.0,0.0,1.0,2853.49
BTR-1205,2027-03,Retail,Whole Foods,DC-East,0.044034598613196085,131.0,30.0,131.0,0.0,1.0,797.03
BTR-1205,2027-04,Ecommerce,Amazon,DC-East,0.11101579812709986,379.0,0.0,379.0,0.0,1.0,2305.91
BTR-1205,2027-04,Retail,Costco,DC-West,0.08621059403817286,295.0,68.0,295.0,0.0,1.0,1794.84
BTR-1205,2027-04,Ecommerce,DTC Shopify,DC-West,0.06161984416327114,211.0,0.0,211.0,0.0,1.0,1283.77
BTR-1205,2027-04,Retail,Home Depot,DC-West,0.21788548144971048,745.0,172.0,745.0,0.0,1.0,4532.73
BTR-1205,2027-04,Retail,Kroger,DC-Central,0.05397097719636858,184.0,42.0,184.0,0.0,1.0,1119.49
BTR-1205,2027-04,Retail,Lowe's,DC-Central,0.14325541496890415,490.0,113.0,490.0,0.0,1.0,2981.26
BTR-1205,2027-04,Retail,Target,DC-Central,0.12395453570662664,424.0,98.0,424.0,0.0,1.0,2579.7
BTR-1205,2027-04,Retail,Walmart,DC-East,0.15805275573665023,540.0,125.0,540.0,0.0,1.0,3285.47
BTR-1205,2027-04,Retail,Whole Foods,DC-East,0.044034598613196085,150.0,35.0,150.0,0.0,1.0,912.63
BTR-1205,2027-05,Ecommerce,Amazon,DC-East,0.11101579812709986,342.0,0.0,342.0,0.0,1.0,2080.8
BTR-1205,2027-05,Retail,Costco,DC-West,0.08621059403817286,266.0,61.0,266.0,0.0,1.0,1618.4
BTR-1205,2027-05,Ecommerce,DTC Shopify,DC-West,0.06161984416327114,190.0,0.0,190.0,0.0,1.0,1156.0
BTR-1205,2027-05,Retail,Home Depot,DC-West,0.21788548144971048,672.0,155.0,672.0,0.0,1.0,4088.58
BTR-1205,2027-05,Retail,Kroger,DC-Central,0.05397097719636858,166.0,38.0,166.0,0.0,1.0,1009.98
BTR-1205,2027-05,Retail,Lowe's,DC-Central,0.14325541496890415,442.0,102.0,442.0,0.0,1.0,2689.22
BTR-1205,2027-05,Retail,Target,DC-Central,0.12395453570662664,382.0,88.0,382.0,0.0,1.0,2324.16
BTR-1205,2027-05,Retail,Walmart,DC-East,0.15805275573665023,487.0,112.0,487.0,0.0,1.0,2963.01
BTR-1205,2027-05,Retail,Whole Foods,DC-East,0.044034598613196085,136.0,31.0,136.0,0.0,1.0,827.45
BTR-1205,2027-06,Ecommerce,Amazon,DC-East,0.11101579812709986,273.0,0.0,273.0,0.0,1.0,1660.99
BTR-1205,2027-06,Retail,Costco,DC-West,0.08621059403817286,212.0,49.0,212.0,0.0,1.0,1289.85
BTR-1205,2027-06,Ecommerce,DTC Shopify,DC-West,0.06161984416327114,151.0,0.0,151.0,0.0,1.0,918.71
BTR-1205,2027-06,Retail,Home Depot,DC-West,0.21788548144971048,535.0,124.0,535.0,0.0,1.0,3255.05
BTR-1205,2027-06,Retail,Kroger,DC-Central,0.05397097719636858,133.0,31.0,133.0,0.0,1.0,809.2
BTR-1205,2027-06,Retail,Lowe's,DC-Central,0.14325541496890415,352.0,81.0,352.0,0.0,1.0,2141.64
BTR-1205,2027-06,Retail,Target,DC-Central,0.12395453570662664,305.0,70.0,305.0,0.0,1.0,1855.68
BTR-1205,2027-06,Retail,Walmart,DC-East,0.15805275573665023,388.0,90.0,388.0,0.0,1.0,2360.67
BTR-1205,2027-06,Retail,Whole Foods,DC-East,0.044034598613196085,108.0,25.0,108.0,0.0,1.0,657.09
BTR-1205,2027-07,Ecommerce,Amazon,DC-East,0.11101579812709986,245.0,0.0,245.0,0.0,1.0,1490.63
BTR-1205,2027-07,Retail,Costco,DC-West,0.08621059403817286,190.0,44.0,190.0,0.0,1.0,1156.0
BTR-1205,2027-07,Ecommerce,DTC Shopify,DC-West,0.06161984416327114,136.0,0.0,136.0,0.0,1.0,827.45
BTR-1205,2027-07,Retail,Home Depot,DC-West,0.21788548144971048,481.0,111.0,481.0,0.0,1.0,2926.5
BTR-1205,2027-07,Retail,Kroger,DC-Central,0.05397097719636858,119.0,27.0,119.0,0.0,1.0,724.02
BTR-1205,2027-07,Retail,Lowe's,DC-Central,0.14325541496890415,316.0,73.0,316.0,0.0,1.0,1922.61
BTR-1205,2027-07,Retail,Target,DC-Central,0.12395453570662664,274.0,63.0,274.0,0.0,1.0,1667.07
BTR-1205,2027-07,Retail,Walmart,DC-East,0.15805275573665023,349.0,81.0,349.0,0.0,1.0,2123.39
BTR-1205,2027-07,Retail,Whole Foods,DC-East,0.044034598613196085,97.0,22.0,97.0,0.0,1.0,590.17
BTR-1205,2027-08,Ecommerce,Amazon,DC-East,0.11101579812709986,258.0,0.0,258.0,0.0,1.0,1569.72
BTR-1205,2027-08,Retail,Costco,DC-West,0.08621059403817286,201.0,46.0,201.0,0.0,1.0,1222.92
BTR-1205,2027-08,Ecommerce,DTC Shopify,DC-West,0.06161984416327114,143.0,0.0,143.0,0.0,1.0,870.04
BTR-1205,2027-08,Retail,Home Depot,DC-West,0.21788548144971048,507.0,117.0,507.0,0.0,1.0,3084.69
BTR-1205,2027-08,Retail,Kroger,DC-Central,0.05397097719636858,126.0,29.0,126.0,0.0,1.0,766.61
BTR-1205,2027-08,Retail,Lowe's,DC-Central,0.14325541496890415,333.0,77.0,333.0,0.0,1.0,2026.04
BTR-1205,2027-08,Retail,Target,DC-Central,0.12395453570662664,289.0,67.0,289.0,0.0,1.0,1758.33
BTR-1205,2027-08,Retail,Walmart,DC-East,0.15805275573665023,368.0,85.0,368.0,0.0,1.0,2238.99
BTR-1205,2027-08,Retail,Whole Foods,DC-East,0.044034598613196085,103.0,24.0,103.0,0.0,1.0,626.67
BTR-2001,2026-09,Ecommerce,Amazon,DC-East,0.10927395759876367,682.0,0.0,682.0,0.0,1.0,2613.76
BTR-2001,2026-09,Retail,Costco,DC-West,0.08114150249816202,507.0,117.0,507.0,0.0,1.0,1943.08
BTR-2001,2026-09,Ecommerce,DTC Shopify,DC-West,0.0553196597098231,345.0,0.0,345.0,0.0,1.0,1322.21
BTR-2001,2026-09,Retail,Home Depot,DC-West,0.19763237257873337,1234.0,285.0,1234.0,0.0,1.0,4729.3
BTR-2001,2026-09,Retail,Kroger,DC-Central,0.07086377890140887,442.0,102.0,442.0,0.0,1.0,1693.96
BTR-2001,2026-09,Retail,Lowe's,DC-Central,0.13526084412369277,844.0,195.0,844.0,0.0,1.0,3234.63
BTR-2001,2026-09,Retail,Target,DC-Central,0.12034689192636049,751.0,173.0,751.0,0.0,1.0,2878.21
BTR-2001,2026-09,Retail,Walmart,DC-East,0.17728698104997825,1107.0,256.0,1107.0,0.0,1.0,4242.58
BTR-2001,2026-09,Retail,Whole Foods,DC-East,0.05287401161307746,330.0,76.0,330.0,0.0,1.0,1264.72
BTR-2001,2026-10,Ecommerce,Amazon,DC-East,0.10927395759876367,859.0,0.0,859.0,0.0,1.0,3292.12
BTR-2001,2026-10,Retail,Costco,DC-West,0.08114150249816202,638.0,147.0,638.0,0.0,1.0,2445.14
BTR-2001,2026-10,Ecommerce,DTC Shopify,DC-West,0.0553196597098231,435.0,0.0,435.0,0.0,1.0,1667.14
BTR-2001,2026-10,Retail,Home Depot,DC-West,0.19763237257873337,1553.0,359.0,1553.0,0.0,1.0,5951.87
BTR-2001,2026-10,Retail,Kroger,DC-Central,0.07086377890140887,557.0,129.0,557.0,0.0,1.0,2134.7
BTR-2001,2026-10,Retail,Lowe's,DC-Central,0.13526084412369277,1063.0,245.0,1063.0,0.0,1.0,4073.95
BTR-2001,2026-10,Retail,Target,DC-Central,0.12034689192636049,946.0,218.0,946.0,0.0,1.0,3625.54
BTR-2001,2026-10,Retail,Walmart,DC-East,0.17728698104997825,1393.0,322.0,1393.0,0.0,1.0,5338.67
BTR-2001,2026-10,Retail,Whole Foods,DC-East,0.05287401161307746,416.0,96.0,416.0,0.0,1.0,1594.32
BTR-2001,2026-11,Ecommerce,Amazon,DC-East,0.10927395759876367,692.0,0.0,692.0,0.0,1.0,2652.09
BTR-2001,2026-11,Retail,Costco,DC-West,0.08114150249816202,514.0,119.0,514.0,0.0,1.0,1969.9
BTR-2001,2026-11,Ecommerce,DTC Shopify,DC-West,0.0553196597098231,351.0,0.0,351.0,0.0,1.0,1345.21
BTR-2001,2026-11,Retail,Home Depot,DC-West,0.19763237257873337,1252.0,289.0,1252.0,0.0,1.0,4798.29
BTR-2001,2026-11,Retail,Kroger,DC-Central,0.07086377890140887,449.0,104.0,449.0,0.0,1.0,1720.79
BTR-2001,2026-11,Retail,Lowe's,DC-Central,0.13526084412369277,857.0,198.0,857.0,0.0,1.0,3284.45
BTR-2001,2026-11,Retail,Target,DC-Central,0.12034689192636049,763.0,176.0,763.0,0.0,1.0,2924.2
BTR-2001,2026-11,Retail,Walmart,DC-East,0.17728698104997825,1123.0,259.0,1123.0,0.0,1.0,4303.9
BTR-2001,2026-11,Retail,Whole Foods,DC-East,0.05287401161307746,335.0,77.0,335.0,0.0,1.0,1283.89
BTR-2001,2026-12,Ecommerce,Amazon,DC-East,0.10927395759876367,606.0,0.0,606.0,0.0,1.0,2322.5
BTR-2001,2026-12,Retail,Costco,DC-West,0.08114150249816202,450.0,104.0,450.0,0.0,1.0,1724.62
BTR-2001,2026-12,Ecommerce,DTC Shopify,DC-West,0.0553196597098231,307.0,0.0,307.0,0.0,1.0,1176.58
BTR-2001,2026-12,Retail,Home Depot,DC-West,0.19763237257873337,1096.0,253.0,1096.0,0.0,1.0,4200.42
BTR-2001,2026-12,Retail,Kroger,DC-Central,0.07086377890140887,393.0,91.0,393.0,0.0,1.0,1506.17
BTR-2001,2026-12,Retail,Lowe's,DC-Central,0.13526084412369277,750.0,173.0,750.0,0.0,1.0,2874.38
BTR-2001,2026-12,Retail,Target,DC-Central,0.12034689192636049,667.0,154.0,667.0,0.0,1.0,2556.28
BTR-2001,2026-12,Retail,Walmart,DC-East,0.17728698104997825,983.0,227.0,983.0,0.0,1.0,3767.35
BTR-2001,2026-12,Retail,Whole Foods,DC-East,0.05287401161307746,293.0,68.0,293.0,0.0,1.0,1122.92
BTR-2001,2027-01,Ecommerce,Amazon,DC-East,0.10927395759876367,1060.0,0.0,1060.0,0.0,1.0,4062.45
BTR-2001,2027-01,Retail,Costco,DC-West,0.08114150249816202,787.0,182.0,787.0,0.0,1.0,3016.18
BTR-2001,2027-01,Ecommerce,DTC Shopify,DC-West,0.0553196597098231,536.0,0.0,536.0,0.0,1.0,2054.22
BTR-2001,2027-01,Retail,Home Depot,DC-West,0.19763237257873337,1916.0,442.0,1916.0,0.0,1.0,7343.07
BTR-2001,2027-01,Retail,Kroger,DC-Central,0.07086377890140887,687.0,159.0,687.0,0.0,1.0,2632.93
BTR-2001,2027-01,Retail,Lowe's,DC-Central,0.13526084412369277,1312.0,303.0,1312.0,0.0,1.0,5028.24
BTR-2001,2027-01,Retail,Target,DC-Central,0.12034689192636049,1167.0,270.0,1167.0,0.0,1.0,4472.53
BTR-2001,2027-01,Retail,Walmart,DC-East,0.17728698104997825,1719.0,397.0,1719.0,0.0,1.0,6588.07
BTR-2001,2027-01,Retail,Whole Foods,DC-East,0.05287401161307746,513.0,118.0,513.0,0.0,1.0,1966.07
BTR-2001,2027-02,Ecommerce,Amazon,DC-East,0.10927395759876367,1484.0,0.0,1484.0,0.0,1.0,5687.43
BTR-2001,2027-02,Retail,Costco,DC-West,0.08114150249816202,1102.0,255.0,1102.0,0.0,1.0,4223.42
BTR-2001,2027-02,Ecommerce,DTC Shopify,DC-West,0.0553196597098231,752.0,0.0,752.0,0.0,1.0,2882.04
BTR-2001,2027-02,Retail,Home Depot,DC-West,0.19763237257873337,2685.0,620.0,2685.0,0.0,1.0,10290.26
BTR-2001,2027-02,Retail,Kroger,DC-Central,0.07086377890140887,963.0,222.0,963.0,0.0,1.0,3690.7
BTR-2001,2027-02,Retail,Lowe's,DC-Central,0.13526084412369277,1838.0,424.0,1838.0,0.0,1.0,7044.14
BTR-2001,2027-02,Retail,Target,DC-Central,0.12034689192636049,1635.0,378.0,1635.0,0.0,1.0,6266.14
BTR-2001,2027-02,Retail,Walmart,DC-East,0.17728698104997825,2408.0,556.0,2408.0,0.0,1.0,9228.66
BTR-2001,2027-02,Retail,Whole Foods,DC-East,0.05287401161307746,718.0,166.0,718.0,0.0,1.0,2751.74
BTR-2001,2027-03,Ecommerce,Amazon,DC-East,0.10927395759876367,1858.0,0.0,1858.0,0.0,1.0,7120.78
BTR-2001,2027-03,Retail,Costco,DC-West,0.08114150249816202,1380.0,319.0,1380.0,0.0,1.0,5288.85
BTR-2001,2027-03,Ecommerce,DTC Shopify,DC-West,0.0553196597098231,941.0,0.0,941.0,0.0,1.0,3606.38
BTR-2001,2027-03,Retail,Home Depot,DC-West,0.19763237257873337,3361.0,776.0,3361.0,0.0,1.0,12881.03
BTR-2001,2027-03,Retail,Kroger,DC-Central,0.07086377890140887,1205.0,278.0,1205.0,0.0,1.0,4618.16
BTR-2001,2027-03,Retail,Lowe's,DC-Central,0.13526084412369277,2300.0,531.0,2300.0,0.0,1.0,8814.75
BTR-2001,2027-03,Retail,Target,DC-Central,0.12034689192636049,2047.0,473.0,2047.0,0.0,1.0,7845.13
BTR-2001,2027-03,Retail,Walmart,DC-East,0.17728698104997825,3015.0,696.0,3015.0,0.0,1.0,11554.99
BTR-2001,2027-03,Retail,Whole Foods,DC-East,0.05287401161307746,899.0,208.0,899.0,0.0,1.0,3445.42
BTR-2001,2027-04,Ecommerce,Amazon,DC-East,0.10927395759876367,1801.0,0.0,1801.0,0.0,1.0,6902.33
BTR-2001,2027-04,Retail,Costco,DC-West,0.08114150249816202,1337.0,309.0,1337.0,0.0,1.0,5124.05
BTR-2001,2027-04,Ecommerce,DTC Shopify,DC-West,0.0553196597098231,912.0,0.0,912.0,0.0,1.0,3495.24
BTR-2001,2027-04,Retail,Home Depot,DC-West,0.19763237257873337,3257.0,752.0,3257.0,0.0,1.0,12482.45
BTR-2001,2027-04,Retail,Kroger,DC-Central,0.07086377890140887,1168.0,270.0,1168.0,0.0,1.0,4476.36
BTR-2001,2027-04,Retail,Lowe's,DC-Central,0.13526084412369277,2229.0,515.0,2229.0,0.0,1.0,8542.64
BTR-2001,2027-04,Retail,Target,DC-Central,0.12034689192636049,1983.0,458.0,1983.0,0.0,1.0,7599.85
BTR-2001,2027-04,Retail,Walmart,DC-East,0.17728698104997825,2921.0,675.0,2921.0,0.0,1.0,11194.73
BTR-2001,2027-04,Retail,Whole Foods,DC-East,0.05287401161307746,871.0,201.0,871.0,0.0,1.0,3338.11
BTR-2001,2027-05,Ecommerce,Amazon,DC-East,0.10927395759876367,1317.0,0.0,1317.0,0.0,1.0,5047.4
BTR-2001,2027-05,Retail,Costco,DC-West,0.08114150249816202,978.0,226.0,978.0,0.0,1.0,3748.18
BTR-2001,2027-05,Ecommerce,DTC Shopify,DC-West,0.0553196597098231,666.0,0.0,666.0,0.0,1.0,2552.45
BTR-2001,2027-05,Retail,Home Depot,DC-West,0.19763237257873337,2381.0,550.0,2381.0,0.0,1.0,9125.18
BTR-2001,2027-05,Retail,Kroger,DC-Central,0.07086377890140887,854.0,197.0,854.0,0.0,1.0,3272.96
BTR-2001,2027-05,Retail,Lowe's,DC-Central,0.13526084412369277,1630.0,376.0,1630.0,0.0,1.0,6246.98
BTR-2001,2027-05,Retail,Target,DC-Central,0.12034689192636049,1450.0,335.0,1450.0,0.0,1.0,5557.12
BTR-2001,2027-05,Retail,Walmart,DC-East,0.17728698104997825,2136.0,493.0,2136.0,0.0,1.0,8186.22
BTR-2001,2027-05,Retail,Whole Foods,DC-East,0.05287401161307746,637.0,147.0,637.0,0.0,1.0,2441.3
BTR-2001,2027-06,Ecommerce,Amazon,DC-East,0.10927395759876367,869.0,0.0,869.0,0.0,1.0,3330.44
BTR-2001,2027-06,Retail,Costco,DC-West,0.08114150249816202,645.0,149.0,645.0,0.0,1.0,2471.96
BTR-2001,2027-06,Ecommerce,DTC Shopify,DC-West,0.0553196597098231,440.0,0.0,440.0,0.0,1.0,1686.3
BTR-2001,2027-06,Retail,Home Depot,DC-West,0.19763237257873337,1571.0,363.0,1571.0,0.0,1.0,6020.86
BTR-2001,2027-06,Retail,Kroger,DC-Central,0.07086377890140887,563.0,130.0,563.0,0.0,1.0,2157.7
BTR-2001,2027-06,Retail,Lowe's,DC-Central,0.13526084412369277,1075.0,248.0,1075.0,0.0,1.0,4119.94
BTR-2001,2027-06,Retail,Target,DC-Central,0.12034689192636049,957.0,221.0,957.0,0.0,1.0,3667.7
BTR-2001,2027-06,Retail,Walmart,DC-East,0.17728698104997825,1409.0,325.0,1409.0,0.0,1.0,5399.99
BTR-2001,2027-06,Retail,Whole Foods,DC-East,0.05287401161307746,420.0,97.0,420.0,0.0,1.0,1609.65
BTR-2001,2027-07,Ecommerce,Amazon,DC-East,0.10927395759876367,759.0,0.0,759.0,0.0,1.0,2908.87
BTR-2001,2027-07,Retail,Costco,DC-West,0.08114150249816202,564.0,130.0,564.0,0.0,1.0,2161.53
BTR-2001,2027-07,Ecommerce,DTC Shopify,DC-West,0.0553196597098231,384.0,0.0,384.0,0.0,1.0,1471.68
BTR-2001,2027-07,Retail,Home Depot,DC-West,0.19763237257873337,1374.0,317.0,1374.0,0.0,1.0,5265.86
BTR-2001,2027-07,Retail,Kroger,DC-Central,0.07086377890140887,493.0,114.0,493.0,0.0,1.0,1889.42
BTR-2001,2027-07,Retail,Lowe's,DC-Central,0.13526084412369277,940.0,217.0,940.0,0.0,1.0,3602.55
BTR-2001,2027-07,Retail,Target,DC-Central,0.12034689192636049,836.0,193.0,836.0,0.0,1.0,3203.97
BTR-2001,2027-07,Retail,Walmart,DC-East,0.17728698104997825,1232.0,285.0,1232.0,0.0,1.0,4721.64
BTR-2001,2027-07,Retail,Whole Foods,DC-East,0.05287401161307746,367.0,85.0,367.0,0.0,1.0,1406.53
BTR-2001,2027-08,Ecommerce,Amazon,DC-East,0.10927395759876367,687.0,0.0,687.0,0.0,1.0,2632.93
BTR-2001,2027-08,Retail,Costco,DC-West,0.08114150249816202,510.0,118.0,510.0,0.0,1.0,1954.58
BTR-2001,2027-08,Ecommerce,DTC Shopify,DC-West,0.0553196597098231,348.0,0.0,348.0,0.0,1.0,1333.71
BTR-2001,2027-08,Retail,Home Depot,DC-West,0.19763237257873337,1243.0,287.0,1243.0,0.0,1.0,4763.8
BTR-2001,2027-08,Retail,Kroger,DC-Central,0.07086377890140887,446.0,103.0,446.0,0.0,1.0,1709.3
BTR-2001,2027-08,Retail,Lowe's,DC-Central,0.13526084412369277,851.0,197.0,851.0,0.0,1.0,3261.46
BTR-2001,2027-08,Retail,Target,DC-Central,0.12034689192636049,757.0,175.0,757.0,0.0,1.0,2901.2
BTR-2001,2027-08,Retail,Walmart,DC-East,0.17728698104997825,1115.0,258.0,1115.0,0.0,1.0,4273.24
BTR-2001,2027-08,Retail,Whole Foods,DC-East,0.05287401161307746,333.0,77.0,333.0,0.0,1.0,1276.22
BTR-2002,2026-09,Ecommerce,Amazon,DC-East,0.11135235180011034,1130.0,0.0,1130.0,0.0,1.0,1097.12
BTR-2002,2026-09,Retail,Costco,DC-West,0.07526116281966863,764.0,176.0,764.0,0.0,1.0,741.77
BTR-2002,2026-09,Ecommerce,DTC Shopify,DC-West,0.05307789503657169,539.0,0.0,539.0,0.0,1.0,523.32
BTR-2002,2026-09,Retail,Home Depot,DC-West,0.1843711626417042,1872.0,432.0,1872.0,0.0,1.0,1817.52
BTR-2002,2026-09,Retail,Kroger,DC-Central,0.07536794148529125,765.0,177.0,765.0,0.0,1.0,742.74
BTR-2002,2026-09,Retail,Lowe's,DC-Central,0.1406097061807051,1427.0,330.0,1427.0,0.0,1.0,1385.47
BTR-2002,2026-09,Retail,Target,DC-Central,0.12171878058763859,1236.0,285.0,1236.0,0.0,1.0,1200.03
BTR-2002,2026-09,Retail,Walmart,DC-East,0.18001103379544767,1827.0,422.0,1827.0,0.0,1.0,1773.83
BTR-2002,2026-09,Retail,Whole Foods,DC-East,0.05822996565286256,591.0,136.0,591.0,0.0,1.0,573.8
BTR-2002,2026-10,Ecommerce,Amazon,DC-East,0.11135235180011034,1443.0,0.0,1443.0,0.0,1.0,1401.01
BTR-2002,2026-10,Retail,Costco,DC-West,0.07526116281966863,975.0,225.0,975.0,0.0,1.0,946.63
BTR-2002,2026-10,Ecommerce,DTC Shopify,DC-West,0.05307789503657169,688.0,0.0,688.0,0.0,1.0,667.98
BTR-2002,2026-10,Retail,Home Depot,DC-West,0.1843711626417042,2389.0,552.0,2389.0,0.0,1.0,2319.48
BTR-2002,2026-10,Retail,Kroger,DC-Central,0.07536794148529125,977.0,226.0,977.0,0.0,1.0,948.57
BTR-2002,2026-10,Retail,Lowe's,DC-Central,0.1406097061807051,1822.0,421.0,1822.0,0.0,1.0,1768.98
BTR-2002,2026-10,Retail,Target,DC-Central,0.12171878058763859,1577.0,364.0,1577.0,0.0,1.0,1531.11
BTR-2002,2026-10,Retail,Walmart,DC-East,0.18001103379544767,2332.0,539.0,2332.0,0.0,1.0,2264.14
BTR-2002,2026-10,Retail,Whole Foods,DC-East,0.05822996565286256,754.0,174.0,754.0,0.0,1.0,732.06
BTR-2002,2026-11,Ecommerce,Amazon,DC-East,0.11135235180011034,1179.0,0.0,1179.0,0.0,1.0,1144.69
BTR-2002,2026-11,Retail,Costco,DC-West,0.07526116281966863,797.0,184.0,797.0,0.0,1.0,773.81
BTR-2002,2026-11,Ecommerce,DTC Shopify,DC-West,0.05307789503657169,562.0,0.0,562.0,0.0,1.0,545.65
BTR-2002,2026-11,Retail,Home Depot,DC-West,0.1843711626417042,1952.0,451.0,1952.0,0.0,1.0,1895.2
BTR-2002,2026-11,Retail,Kroger,DC-Central,0.07536794148529125,798.0,184.0,798.0,0.0,1.0,774.78
BTR-2002,2026-11,Retail,Lowe's,DC-Central,0.1406097061807051,1489.0,344.0,1489.0,0.0,1.0,1445.67
BTR-2002,2026-11,Retail,Target,DC-Central,0.12171878058763859,1289.0,298.0,1289.0,0.0,1.0,1251.49
BTR-2002,2026-11,Retail,Walmart,DC-East,0.18001103379544767,1906.0,440.0,1906.0,0.0,1.0,1850.54
BTR-2002,2026-11,Retail,Whole Foods,DC-East,0.05822996565286256,617.0,142.0,617.0,0.0,1.0,599.05
BTR-2002,2026-12,Ecommerce,Amazon,DC-East,0.11135235180011034,1046.0,0.0,1046.0,0.0,1.0,1015.56
BTR-2002,2026-12,Retail,Costco,DC-West,0.07526116281966863,707.0,163.0,707.0,0.0,1.0,686.43
BTR-2002,2026-12,Ecommerce,DTC Shopify,DC-West,0.05307789503657169,499.0,0.0,499.0,0.0,1.0,484.48
BTR-2002,2026-12,Retail,Home Depot,DC-West,0.1843711626417042,1732.0,400.0,1732.0,0.0,1.0,1681.6
BTR-2002,2026-12,Retail,Kroger,DC-Central,0.07536794148529125,708.0,164.0,708.0,0.0,1.0,687.4
BTR-2002,2026-12,Retail,Lowe's,DC-Central,0.1406097061807051,1321.0,305.0,1321.0,0.0,1.0,1282.56
BTR-2002,2026-12,Retail,Target,DC-Central,0.12171878058763859,1144.0,264.0,1144.0,0.0,1.0,1110.71
BTR-2002,2026-12,Retail,Walmart,DC-East,0.18001103379544767,1691.0,391.0,1691.0,0.0,1.0,1641.79
BTR-2002,2026-12,Retail,Whole Foods,DC-East,0.05822996565286256,547.0,126.0,547.0,0.0,1.0,531.08
BTR-2002,2027-01,Ecommerce,Amazon,DC-East,0.11135235180011034,1855.0,0.0,1855.0,0.0,1.0,1801.02
BTR-2002,2027-01,Retail,Costco,DC-West,0.07526116281966863,1253.0,289.0,1253.0,0.0,1.0,1216.54
BTR-2002,2027-01,Ecommerce,DTC Shopify,DC-West,0.05307789503657169,884.0,0.0,884.0,0.0,1.0,858.28
BTR-2002,2027-01,Retail,Home Depot,DC-West,0.1843711626417042,3071.0,709.0,3071.0,0.0,1.0,2981.63
BTR-2002,2027-01,Retail,Kroger,DC-Central,0.07536794148529125,1255.0,290.0,1255.0,0.0,1.0,1218.48
BTR-2002,2027-01,Retail,Lowe's,DC-Central,0.1406097061807051,2342.0,541.0,2342.0,0.0,1.0,2273.85
BTR-2002,2027-01,Retail,Target,DC-Central,0.12171878058763859,2027.0,468.0,2027.0,0.0,1.0,1968.01
BTR-2002,2027-01,Retail,Walmart,DC-East,0.18001103379544767,2998.0,692.0,2998.0,0.0,1.0,2910.76
BTR-2002,2027-01,Retail,Whole Foods,DC-East,0.05822996565286256,970.0,224.0,970.0,0.0,1.0,941.77
BTR-2002,2027-02,Ecommerce,Amazon,DC-East,0.11135235180011034,2634.0,0.0,2634.0,0.0,1.0,2557.35
BTR-2002,2027-02,Retail,Costco,DC-West,0.07526116281966863,1780.0,411.0,1780.0,0.0,1.0,1728.2
BTR-2002,2027-02,Ecommerce,DTC Shopify,DC-West,0.05307789503657169,1255.0,0.0,1255.0,0.0,1.0,1218.48
BTR-2002,2027-02,Retail,Home Depot,DC-West,0.1843711626417042,4361.0,1007.0,4361.0,0.0,1.0,4234.09
BTR-2002,2027-02,Retail,Kroger,DC-Central,0.07536794148529125,1783.0,412.0,1783.0,0.0,1.0,1731.11
BTR-2002,2027-02,Retail,Lowe's,DC-Central,0.1406097061807051,3326.0,768.0,3326.0,0.0,1.0,3229.21
BTR-2002,2027-02,Retail,Target,DC-Central,0.12171878058763859,2879.0,665.0,2879.0,0.0,1.0,2795.22
BTR-2002,2027-02,Retail,Walmart,DC-East,0.18001103379544767,4257.0,983.0,4257.0,0.0,1.0,4133.12
BTR-2002,2027-02,Retail,Whole Foods,DC-East,0.05822996565286256,1377.0,318.0,1377.0,0.0,1.0,1336.93
BTR-2002,2027-03,Ecommerce,Amazon,DC-East,0.11135235180011034,3342.0,0.0,3342.0,0.0,1.0,3244.75
BTR-2002,2027-03,Retail,Costco,DC-West,0.07526116281966863,2259.0,522.0,2259.0,0.0,1.0,2193.26
BTR-2002,2027-03,Ecommerce,DTC Shopify,DC-West,0.05307789503657169,1593.0,0.0,1593.0,0.0,1.0,1546.64
BTR-2002,2027-03,Retail,Home Depot,DC-West,0.1843711626417042,5534.0,1278.0,5534.0,0.0,1.0,5372.96
BTR-2002,2027-03,Retail,Kroger,DC-Central,0.07536794148529125,2262.0,522.0,2262.0,0.0,1.0,2196.18
BTR-2002,2027-03,Retail,Lowe's,DC-Central,0.1406097061807051,4221.0,975.0,4221.0,0.0,1.0,4098.17
BTR-2002,2027-03,Retail,Target,DC-Central,0.12171878058763859,3654.0,844.0,3654.0,0.0,1.0,3547.67
BTR-2002,2027-03,Retail,Walmart,DC-East,0.18001103379544767,5403.0,1248.0,5403.0,0.0,1.0,5245.77
BTR-2002,2027-03,Retail,Whole Foods,DC-East,0.05822996565286256,1748.0,404.0,1748.0,0.0,1.0,1697.13
BTR-2002,2027-04,Ecommerce,Amazon,DC-East,0.11135235180011034,3283.0,0.0,3283.0,0.0,1.0,3187.46
BTR-2002,2027-04,Retail,Costco,DC-West,0.07526116281966863,2219.0,512.0,2219.0,0.0,1.0,2154.43
BTR-2002,2027-04,Ecommerce,DTC Shopify,DC-West,0.05307789503657169,1565.0,0.0,1565.0,0.0,1.0,1519.46
BTR-2002,2027-04,Retail,Home Depot,DC-West,0.1843711626417042,5435.0,1255.0,5435.0,0.0,1.0,5276.84
BTR-2002,2027-04,Retail,Kroger,DC-Central,0.07536794148529125,2222.0,513.0,2222.0,0.0,1.0,2157.34
BTR-2002,2027-04,Retail,Lowe's,DC-Central,0.1406097061807051,4145.0,957.0,4145.0,0.0,1.0,4024.38
BTR-2002,2027-04,Retail,Target,DC-Central,0.12171878058763859,3588.0,829.0,3588.0,0.0,1.0,3483.59
BTR-2002,2027-04,Retail,Walmart,DC-East,0.18001103379544767,5307.0,1226.0,5307.0,0.0,1.0,5152.57
BTR-2002,2027-04,Retail,Whole Foods,DC-East,0.05822996565286256,1717.0,397.0,1717.0,0.0,1.0,1667.04
BTR-2002,2027-05,Ecommerce,Amazon,DC-East,0.11135235180011034,2433.0,0.0,2433.0,0.0,1.0,2362.2
BTR-2002,2027-05,Retail,Costco,DC-West,0.07526116281966863,1645.0,380.0,1645.0,0.0,1.0,1597.13
BTR-2002,2027-05,Ecommerce,DTC Shopify,DC-West,0.05307789503657169,1160.0,0.0,1160.0,0.0,1.0,1126.24
BTR-2002,2027-05,Retail,Home Depot,DC-West,0.1843711626417042,4029.0,930.0,4029.0,0.0,1.0,3911.76
BTR-2002,2027-05,Retail,Kroger,DC-Central,0.07536794148529125,1647.0,380.0,1647.0,0.0,1.0,1599.07
BTR-2002,2027-05,Retail,Lowe's,DC-Central,0.1406097061807051,3073.0,710.0,3073.0,0.0,1.0,2983.58
BTR-2002,2027-05,Retail,Target,DC-Central,0.12171878058763859,2660.0,614.0,2660.0,0.0,1.0,2582.59
BTR-2002,2027-05,Retail,Walmart,DC-East,0.18001103379544767,3934.0,909.0,3934.0,0.0,1.0,3819.52
BTR-2002,2027-05,Retail,Whole Foods,DC-East,0.05822996565286256,1272.0,294.0,1272.0,0.0,1.0,1234.98
BTR-2002,2027-06,Ecommerce,Amazon,DC-East,0.11135235180011034,1628.0,0.0,1628.0,0.0,1.0,1580.63
BTR-2002,2027-06,Retail,Costco,DC-West,0.07526116281966863,1100.0,254.0,1100.0,0.0,1.0,1067.99
BTR-2002,2027-06,Ecommerce,DTC Shopify,DC-West,0.05307789503657169,776.0,0.0,776.0,0.0,1.0,753.42
BTR-2002,2027-06,Retail,Home Depot,DC-West,0.1843711626417042,2695.0,622.0,2695.0,0.0,1.0,2616.58
BTR-2002,2027-06,Retail,Kroger,DC-Central,0.07536794148529125,1102.0,255.0,1102.0,0.0,1.0,1069.93
BTR-2002,2027-06,Retail,Lowe's,DC-Central,0.1406097061807051,2055.0,475.0,2055.0,0.0,1.0,1995.2
BTR-2002,2027-06,Retail,Target,DC-Central,0.12171878058763859,1779.0,411.0,1779.0,0.0,1.0,1727.23
BTR-2002,2027-06,Retail,Walmart,DC-East,0.18001103379544767,2631.0,608.0,2631.0,0.0,1.0,2554.44
BTR-2002,2027-06,Retail,Whole Foods,DC-East,0.05822996565286256,851.0,197.0,851.0,0.0,1.0,826.24
BTR-2002,2027-07,Ecommerce,Amazon,DC-East,0.11135235180011034,1443.0,0.0,1443.0,0.0,1.0,1401.01
BTR-2002,2027-07,Retail,Costco,DC-West,0.07526116281966863,975.0,225.0,975.0,0.0,1.0,946.63
BTR-2002,2027-07,Ecommerce,DTC Shopify,DC-West,0.05307789503657169,688.0,0.0,688.0,0.0,1.0,667.98
BTR-2002,2027-07,Retail,Home Depot,DC-West,0.1843711626417042,2389.0,552.0,2389.0,0.0,1.0,2319.48
BTR-2002,2027-07,Retail,Kroger,DC-Central,0.07536794148529125,976.0,225.0,976.0,0.0,1.0,947.6
BTR-2002,2027-07,Retail,Lowe's,DC-Central,0.1406097061807051,1822.0,421.0,1822.0,0.0,1.0,1768.98
BTR-2002,2027-07,Retail,Target,DC-Central,0.12171878058763859,1577.0,364.0,1577.0,0.0,1.0,1531.11
BTR-2002,2027-07,Retail,Walmart,DC-East,0.18001103379544767,2332.0,539.0,2332.0,0.0,1.0,2264.14
BTR-2002,2027-07,Retail,Whole Foods,DC-East,0.05822996565286256,754.0,174.0,754.0,0.0,1.0,732.06
BTR-2002,2027-08,Ecommerce,Amazon,DC-East,0.11135235180011034,1323.0,0.0,1323.0,0.0,1.0,1284.5
BTR-2002,2027-08,Retail,Costco,DC-West,0.07526116281966863,894.0,206.0,894.0,0.0,1.0,867.98
BTR-2002,2027-08,Ecommerce,DTC Shopify,DC-West,0.05307789503657169,631.0,0.0,631.0,0.0,1.0,612.64
BTR-2002,2027-08,Retail,Home Depot,DC-West,0.1843711626417042,2191.0,506.0,2191.0,0.0,1.0,2127.24
BTR-2002,2027-08,Retail,Kroger,DC-Central,0.07536794148529125,896.0,207.0,896.0,0.0,1.0,869.93
BTR-2002,2027-08,Retail,Lowe's,DC-Central,0.1406097061807051,1671.0,386.0,1671.0,0.0,1.0,1622.37
BTR-2002,2027-08,Retail,Target,DC-Central,0.12171878058763859,1447.0,334.0,1447.0,0.0,1.0,1404.89
BTR-2002,2027-08,Retail,Walmart,DC-East,0.18001103379544767,2139.0,494.0,2139.0,0.0,1.0,2076.76
BTR-2002,2027-08,Retail,Whole Foods,DC-East,0.05822996565286256,692.0,160.0,692.0,0.0,1.0,671.86
BTR-2003,2026-09,Ecommerce,Amazon,DC-East,0.11015958494779012,754.0,0.0,754.0,0.0,1.0,847.65
BTR-2003,2026-09,Retail,Costco,DC-West,0.07780915479083207,533.0,123.0,533.0,0.0,1.0,599.2
BTR-2003,2026-09,Ecommerce,DTC Shopify,DC-West,0.05608458658961056,384.0,0.0,384.0,0.0,1.0,431.69
BTR-2003,2026-09,Retail,Home Depot,DC-West,0.1801142707033559,1233.0,285.0,1233.0,0.0,1.0,1386.14
BTR-2003,2026-09,Retail,Kroger,DC-Central,0.07346161423786694,503.0,116.0,503.0,0.0,1.0,565.47
BTR-2003,2026-09,Retail,Lowe's,DC-Central,0.13741380442634793,940.0,217.0,940.0,0.0,1.0,1056.75
BTR-2003,2026-09,Retail,Target,DC-Central,0.11846062914559664,811.0,187.0,811.0,0.0,1.0,911.73
BTR-2003,2026-09,Retail,Walmart,DC-East,0.19043803769619755,1303.0,301.0,1303.0,0.0,1.0,1464.83
BTR-2003,2026-09,Retail,Whole Foods,DC-East,0.056058317462402314,384.0,89.0,384.0,0.0,1.0,431.69
BTR-2003,2026-10,Ecommerce,Amazon,DC-East,0.11015958494779012,958.0,0.0,958.0,0.0,1.0,1076.98
BTR-2003,2026-10,Retail,Costco,DC-West,0.07780915479083207,677.0,156.0,677.0,0.0,1.0,761.08
BTR-2003,2026-10,Ecommerce,DTC Shopify,DC-West,0.05608458658961056,488.0,0.0,488.0,0.0,1.0,548.61
BTR-2003,2026-10,Retail,Home Depot,DC-West,0.1801142707033559,1567.0,362.0,1567.0,0.0,1.0,1761.62
BTR-2003,2026-10,Retail,Kroger,DC-Central,0.07346161423786694,639.0,148.0,639.0,0.0,1.0,718.36
BTR-2003,2026-10,Retail,Lowe's,DC-Central,0.13741380442634793,1196.0,276.0,1196.0,0.0,1.0,1344.54
BTR-2003,2026-10,Retail,Target,DC-Central,0.11846062914559664,1031.0,238.0,1031.0,0.0,1.0,1159.05
BTR-2003,2026-10,Retail,Walmart,DC-East,0.19043803769619755,1657.0,383.0,1657.0,0.0,1.0,1862.8
BTR-2003,2026-10,Retail,Whole Foods,DC-East,0.056058317462402314,488.0,113.0,488.0,0.0,1.0,548.61
BTR-2003,2026-11,Ecommerce,Amazon,DC-East,0.11015958494779012,780.0,0.0,780.0,0.0,1.0,876.88
BTR-2003,2026-11,Retail,Costco,DC-West,0.07780915479083207,551.0,127.0,551.0,0.0,1.0,619.43
BTR-2003,2026-11,Ecommerce,DTC Shopify,DC-West,0.05608458658961056,397.0,0.0,397.0,0.0,1.0,446.31
BTR-2003,2026-11,Retail,Home Depot,DC-West,0.1801142707033559,1276.0,295.0,1276.0,0.0,1.0,1434.48
BTR-2003,2026-11,Retail,Kroger,DC-Central,0.07346161423786694,520.0,120.0,520.0,0.0,1.0,584.58
BTR-2003,2026-11,Retail,Lowe's,DC-Central,0.13741380442634793,973.0,225.0,973.0,0.0,1.0,1093.85
BTR-2003,2026-11,Retail,Target,DC-Central,0.11846062914559664,839.0,194.0,839.0,0.0,1.0,943.2
BTR-2003,2026-11,Retail,Walmart,DC-East,0.19043803769619755,1349.0,312.0,1349.0,0.0,1.0,1516.55
BTR-2003,2026-11,Retail,Whole Foods,DC-East,0.056058317462402314,397.0,92.0,397.0,0.0,1.0,446.31
BTR-2003,2026-12,Ecommerce,Amazon,DC-East,0.11015958494779012,689.0,0.0,689.0,0.0,1.0,774.57
BTR-2003,2026-12,Retail,Costco,DC-West,0.07780915479083207,487.0,112.0,487.0,0.0,1.0,547.49
BTR-2003,2026-12,Ecommerce,DTC Shopify,DC-West,0.05608458658961056,351.0,0.0,351.0,0.0,1.0,394.59
BTR-2003,2026-12,Retail,Home Depot,DC-West,0.1801142707033559,1127.0,260.0,1127.0,0.0,1.0,1266.97
BTR-2003,2026-12,Retail,Kroger,DC-Central,0.07346161423786694,460.0,106.0,460.0,0.0,1.0,517.13
BTR-2003,2026-12,Retail,Lowe's,DC-Central,0.13741380442634793,860.0,199.0,860.0,0.0,1.0,966.81
BTR-2003,2026-12,Retail,Target,DC-Central,0.11846062914559664,741.0,171.0,741.0,0.0,1.0,833.03
BTR-2003,2026-12,Retail,Walmart,DC-East,0.19043803769619755,1192.0,275.0,1192.0,0.0,1.0,1340.05
BTR-2003,2026-12,Retail,Whole Foods,DC-East,0.056058317462402314,351.0,81.0,351.0,0.0,1.0,394.59
BTR-2003,2027-01,Ecommerce,Amazon,DC-East,0.11015958494779012,1217.0,0.0,1217.0,0.0,1.0,1368.15
BTR-2003,2027-01,Retail,Costco,DC-West,0.07780915479083207,860.0,199.0,860.0,0.0,1.0,966.81
BTR-2003,2027-01,Ecommerce,DTC Shopify,DC-West,0.05608458658961056,620.0,0.0,620.0,0.0,1.0,697.0
BTR-2003,2027-01,Retail,Home Depot,DC-West,0.1801142707033559,1990.0,460.0,1990.0,0.0,1.0,2237.16
BTR-2003,2027-01,Retail,Kroger,DC-Central,0.07346161423786694,812.0,188.0,812.0,0.0,1.0,912.85
BTR-2003,2027-01,Retail,Lowe's,DC-Central,0.13741380442634793,1518.0,351.0,1518.0,0.0,1.0,1706.54
BTR-2003,2027-01,Retail,Target,DC-Central,0.11846062914559664,1309.0,302.0,1309.0,0.0,1.0,1471.58
BTR-2003,2027-01,Retail,Walmart,DC-East,0.19043803769619755,2104.0,486.0,2104.0,0.0,1.0,2365.32
BTR-2003,2027-01,Retail,Whole Foods,DC-East,0.056058317462402314,619.0,143.0,619.0,0.0,1.0,695.88
BTR-2003,2027-02,Ecommerce,Amazon,DC-East,0.11015958494779012,1721.0,0.0,1721.0,0.0,1.0,1934.75
BTR-2003,2027-02,Retail,Costco,DC-West,0.07780915479083207,1216.0,281.0,1216.0,0.0,1.0,1367.03
BTR-2003,2027-02,Ecommerce,DTC Shopify,DC-West,0.05608458658961056,876.0,0.0,876.0,0.0,1.0,984.8
BTR-2003,2027-02,Retail,Home Depot,DC-West,0.1801142707033559,2814.0,650.0,2814.0,0.0,1.0,3163.5
BTR-2003,2027-02,Retail,Kroger,DC-Central,0.07346161423786694,1148.0,265.0,1148.0,0.0,1.0,1290.58
BTR-2003,2027-02,Retail,Lowe's,DC-Central,0.13741380442634793,2147.0,496.0,2147.0,0.0,1.0,2413.66
BTR-2003,2027-02,Retail,Target,DC-Central,0.11846062914559664,1851.0,427.0,1851.0,0.0,1.0,2080.89
BTR-2003,2027-02,Retail,Walmart,DC-East,0.19043803769619755,2975.0,687.0,2975.0,0.0,1.0,3344.5
BTR-2003,2027-02,Retail,Whole Foods,DC-East,0.056058317462402314,876.0,202.0,876.0,0.0,1.0,984.8
BTR-2003,2027-03,Ecommerce,Amazon,DC-East,0.11015958494779012,2175.0,0.0,2175.0,0.0,1.0,2445.14
BTR-2003,2027-03,Retail,Costco,DC-West,0.07780915479083207,1537.0,355.0,1537.0,0.0,1.0,1727.9
BTR-2003,2027-03,Ecommerce,DTC Shopify,DC-West,0.05608458658961056,1108.0,0.0,1108.0,0.0,1.0,1245.61
BTR-2003,2027-03,Retail,Home Depot,DC-West,0.1801142707033559,3557.0,821.0,3557.0,0.0,1.0,3998.78
BTR-2003,2027-03,Retail,Kroger,DC-Central,0.07346161423786694,1451.0,335.0,1451.0,0.0,1.0,1631.21
BTR-2003,2027-03,Retail,Lowe's,DC-Central,0.13741380442634793,2714.0,627.0,2714.0,0.0,1.0,3051.08
BTR-2003,2027-03,Retail,Target,DC-Central,0.11846062914559664,2339.0,540.0,2339.0,0.0,1.0,2629.5
BTR-2003,2027-03,Retail,Walmart,DC-East,0.19043803769619755,3761.0,869.0,3761.0,0.0,1.0,4228.12
BTR-2003,2027-03,Retail,Whole Foods,DC-East,0.056058317462402314,1107.0,256.0,1107.0,0.0,1.0,1244.49
BTR-2003,2027-04,Ecommerce,Amazon,DC-East,0.11015958494779012,2128.0,0.0,2128.0,0.0,1.0,2392.3
BTR-2003,2027-04,Retail,Costco,DC-West,0.07780915479083207,1503.0,347.0,1503.0,0.0,1.0,1689.67
BTR-2003,2027-04,Ecommerce,DTC Shopify,DC-West,0.05608458658961056,1083.0,0.0,1083.0,0.0,1.0,1217.51
BTR-2003,2027-04,Retail,Home Depot,DC-West,0.1801142707033559,3479.0,803.0,3479.0,0.0,1.0,3911.09
BTR-2003,2027-04,Retail,Kroger,DC-Central,0.07346161423786694,1419.0,328.0,1419.0,0.0,1.0,1595.24
BTR-2003,2027-04,Retail,Lowe's,DC-Central,0.13741380442634793,2654.0,613.0,2654.0,0.0,1.0,2983.63
BTR-2003,2027-04,Retail,Target,DC-Central,0.11846062914559664,2288.0,528.0,2288.0,0.0,1.0,2572.17
BTR-2003,2027-04,Retail,Walmart,DC-East,0.19043803769619755,3679.0,850.0,3679.0,0.0,1.0,4135.93
BTR-2003,2027-04,Retail,Whole Foods,DC-East,0.056058317462402314,1083.0,250.0,1083.0,0.0,1.0,1217.51
BTR-2003,2027-05,Ecommerce,Amazon,DC-East,0.11015958494779012,1571.0,0.0,1571.0,0.0,1.0,1766.12
BTR-2003,2027-05,Retail,Costco,DC-West,0.07780915479083207,1110.0,256.0,1110.0,0.0,1.0,1247.86
BTR-2003,2027-05,Ecommerce,DTC Shopify,DC-West,0.05608458658961056,800.0,0.0,800.0,0.0,1.0,899.36
BTR-2003,2027-05,Retail,Home Depot,DC-West,0.1801142707033559,2568.0,593.0,2568.0,0.0,1.0,2886.95
BTR-2003,2027-05,Retail,Kroger,DC-Central,0.07346161423786694,1048.0,242.0,1048.0,0.0,1.0,1178.16
BTR-2003,2027-05,Retail,Lowe's,DC-Central,0.13741380442634793,1960.0,453.0,1960.0,0.0,1.0,2203.43
BTR-2003,2027-05,Retail,Target,DC-Central,0.11846062914559664,1689.0,390.0,1689.0,0.0,1.0,1898.77
BTR-2003,2027-05,Retail,Walmart,DC-East,0.19043803769619755,2716.0,627.0,2716.0,0.0,1.0,3053.33
BTR-2003,2027-05,Retail,Whole Foods,DC-East,0.056058317462402314,799.0,185.0,799.0,0.0,1.0,898.24
BTR-2003,2027-06,Ecommerce,Amazon,DC-East,0.11015958494779012,1046.0,0.0,1046.0,0.0,1.0,1175.91
BTR-2003,2027-06,Retail,Costco,DC-West,0.07780915479083207,739.0,171.0,739.0,0.0,1.0,830.78
BTR-2003,2027-06,Ecommerce,DTC Shopify,DC-West,0.05608458658961056,533.0,0.0,533.0,0.0,1.0,599.2
BTR-2003,2027-06,Retail,Home Depot,DC-West,0.1801142707033559,1711.0,395.0,1711.0,0.0,1.0,1923.51
BTR-2003,2027-06,Retail,Kroger,DC-Central,0.07346161423786694,698.0,161.0,698.0,0.0,1.0,784.69
BTR-2003,2027-06,Retail,Lowe's,DC-Central,0.13741380442634793,1305.0,301.0,1305.0,0.0,1.0,1467.08
BTR-2003,2027-06,Retail,Target,DC-Central,0.11846062914559664,1125.0,260.0,1125.0,0.0,1.0,1264.73
BTR-2003,2027-06,Retail,Walmart,DC-East,0.19043803769619755,1809.0,418.0,1809.0,0.0,1.0,2033.68
BTR-2003,2027-06,Retail,Whole Foods,DC-East,0.056058317462402314,532.0,123.0,532.0,0.0,1.0,598.07
BTR-2003,2027-07,Ecommerce,Amazon,DC-East,0.11015958494779012,924.0,0.0,924.0,0.0,1.0,1038.76
BTR-2003,2027-07,Retail,Costco,DC-West,0.07780915479083207,652.0,151.0,652.0,0.0,1.0,732.98
BTR-2003,2027-07,Ecommerce,DTC Shopify,DC-West,0.05608458658961056,470.0,0.0,470.0,0.0,1.0,528.37
BTR-2003,2027-07,Retail,Home Depot,DC-West,0.1801142707033559,1510.0,349.0,1510.0,0.0,1.0,1697.54
BTR-2003,2027-07,Retail,Kroger,DC-Central,0.07346161423786694,616.0,142.0,616.0,0.0,1.0,692.51
BTR-2003,2027-07,Retail,Lowe's,DC-Central,0.13741380442634793,1152.0,266.0,1152.0,0.0,1.0,1295.08
BTR-2003,2027-07,Retail,Target,DC-Central,0.11846062914559664,993.0,229.0,993.0,0.0,1.0,1116.33
BTR-2003,2027-07,Retail,Walmart,DC-East,0.19043803769619755,1597.0,369.0,1597.0,0.0,1.0,1795.35
BTR-2003,2027-07,Retail,Whole Foods,DC-East,0.056058317462402314,470.0,109.0,470.0,0.0,1.0,528.37
BTR-2003,2027-08,Ecommerce,Amazon,DC-East,0.11015958494779012,844.0,0.0,844.0,0.0,1.0,948.82
BTR-2003,2027-08,Retail,Costco,DC-West,0.07780915479083207,596.0,138.0,596.0,0.0,1.0,670.02
BTR-2003,2027-08,Ecommerce,DTC Shopify,DC-West,0.05608458658961056,430.0,0.0,430.0,0.0,1.0,483.41
BTR-2003,2027-08,Retail,Home Depot,DC-West,0.1801142707033559,1380.0,319.0,1380.0,0.0,1.0,1551.4
BTR-2003,2027-08,Retail,Kroger,DC-Central,0.07346161423786694,563.0,130.0,563.0,0.0,1.0,632.92
BTR-2003,2027-08,Retail,Lowe's,DC-Central,0.13741380442634793,1053.0,243.0,1053.0,0.0,1.0,1183.78
BTR-2003,2027-08,Retail,Target,DC-Central,0.11846062914559664,908.0,210.0,908.0,0.0,1.0,1020.77
BTR-2003,2027-08,Retail,Walmart,DC-East,0.19043803769619755,1459.0,337.0,1459.0,0.0,1.0,1640.21
BTR-2003,2027-08,Retail,Whole Foods,DC-East,0.056058317462402314,429.0,99.0,429.0,0.0,1.0,482.28
BTR-2004,2026-09,Ecommerce,Amazon,DC-East,0.11076449066050452,490.0,0.0,490.0,0.0,1.0,1185.41
BTR-2004,2026-09,Retail,Costco,DC-West,0.08309262468707876,368.0,85.0,368.0,0.0,1.0,890.27
BTR-2004,2026-09,Ecommerce,DTC Shopify,DC-West,0.05653764683227422,250.0,0.0,250.0,0.0,1.0,604.8
BTR-2004,2026-09,Retail,Home Depot,DC-West,0.17762372424417486,786.0,182.0,786.0,0.0,1.0,1901.49
BTR-2004,2026-09,Retail,Kroger,DC-Central,0.06468322742152899,286.0,66.0,286.0,0.0,1.0,691.89
BTR-2004,2026-09,Retail,Lowe's,DC-Central,0.13697284806470247,606.0,140.0,606.0,0.0,1.0,1466.04
BTR-2004,2026-09,Retail,Target,DC-Central,0.11373002118236088,503.0,116.0,503.0,0.0,1.0,1216.86
BTR-2004,2026-09,Retail,Walmart,DC-East,0.2013479684190256,891.0,206.0,891.0,0.0,1.0,2155.51
BTR-2004,2026-09,Retail,Whole Foods,DC-East,0.0552474484883497,244.0,56.0,244.0,0.0,1.0,590.28
BTR-2004,2026-10,Ecommerce,Amazon,DC-East,0.11076449066050452,623.0,0.0,623.0,0.0,1.0,1507.16
BTR-2004,2026-10,Retail,Costco,DC-West,0.08309262468707876,467.0,108.0,467.0,0.0,1.0,1129.77
BTR-2004,2026-10,Ecommerce,DTC Shopify,DC-West,0.05653764683227422,318.0,0.0,318.0,0.0,1.0,769.31
BTR-2004,2026-10,Retail,Home Depot,DC-West,0.17762372424417486,999.0,231.0,999.0,0.0,1.0,2416.78
BTR-2004,2026-10,Retail,Kroger,DC-Central,0.06468322742152899,364.0,84.0,364.0,0.0,1.0,880.59
BTR-2004,2026-10,Retail,Lowe's,DC-Central,0.13697284806470247,770.0,178.0,770.0,0.0,1.0,1862.78
BTR-2004,2026-10,Retail,Target,DC-Central,0.11373002118236088,640.0,148.0,640.0,0.0,1.0,1548.29
BTR-2004,2026-10,Retail,Walmart,DC-East,0.2013479684190256,1132.0,261.0,1132.0,0.0,1.0,2738.53
BTR-2004,2026-10,Retail,Whole Foods,DC-East,0.0552474484883497,311.0,72.0,311.0,0.0,1.0,752.37
BTR-2004,2026-11,Ecommerce,Amazon,DC-East,0.11076449066050452,507.0,0.0,507.0,0.0,1.0,1226.53
BTR-2004,2026-11,Retail,Costco,DC-West,0.08309262468707876,380.0,88.0,380.0,0.0,1.0,919.3
BTR-2004,2026-11,Ecommerce,DTC Shopify,DC-West,0.05653764683227422,259.0,0.0,259.0,0.0,1.0,626.57
BTR-2004,2026-11,Retail,Home Depot,DC-West,0.17762372424417486,813.0,188.0,813.0,0.0,1.0,1966.81
BTR-2004,2026-11,Retail,Kroger,DC-Central,0.06468322742152899,296.0,68.0,296.0,0.0,1.0,716.08
BTR-2004,2026-11,Retail,Lowe's,DC-Central,0.13697284806470247,627.0,145.0,627.0,0.0,1.0,1516.84
BTR-2004,2026-11,Retail,Target,DC-Central,0.11373002118236088,521.0,120.0,521.0,0.0,1.0,1260.4
BTR-2004,2026-11,Retail,Walmart,DC-East,0.2013479684190256,922.0,213.0,922.0,0.0,1.0,2230.5
BTR-2004,2026-11,Retail,Whole Foods,DC-East,0.0552474484883497,253.0,58.0,253.0,0.0,1.0,612.06
BTR-2004,2026-12,Ecommerce,Amazon,DC-East,0.11076449066050452,448.0,0.0,448.0,0.0,1.0,1083.8
BTR-2004,2026-12,Retail,Costco,DC-West,0.08309262468707876,336.0,78.0,336.0,0.0,1.0,812.85
BTR-2004,2026-12,Ecommerce,DTC Shopify,DC-West,0.05653764683227422,229.0,0.0,229.0,0.0,1.0,554.0
BTR-2004,2026-12,Retail,Home Depot,DC-West,0.17762372424417486,719.0,166.0,719.0,0.0,1.0,1739.4
BTR-2004,2026-12,Retail,Kroger,DC-Central,0.06468322742152899,262.0,61.0,262.0,0.0,1.0,633.83
BTR-2004,2026-12,Retail,Lowe's,DC-Central,0.13697284806470247,554.0,128.0,554.0,0.0,1.0,1340.24
BTR-2004,2026-12,Retail,Target,DC-Central,0.11373002118236088,460.0,106.0,460.0,0.0,1.0,1112.83
BTR-2004,2026-12,Retail,Walmart,DC-East,0.2013479684190256,815.0,188.0,815.0,0.0,1.0,1971.65
BTR-2004,2026-12,Retail,Whole Foods,DC-East,0.0552474484883497,224.0,52.0,224.0,0.0,1.0,541.9
BTR-2004,2027-01,Ecommerce,Amazon,DC-East,0.11076449066050452,791.0,0.0,791.0,0.0,1.0,1913.59
BTR-2004,2027-01,Retail,Costco,DC-West,0.08309262468707876,594.0,137.0,594.0,0.0,1.0,1437.0
BTR-2004,2027-01,Ecommerce,DTC Shopify,DC-West,0.05653764683227422,404.0,0.0,404.0,0.0,1.0,977.36
BTR-2004,2027-01,Retail,Home Depot,DC-West,0.17762372424417486,1269.0,293.0,1269.0,0.0,1.0,3069.96
BTR-2004,2027-01,Retail,Kroger,DC-Central,0.06468322742152899,462.0,107.0,462.0,0.0,1.0,1117.67
BTR-2004,2027-01,Retail,Lowe's,DC-Central,0.13697284806470247,979.0,226.0,979.0,0.0,1.0,2368.4
BTR-2004,2027-01,Retail,Target,DC-Central,0.11373002118236088,812.0,188.0,812.0,0.0,1.0,1964.39
BTR-2004,2027-01,Retail,Walmart,DC-East,0.2013479684190256,1438.0,332.0,1438.0,0.0,1.0,3478.81
BTR-2004,2027-01,Retail,Whole Foods,DC-East,0.0552474484883497,395.0,91.0,395.0,0.0,1.0,955.58
BTR-2004,2027-02,Ecommerce,Amazon,DC-East,0.11076449066050452,1119.0,0.0,1119.0,0.0,1.0,2707.08
BTR-2004,2027-02,Retail,Costco,DC-West,0.08309262468707876,840.0,194.0,840.0,0.0,1.0,2032.13
BTR-2004,2027-02,Ecommerce,DTC Shopify,DC-West,0.05653764683227422,571.0,0.0,571.0,0.0,1.0,1381.36
BTR-2004,2027-02,Retail,Home Depot,DC-West,0.17762372424417486,1795.0,415.0,1795.0,0.0,1.0,4342.46
BTR-2004,2027-02,Retail,Kroger,DC-Central,0.06468322742152899,654.0,151.0,654.0,0.0,1.0,1582.16
BTR-2004,2027-02,Retail,Lowe's,DC-Central,0.13697284806470247,1384.0,320.0,1384.0,0.0,1.0,3348.17
BTR-2004,2027-02,Retail,Target,DC-Central,0.11373002118236088,1149.0,265.0,1149.0,0.0,1.0,2779.66
BTR-2004,2027-02,Retail,Walmart,DC-East,0.2013479684190256,2035.0,470.0,2035.0,0.0,1.0,4923.07
BTR-2004,2027-02,Retail,Whole Foods,DC-East,0.0552474484883497,558.0,129.0,558.0,0.0,1.0,1349.91
BTR-2004,2027-03,Ecommerce,Amazon,DC-East,0.11076449066050452,1415.0,0.0,1415.0,0.0,1.0,3423.17
BTR-2004,2027-03,Retail,Costco,DC-West,0.08309262468707876,1062.0,245.0,1062.0,0.0,1.0,2569.19
BTR-2004,2027-03,Ecommerce,DTC Shopify,DC-West,0.05653764683227422,722.0,0.0,722.0,0.0,1.0,1746.66
BTR-2004,2027-03,Retail,Home Depot,DC-West,0.17762372424417486,2269.0,524.0,2269.0,0.0,1.0,5489.16
BTR-2004,2027-03,Retail,Kroger,DC-Central,0.06468322742152899,826.0,191.0,826.0,0.0,1.0,1998.26
BTR-2004,2027-03,Retail,Lowe's,DC-Central,0.13697284806470247,1750.0,404.0,1750.0,0.0,1.0,4233.6
BTR-2004,2027-03,Retail,Target,DC-Central,0.11373002118236088,1453.0,336.0,1453.0,0.0,1.0,3515.1
BTR-2004,2027-03,Retail,Walmart,DC-East,0.2013479684190256,2573.0,594.0,2573.0,0.0,1.0,6224.6
BTR-2004,2027-03,Retail,Whole Foods,DC-East,0.0552474484883497,706.0,163.0,706.0,0.0,1.0,1707.96
BTR-2004,2027-04,Ecommerce,Amazon,DC-East,0.11076449066050452,1385.0,0.0,1385.0,0.0,1.0,3350.59
BTR-2004,2027-04,Retail,Costco,DC-West,0.08309262468707876,1039.0,240.0,1039.0,0.0,1.0,2513.55
BTR-2004,2027-04,Ecommerce,DTC Shopify,DC-West,0.05653764683227422,707.0,0.0,707.0,0.0,1.0,1710.37
BTR-2004,2027-04,Retail,Home Depot,DC-West,0.17762372424417486,2220.0,513.0,2220.0,0.0,1.0,5370.62
BTR-2004,2027-04,Retail,Kroger,DC-Central,0.06468322742152899,809.0,187.0,809.0,0.0,1.0,1957.13
BTR-2004,2027-04,Retail,Lowe's,DC-Central,0.13697284806470247,1712.0,395.0,1712.0,0.0,1.0,4141.67
BTR-2004,2027-04,Retail,Target,DC-Central,0.11373002118236088,1422.0,328.0,1422.0,0.0,1.0,3440.1
BTR-2004,2027-04,Retail,Walmart,DC-East,0.2013479684190256,2517.0,581.0,2517.0,0.0,1.0,6089.13
BTR-2004,2027-04,Retail,Whole Foods,DC-East,0.0552474484883497,691.0,160.0,691.0,0.0,1.0,1671.67
BTR-2004,2027-05,Ecommerce,Amazon,DC-East,0.11076449066050452,1022.0,0.0,1022.0,0.0,1.0,2472.42
BTR-2004,2027-05,Retail,Costco,DC-West,0.08309262468707876,767.0,177.0,767.0,0.0,1.0,1855.53
BTR-2004,2027-05,Ecommerce,DTC Shopify,DC-West,0.05653764683227422,522.0,0.0,522.0,0.0,1.0,1262.82
BTR-2004,2027-05,Retail,Home Depot,DC-West,0.17762372424417486,1639.0,379.0,1639.0,0.0,1.0,3965.07
BTR-2004,2027-05,Retail,Kroger,DC-Central,0.06468322742152899,597.0,138.0,597.0,0.0,1.0,1444.26
BTR-2004,2027-05,Retail,Lowe's,DC-Central,0.13697284806470247,1264.0,292.0,1264.0,0.0,1.0,3057.87
BTR-2004,2027-05,Retail,Target,DC-Central,0.11373002118236088,1050.0,242.0,1050.0,0.0,1.0,2540.16
BTR-2004,2027-05,Retail,Walmart,DC-East,0.2013479684190256,1858.0,429.0,1858.0,0.0,1.0,4494.87
BTR-2004,2027-05,Retail,Whole Foods,DC-East,0.0552474484883497,510.0,118.0,510.0,0.0,1.0,1233.79
BTR-2004,2027-06,Ecommerce,Amazon,DC-East,0.11076449066050452,681.0,0.0,681.0,0.0,1.0,1647.48
BTR-2004,2027-06,Retail,Costco,DC-West,0.08309262468707876,511.0,118.0,511.0,0.0,1.0,1236.21
BTR-2004,2027-06,Ecommerce,DTC Shopify,DC-West,0.05653764683227422,348.0,0.0,348.0,0.0,1.0,841.88
BTR-2004,2027-06,Retail,Home Depot,DC-West,0.17762372424417486,1092.0,252.0,1092.0,0.0,1.0,2641.77
BTR-2004,2027-06,Retail,Kroger,DC-Central,0.06468322742152899,398.0,92.0,398.0,0.0,1.0,962.84
BTR-2004,2027-06,Retail,Lowe's,DC-Central,0.13697284806470247,842.0,194.0,842.0,0.0,1.0,2036.97
BTR-2004,2027-06,Retail,Target,DC-Central,0.11373002118236088,699.0,161.0,699.0,0.0,1.0,1691.02
BTR-2004,2027-06,Retail,Walmart,DC-East,0.2013479684190256,1238.0,286.0,1238.0,0.0,1.0,2994.97
BTR-2004,2027-06,Retail,Whole Foods,DC-East,0.0552474484883497,340.0,79.0,340.0,0.0,1.0,822.53
BTR-2004,2027-07,Ecommerce,Amazon,DC-East,0.11076449066050452,601.0,0.0,601.0,0.0,1.0,1453.94
BTR-2004,2027-07,Retail,Costco,DC-West,0.08309262468707876,451.0,104.0,451.0,0.0,1.0,1091.06
BTR-2004,2027-07,Ecommerce,DTC Shopify,DC-West,0.05653764683227422,307.0,0.0,307.0,0.0,1.0,742.69
BTR-2004,2027-07,Retail,Home Depot,DC-West,0.17762372424417486,964.0,223.0,964.0,0.0,1.0,2332.11
BTR-2004,2027-07,Retail,Kroger,DC-Central,0.06468322742152899,351.0,81.0,351.0,0.0,1.0,849.14
BTR-2004,2027-07,Retail,Lowe's,DC-Central,0.13697284806470247,744.0,172.0,744.0,0.0,1.0,1799.88
BTR-2004,2027-07,Retail,Target,DC-Central,0.11373002118236088,618.0,143.0,618.0,0.0,1.0,1495.07
BTR-2004,2027-07,Retail,Walmart,DC-East,0.2013479684190256,1093.0,252.0,1093.0,0.0,1.0,2644.19
BTR-2004,2027-07,Retail,Whole Foods,DC-East,0.0552474484883497,300.0,69.0,300.0,0.0,1.0,725.76
BTR-2004,2027-08,Ecommerce,Amazon,DC-East,0.11076449066050452,550.0,0.0,550.0,0.0,1.0,1330.56
BTR-2004,2027-08,Retail,Costco,DC-West,0.08309262468707876,412.0,95.0,412.0,0.0,1.0,996.71
BTR-2004,2027-08,Ecommerce,DTC Shopify,DC-West,0.05653764683227422,281.0,0.0,281.0,0.0,1.0,679.8
BTR-2004,2027-08,Retail,Home Depot,DC-West,0.17762372424417486,881.0,203.0,881.0,0.0,1.0,2131.32
BTR-2004,2027-08,Retail,Kroger,DC-Central,0.06468322742152899,321.0,74.0,321.0,0.0,1.0,776.56
BTR-2004,2027-08,Retail,Lowe's,DC-Central,0.13697284806470247,680.0,157.0,680.0,0.0,1.0,1645.06
BTR-2004,2027-08,Retail,Target,DC-Central,0.11373002118236088,564.0,130.0,564.0,0.0,1.0,1364.43
BTR-2004,2027-08,Retail,Walmart,DC-East,0.2013479684190256,999.0,231.0,999.0,0.0,1.0,2416.78
BTR-2004,2027-08,Retail,Whole Foods,DC-East,0.0552474484883497,274.0,63.0,274.0,0.0,1.0,662.86
BTR-2005,2026-09,Ecommerce,Amazon,DC-East,0.10288508557457213,179.0,0.0,179.0,0.0,1.0,1134.22
BTR-2005,2026-09,Retail,Costco,DC-West,0.08278728606356968,144.0,33.0,144.0,0.0,1.0,912.44
BTR-2005,2026-09,Ecommerce,DTC Shopify,DC-West,0.05300733496332519,92.0,0.0,92.0,0.0,1.0,582.95
BTR-2005,2026-09,Retail,Home Depot,DC-West,0.1878239608801956,327.0,76.0,327.0,0.0,1.0,2072.0
BTR-2005,2026-09,Retail,Kroger,DC-Central,0.06640586797066014,116.0,27.0,116.0,0.0,1.0,735.02
BTR-2005,2026-09,Retail,Lowe's,DC-Central,0.13012224938875305,226.0,52.0,226.0,0.0,1.0,1432.03
BTR-2005,2026-09,Retail,Target,DC-Central,0.12366748166259169,215.0,50.0,215.0,0.0,1.0,1362.33
BTR-2005,2026-09,Retail,Walmart,DC-East,0.1997555012224939,348.0,80.0,348.0,0.0,1.0,2205.07
BTR-2005,2026-09,Retail,Whole Foods,DC-East,0.05354523227383863,93.0,21.0,93.0,0.0,1.0,589.29
BTR-2005,2026-10,Ecommerce,Amazon,DC-East,0.10288508557457213,228.0,0.0,228.0,0.0,1.0,1444.7
BTR-2005,2026-10,Retail,Costco,DC-West,0.08278728606356968,184.0,42.0,184.0,0.0,1.0,1165.9
BTR-2005,2026-10,Ecommerce,DTC Shopify,DC-West,0.05300733496332519,118.0,0.0,118.0,0.0,1.0,747.7
BTR-2005,2026-10,Retail,Home Depot,DC-West,0.1878239608801956,417.0,96.0,417.0,0.0,1.0,2642.28
BTR-2005,2026-10,Retail,Kroger,DC-Central,0.06640586797066014,147.0,34.0,147.0,0.0,1.0,931.45
BTR-2005,2026-10,Retail,Lowe's,DC-Central,0.13012224938875305,289.0,67.0,289.0,0.0,1.0,1831.22
BTR-2005,2026-10,Retail,Target,DC-Central,0.12366748166259169,274.0,63.0,274.0,0.0,1.0,1736.17
BTR-2005,2026-10,Retail,Walmart,DC-East,0.1997555012224939,443.0,102.0,443.0,0.0,1.0,2807.03
BTR-2005,2026-10,Retail,Whole Foods,DC-East,0.05354523227383863,119.0,27.0,119.0,0.0,1.0,754.03
BTR-2005,2026-11,Ecommerce,Amazon,DC-East,0.10288508557457213,186.0,0.0,186.0,0.0,1.0,1178.57
BTR-2005,2026-11,Retail,Costco,DC-West,0.08278728606356968,150.0,35.0,150.0,0.0,1.0,950.46
BTR-2005,2026-11,Ecommerce,DTC Shopify,DC-West,0.05300733496332519,96.0,0.0,96.0,0.0,1.0,608.29
BTR-2005,2026-11,Retail,Home Depot,DC-West,0.1878239608801956,340.0,79.0,340.0,0.0,1.0,2154.38
BTR-2005,2026-11,Retail,Kroger,DC-Central,0.06640586797066014,120.0,28.0,120.0,0.0,1.0,760.37
BTR-2005,2026-11,Retail,Lowe's,DC-Central,0.13012224938875305,236.0,55.0,236.0,0.0,1.0,1495.39
BTR-2005,2026-11,Retail,Target,DC-Central,0.12366748166259169,224.0,52.0,224.0,0.0,1.0,1419.35
BTR-2005,2026-11,Retail,Walmart,DC-East,0.1997555012224939,362.0,84.0,362.0,0.0,1.0,2293.78
BTR-2005,2026-11,Retail,Whole Foods,DC-East,0.05354523227383863,97.0,22.0,97.0,0.0,1.0,614.63
BTR-2005,2026-12,Ecommerce,Amazon,DC-East,0.10288508557457213,165.0,0.0,165.0,0.0,1.0,1045.51
BTR-2005,2026-12,Retail,Costco,DC-West,0.08278728606356968,133.0,31.0,133.0,0.0,1.0,842.74
BTR-2005,2026-12,Ecommerce,DTC Shopify,DC-West,0.05300733496332519,85.0,0.0,85.0,0.0,1.0,538.59
BTR-2005,2026-12,Retail,Home Depot,DC-West,0.1878239608801956,301.0,70.0,301.0,0.0,1.0,1907.26
BTR-2005,2026-12,Retail,Kroger,DC-Central,0.06640586797066014,107.0,25.0,107.0,0.0,1.0,677.99
BTR-2005,2026-12,Retail,Lowe's,DC-Central,0.13012224938875305,209.0,48.0,209.0,0.0,1.0,1324.31
BTR-2005,2026-12,Retail,Target,DC-Central,0.12366748166259169,198.0,46.0,198.0,0.0,1.0,1254.61
BTR-2005,2026-12,Retail,Walmart,DC-East,0.1997555012224939,321.0,74.0,321.0,0.0,1.0,2033.98
BTR-2005,2026-12,Retail,Whole Foods,DC-East,0.05354523227383863,86.0,20.0,86.0,0.0,1.0,544.93
BTR-2005,2027-01,Ecommerce,Amazon,DC-East,0.10288508557457213,293.0,0.0,293.0,0.0,1.0,1856.57
BTR-2005,2027-01,Retail,Costco,DC-West,0.08278728606356968,235.0,54.0,235.0,0.0,1.0,1489.05
BTR-2005,2027-01,Ecommerce,DTC Shopify,DC-West,0.05300733496332519,151.0,0.0,151.0,0.0,1.0,956.8
BTR-2005,2027-01,Retail,Home Depot,DC-West,0.1878239608801956,534.0,123.0,534.0,0.0,1.0,3383.64
BTR-2005,2027-01,Retail,Kroger,DC-Central,0.06640586797066014,189.0,44.0,189.0,0.0,1.0,1197.58
BTR-2005,2027-01,Retail,Lowe's,DC-Central,0.13012224938875305,370.0,85.0,370.0,0.0,1.0,2344.47
BTR-2005,2027-01,Retail,Target,DC-Central,0.12366748166259169,352.0,81.0,352.0,0.0,1.0,2230.41
BTR-2005,2027-01,Retail,Walmart,DC-East,0.1997555012224939,568.0,131.0,568.0,0.0,1.0,3599.08
BTR-2005,2027-01,Retail,Whole Foods,DC-East,0.05354523227383863,152.0,35.0,152.0,0.0,1.0,963.13
BTR-2005,2027-02,Ecommerce,Amazon,DC-East,0.10288508557457213,415.0,0.0,415.0,0.0,1.0,2629.61
BTR-2005,2027-02,Retail,Costco,DC-West,0.08278728606356968,334.0,77.0,334.0,0.0,1.0,2116.36
BTR-2005,2027-02,Ecommerce,DTC Shopify,DC-West,0.05300733496332519,214.0,0.0,214.0,0.0,1.0,1355.99
BTR-2005,2027-02,Retail,Home Depot,DC-West,0.1878239608801956,757.0,175.0,757.0,0.0,1.0,4796.65
BTR-2005,2027-02,Retail,Kroger,DC-Central,0.06640586797066014,268.0,62.0,268.0,0.0,1.0,1698.16
BTR-2005,2027-02,Retail,Lowe's,DC-Central,0.13012224938875305,525.0,121.0,525.0,0.0,1.0,3326.61
BTR-2005,2027-02,Retail,Target,DC-Central,0.12366748166259169,499.0,115.0,499.0,0.0,1.0,3161.86
BTR-2005,2027-02,Retail,Walmart,DC-East,0.1997555012224939,806.0,186.0,806.0,0.0,1.0,5107.14
BTR-2005,2027-02,Retail,Whole Foods,DC-East,0.05354523227383863,216.0,50.0,216.0,0.0,1.0,1368.66
BTR-2005,2027-03,Ecommerce,Amazon,DC-East,0.10288508557457213,526.0,0.0,526.0,0.0,1.0,3332.95
BTR-2005,2027-03,Retail,Costco,DC-West,0.08278728606356968,423.0,98.0,423.0,0.0,1.0,2680.3
BTR-2005,2027-03,Ecommerce,DTC Shopify,DC-West,0.05300733496332519,271.0,0.0,271.0,0.0,1.0,1717.16
BTR-2005,2027-03,Retail,Home Depot,DC-West,0.1878239608801956,961.0,222.0,961.0,0.0,1.0,6089.28
BTR-2005,2027-03,Retail,Kroger,DC-Central,0.06640586797066014,340.0,79.0,340.0,0.0,1.0,2154.38
BTR-2005,2027-03,Retail,Lowe's,DC-Central,0.13012224938875305,665.0,154.0,665.0,0.0,1.0,4213.71
BTR-2005,2027-03,Retail,Target,DC-Central,0.12366748166259169,632.0,146.0,632.0,0.0,1.0,4004.6
BTR-2005,2027-03,Retail,Walmart,DC-East,0.1997555012224939,1022.0,236.0,1022.0,0.0,1.0,6475.8
BTR-2005,2027-03,Retail,Whole Foods,DC-East,0.05354523227383863,274.0,63.0,274.0,0.0,1.0,1736.17
BTR-2005,2027-04,Ecommerce,Amazon,DC-East,0.10288508557457213,516.0,0.0,516.0,0.0,1.0,3269.58
BTR-2005,2027-04,Retail,Costco,DC-West,0.08278728606356968,415.0,96.0,415.0,0.0,1.0,2629.61
BTR-2005,2027-04,Ecommerce,DTC Shopify,DC-West,0.05300733496332519,266.0,0.0,266.0,0.0,1.0,1685.48
BTR-2005,2027-04,Retail,Home Depot,DC-West,0.1878239608801956,943.0,218.0,943.0,0.0,1.0,5975.23
BTR-2005,2027-04,Retail,Kroger,DC-Central,0.06640586797066014,333.0,77.0,333.0,0.0,1.0,2110.02
BTR-2005,2027-04,Retail,Lowe's,DC-Central,0.13012224938875305,653.0,151.0,653.0,0.0,1.0,4137.67
BTR-2005,2027-04,Retail,Target,DC-Central,0.12366748166259169,621.0,143.0,621.0,0.0,1.0,3934.9
BTR-2005,2027-04,Retail,Walmart,DC-East,0.1997555012224939,1002.0,231.0,1002.0,0.0,1.0,6349.07
BTR-2005,2027-04,Retail,Whole Foods,DC-East,0.05354523227383863,269.0,62.0,269.0,0.0,1.0,1704.49
BTR-2005,2027-05,Ecommerce,Amazon,DC-East,0.10288508557457213,382.0,0.0,382.0,0.0,1.0,2420.5
BTR-2005,2027-05,Retail,Costco,DC-West,0.08278728606356968,308.0,71.0,308.0,0.0,1.0,1951.61
BTR-2005,2027-05,Ecommerce,DTC Shopify,DC-West,0.05300733496332519,197.0,0.0,197.0,0.0,1.0,1248.27
BTR-2005,2027-05,Retail,Home Depot,DC-West,0.1878239608801956,698.0,161.0,698.0,0.0,1.0,4422.81
BTR-2005,2027-05,Retail,Kroger,DC-Central,0.06640586797066014,247.0,57.0,247.0,0.0,1.0,1565.09
BTR-2005,2027-05,Retail,Lowe's,DC-Central,0.13012224938875305,483.0,112.0,483.0,0.0,1.0,3060.48
BTR-2005,2027-05,Retail,Target,DC-Central,0.12366748166259169,459.0,106.0,459.0,0.0,1.0,2908.41
BTR-2005,2027-05,Retail,Walmart,DC-East,0.1997555012224939,742.0,171.0,742.0,0.0,1.0,4701.61
BTR-2005,2027-05,Retail,Whole Foods,DC-East,0.05354523227383863,199.0,46.0,199.0,0.0,1.0,1260.94
BTR-2005,2027-06,Ecommerce,Amazon,DC-East,0.10288508557457213,255.0,0.0,255.0,0.0,1.0,1615.78
BTR-2005,2027-06,Retail,Costco,DC-West,0.08278728606356968,206.0,48.0,206.0,0.0,1.0,1305.3
BTR-2005,2027-06,Ecommerce,DTC Shopify,DC-West,0.05300733496332519,132.0,0.0,132.0,0.0,1.0,836.4
BTR-2005,2027-06,Retail,Home Depot,DC-West,0.1878239608801956,466.0,108.0,466.0,0.0,1.0,2952.76
BTR-2005,2027-06,Retail,Kroger,DC-Central,0.06640586797066014,165.0,38.0,165.0,0.0,1.0,1045.51
BTR-2005,2027-06,Retail,Lowe's,DC-Central,0.13012224938875305,323.0,75.0,323.0,0.0,1.0,2046.66
BTR-2005,2027-06,Retail,Target,DC-Central,0.12366748166259169,307.0,71.0,307.0,0.0,1.0,1945.27
BTR-2005,2027-06,Retail,Walmart,DC-East,0.1997555012224939,496.0,115.0,496.0,0.0,1.0,3142.85
BTR-2005,2027-06,Retail,Whole Foods,DC-East,0.05354523227383863,133.0,31.0,133.0,0.0,1.0,842.74
BTR-2005,2027-07,Ecommerce,Amazon,DC-East,0.10288508557457213,226.0,0.0,226.0,0.0,1.0,1432.03
BTR-2005,2027-07,Retail,Costco,DC-West,0.08278728606356968,182.0,42.0,182.0,0.0,1.0,1153.22
BTR-2005,2027-07,Ecommerce,DTC Shopify,DC-West,0.05300733496332519,117.0,0.0,117.0,0.0,1.0,741.36
BTR-2005,2027-07,Retail,Home Depot,DC-West,0.1878239608801956,413.0,95.0,413.0,0.0,1.0,2616.93
BTR-2005,2027-07,Retail,Kroger,DC-Central,0.06640586797066014,146.0,34.0,146.0,0.0,1.0,925.11
BTR-2005,2027-07,Retail,Lowe's,DC-Central,0.13012224938875305,286.0,66.0,286.0,0.0,1.0,1812.21
BTR-2005,2027-07,Retail,Target,DC-Central,0.12366748166259169,272.0,63.0,272.0,0.0,1.0,1723.5
BTR-2005,2027-07,Retail,Walmart,DC-East,0.1997555012224939,439.0,101.0,439.0,0.0,1.0,2781.68
BTR-2005,2027-07,Retail,Whole Foods,DC-East,0.05354523227383863,118.0,27.0,118.0,0.0,1.0,747.7
BTR-2005,2027-08,Ecommerce,Amazon,DC-East,0.10288508557457213,207.0,0.0,207.0,0.0,1.0,1311.63
BTR-2005,2027-08,Retail,Costco,DC-West,0.08278728606356968,167.0,39.0,167.0,0.0,1.0,1058.18
BTR-2005,2027-08,Ecommerce,DTC Shopify,DC-West,0.05300733496332519,107.0,0.0,107.0,0.0,1.0,677.99
BTR-2005,2027-08,Retail,Home Depot,DC-West,0.1878239608801956,378.0,87.0,378.0,0.0,1.0,2395.16
BTR-2005,2027-08,Retail,Kroger,DC-Central,0.06640586797066014,134.0,31.0,134.0,0.0,1.0,849.08
BTR-2005,2027-08,Retail,Lowe's,DC-Central,0.13012224938875305,262.0,61.0,262.0,0.0,1.0,1660.14
BTR-2005,2027-08,Retail,Target,DC-Central,0.12366748166259169,249.0,58.0,249.0,0.0,1.0,1577.76
BTR-2005,2027-08,Retail,Walmart,DC-East,0.1997555012224939,403.0,93.0,403.0,0.0,1.0,2553.57
BTR-2005,2027-08,Retail,Whole Foods,DC-East,0.05354523227383863,108.0,25.0,108.0,0.0,1.0,684.33
BTR-2101,2026-09,Ecommerce,Amazon,DC-East,0.03219876889331696,677.0,0.0,677.0,0.0,1.0,2911.1
BTR-2101,2026-09,Retail,Costco,DC-West,0.0770831885199688,1621.0,374.0,1621.0,0.0,1.0,6970.3
BTR-2101,2026-09,Ecommerce,DTC Shopify,DC-West,0.010584891525135738,223.0,0.0,223.0,0.0,1.0,958.9
BTR-2101,2026-09,Retail,Home Depot,DC-West,0.3126501231879021,6573.0,1518.0,6573.0,0.0,1.0,28263.9
BTR-2101,2026-09,Retail,Kroger,DC-Central,0.048533716412953655,1020.0,236.0,1020.0,0.0,1.0,4386.0
BTR-2101,2026-09,Retail,Lowe's,DC-Central,0.19839817110374816,4171.0,963.0,4171.0,0.0,1.0,17935.3
BTR-2101,2026-09,Retail,Target,DC-Central,0.12243487260285611,2574.0,594.0,2574.0,0.0,1.0,11068.2
BTR-2101,2026-09,Retail,Walmart,DC-East,0.15634823173227677,3287.0,759.0,3287.0,0.0,1.0,14134.1
BTR-2101,2026-09,Retail,Whole Foods,DC-East,0.04176803602184172,878.0,203.0,878.0,0.0,1.0,3775.4
BTR-2101,2026-10,Ecommerce,Amazon,DC-East,0.03219876889331696,860.0,0.0,860.0,0.0,1.0,3698.0
BTR-2101,2026-10,Retail,Costco,DC-West,0.0770831885199688,2059.0,476.0,2059.0,0.0,1.0,8853.7
BTR-2101,2026-10,Ecommerce,DTC Shopify,DC-West,0.010584891525135738,283.0,0.0,283.0,0.0,1.0,1216.9
BTR-2101,2026-10,Retail,Home Depot,DC-West,0.3126501231879021,8352.0,1929.0,8352.0,0.0,1.0,35913.6
BTR-2101,2026-10,Retail,Kroger,DC-Central,0.048533716412953655,1297.0,300.0,1297.0,0.0,1.0,5577.1
BTR-2101,2026-10,Retail,Lowe's,DC-Central,0.19839817110374816,5300.0,1224.0,5300.0,0.0,1.0,22790.0
BTR-2101,2026-10,Retail,Target,DC-Central,0.12243487260285611,3271.0,755.0,3271.0,0.0,1.0,14065.3
BTR-2101,2026-10,Retail,Walmart,DC-East,0.15634823173227677,4177.0,965.0,4177.0,0.0,1.0,17961.1
BTR-2101,2026-10,Retail,Whole Foods,DC-East,0.04176803602184172,1116.0,258.0,1116.0,0.0,1.0,4798.8
BTR-2101,2026-11,Ecommerce,Amazon,DC-East,0.03219876889331696,486.0,0.0,486.0,0.0,1.0,2089.8
BTR-2101,2026-11,Retail,Costco,DC-West,0.0770831885199688,1163.0,269.0,1163.0,0.0,1.0,5000.9
BTR-2101,2026-11,Ecommerce,DTC Shopify,DC-West,0.010584891525135738,160.0,0.0,160.0,0.0,1.0,688.0
BTR-2101,2026-11,Retail,Home Depot,DC-West,0.3126501231879021,4717.0,1089.0,4717.0,0.0,1.0,20283.1
BTR-2101,2026-11,Retail,Kroger,DC-Central,0.048533716412953655,732.0,169.0,732.0,0.0,1.0,3147.6
BTR-2101,2026-11,Retail,Lowe's,DC-Central,0.19839817110374816,2993.0,691.0,2993.0,0.0,1.0,12869.9
BTR-2101,2026-11,Retail,Target,DC-Central,0.12243487260285611,1847.0,427.0,1847.0,0.0,1.0,7942.1
BTR-2101,2026-11,Retail,Walmart,DC-East,0.15634823173227677,2359.0,545.0,2359.0,0.0,1.0,10143.7
BTR-2101,2026-11,Retail,Whole Foods,DC-East,0.04176803602184172,630.0,145.0,630.0,0.0,1.0,2709.0
BTR-2101,2026-12,Ecommerce,Amazon,DC-East,0.03219876889331696,499.0,0.0,499.0,0.0,1.0,2145.7
BTR-2101,2026-12,Retail,Costco,DC-West,0.0770831885199688,1195.0,276.0,1195.0,0.0,1.0,5138.5
BTR-2101,2026-12,Ecommerce,DTC Shopify,DC-West,0.010584891525135738,164.0,0.0,164.0,0.0,1.0,705.2
BTR-2101,2026-12,Retail,Home Depot,DC-West,0.3126501231879021,4845.0,1119.0,4845.0,0.0,1.0,20833.5
BTR-2101,2026-12,Retail,Kroger,DC-Central,0.048533716412953655,752.0,174.0,752.0,0.0,1.0,3233.6
BTR-2101,2026-12,Retail,Lowe's,DC-Central,0.19839817110374816,3075.0,710.0,3075.0,0.0,1.0,13222.5
BTR-2101,2026-12,Retail,Target,DC-Central,0.12243487260285611,1897.0,438.0,1897.0,0.0,1.0,8157.1
BTR-2101,2026-12,Retail,Walmart,DC-East,0.15634823173227677,2423.0,560.0,2423.0,0.0,1.0,10418.9
BTR-2101,2026-12,Retail,Whole Foods,DC-East,0.04176803602184172,647.0,149.0,647.0,0.0,1.0,2782.1
BTR-2101,2027-01,Ecommerce,Amazon,DC-East,0.03219876889331696,641.0,0.0,641.0,0.0,1.0,2756.3
BTR-2101,2027-01,Retail,Costco,DC-West,0.0770831885199688,1534.0,354.0,1534.0,0.0,1.0,6596.2
BTR-2101,2027-01,Ecommerce,DTC Shopify,DC-West,0.010584891525135738,211.0,0.0,211.0,0.0,1.0,907.3
BTR-2101,2027-01,Retail,Home Depot,DC-West,0.3126501231879021,6222.0,1437.0,6222.0,0.0,1.0,26754.6
BTR-2101,2027-01,Retail,Kroger,DC-Central,0.048533716412953655,966.0,223.0,966.0,0.0,1.0,4153.8
BTR-2101,2027-01,Retail,Lowe's,DC-Central,0.19839817110374816,3948.0,912.0,3948.0,0.0,1.0,16976.4
BTR-2101,2027-01,Retail,Target,DC-Central,0.12243487260285611,2436.0,563.0,2436.0,0.0,1.0,10474.8
BTR-2101,2027-01,Retail,Walmart,DC-East,0.15634823173227677,3111.0,718.0,3111.0,0.0,1.0,13377.3
BTR-2101,2027-01,Retail,Whole Foods,DC-East,0.04176803602184172,831.0,192.0,831.0,0.0,1.0,3573.3
BTR-2101,2027-02,Ecommerce,Amazon,DC-East,0.03219876889331696,1059.0,0.0,1059.0,0.0,1.0,4553.7
BTR-2101,2027-02,Retail,Costco,DC-West,0.0770831885199688,2536.0,586.0,2536.0,0.0,1.0,10904.8
BTR-2101,2027-02,Ecommerce,DTC Shopify,DC-West,0.010584891525135738,348.0,0.0,348.0,0.0,1.0,1496.4
BTR-2101,2027-02,Retail,Home Depot,DC-West,0.3126501231879021,10285.0,2375.0,10285.0,0.0,1.0,44225.5
BTR-2101,2027-02,Retail,Kroger,DC-Central,0.048533716412953655,1597.0,369.0,1597.0,0.0,1.0,6867.1
BTR-2101,2027-02,Retail,Lowe's,DC-Central,0.19839817110374816,6527.0,1507.0,6527.0,0.0,1.0,28066.1
BTR-2101,2027-02,Retail,Target,DC-Central,0.12243487260285611,4028.0,930.0,4028.0,0.0,1.0,17320.4
BTR-2101,2027-02,Retail,Walmart,DC-East,0.15634823173227677,5143.0,1188.0,5143.0,0.0,1.0,22114.9
BTR-2101,2027-02,Retail,Whole Foods,DC-East,0.04176803602184172,1374.0,317.0,1374.0,0.0,1.0,5908.2
BTR-2101,2027-03,Ecommerce,Amazon,DC-East,0.03219876889331696,1670.0,0.0,1670.0,0.0,1.0,7181.0
BTR-2101,2027-03,Retail,Costco,DC-West,0.0770831885199688,3997.0,923.0,3997.0,0.0,1.0,17187.1
BTR-2101,2027-03,Ecommerce,DTC Shopify,DC-West,0.010584891525135738,549.0,0.0,549.0,0.0,1.0,2360.7
BTR-2101,2027-03,Retail,Home Depot,DC-West,0.3126501231879021,16214.0,3745.0,16214.0,0.0,1.0,69720.2
BTR-2101,2027-03,Retail,Kroger,DC-Central,0.048533716412953655,2517.0,581.0,2517.0,0.0,1.0,10823.1
BTR-2101,2027-03,Retail,Lowe's,DC-Central,0.19839817110374816,10289.0,2376.0,10289.0,0.0,1.0,44242.7
BTR-2101,2027-03,Retail,Target,DC-Central,0.12243487260285611,6349.0,1466.0,6349.0,0.0,1.0,27300.7
BTR-2101,2027-03,Retail,Walmart,DC-East,0.15634823173227677,8108.0,1873.0,8108.0,0.0,1.0,34864.4
BTR-2101,2027-03,Retail,Whole Foods,DC-East,0.04176803602184172,2166.0,500.0,2166.0,0.0,1.0,9313.8
BTR-2101,2027-04,Ecommerce,Amazon,DC-East,0.03219876889331696,1836.0,0.0,1836.0,0.0,1.0,7894.8
BTR-2101,2027-04,Retail,Costco,DC-West,0.0770831885199688,4396.0,1015.0,4396.0,0.0,1.0,18902.8
BTR-2101,2027-04,Ecommerce,DTC Shopify,DC-West,0.010584891525135738,604.0,0.0,604.0,0.0,1.0,2597.2
BTR-2101,2027-04,Retail,Home Depot,DC-West,0.3126501231879021,17829.0,4118.0,17829.0,0.0,1.0,76664.7
BTR-2101,2027-04,Retail,Kroger,DC-Central,0.048533716412953655,2768.0,639.0,2768.0,0.0,1.0,11902.4
BTR-2101,2027-04,Retail,Lowe's,DC-Central,0.19839817110374816,11313.0,2613.0,11313.0,0.0,1.0,48645.9
BTR-2101,2027-04,Retail,Target,DC-Central,0.12243487260285611,6982.0,1612.0,6982.0,0.0,1.0,30022.6
BTR-2101,2027-04,Retail,Walmart,DC-East,0.15634823173227677,8916.0,2059.0,8916.0,0.0,1.0,38338.8
BTR-2101,2027-04,Retail,Whole Foods,DC-East,0.04176803602184172,2382.0,550.0,2382.0,0.0,1.0,10242.6
BTR-2101,2027-05,Ecommerce,Amazon,DC-East,0.03219876889331696,1500.0,0.0,1500.0,0.0,1.0,6450.0
BTR-2101,2027-05,Retail,Costco,DC-West,0.0770831885199688,3590.0,829.0,3590.0,0.0,1.0,15437.0
BTR-2101,2027-05,Ecommerce,DTC Shopify,DC-West,0.010584891525135738,493.0,0.0,493.0,0.0,1.0,2119.9
BTR-2101,2027-05,Retail,Home Depot,DC-West,0.3126501231879021,14561.0,3363.0,14561.0,0.0,1.0,62612.3
BTR-2101,2027-05,Retail,Kroger,DC-Central,0.048533716412953655,2260.0,522.0,2260.0,0.0,1.0,9718.0
BTR-2101,2027-05,Retail,Lowe's,DC-Central,0.19839817110374816,9240.0,2134.0,9240.0,0.0,1.0,39732.0
BTR-2101,2027-05,Retail,Target,DC-Central,0.12243487260285611,5702.0,1317.0,5702.0,0.0,1.0,24518.6
BTR-2101,2027-05,Retail,Walmart,DC-East,0.15634823173227677,7282.0,1682.0,7282.0,0.0,1.0,31312.6
BTR-2101,2027-05,Retail,Whole Foods,DC-East,0.04176803602184172,1945.0,449.0,1945.0,0.0,1.0,8363.5
BTR-2101,2027-06,Ecommerce,Amazon,DC-East,0.03219876889331696,1136.0,0.0,1136.0,0.0,1.0,4884.8
BTR-2101,2027-06,Retail,Costco,DC-West,0.0770831885199688,2719.0,628.0,2719.0,0.0,1.0,11691.7
BTR-2101,2027-06,Ecommerce,DTC Shopify,DC-West,0.010584891525135738,373.0,0.0,373.0,0.0,1.0,1603.9
BTR-2101,2027-06,Retail,Home Depot,DC-West,0.3126501231879021,11029.0,2547.0,11029.0,0.0,1.0,47424.7
BTR-2101,2027-06,Retail,Kroger,DC-Central,0.048533716412953655,1712.0,395.0,1712.0,0.0,1.0,7361.6
BTR-2101,2027-06,Retail,Lowe's,DC-Central,0.19839817110374816,6999.0,1616.0,6999.0,0.0,1.0,30095.7
BTR-2101,2027-06,Retail,Target,DC-Central,0.12243487260285611,4319.0,997.0,4319.0,0.0,1.0,18571.7
BTR-2101,2027-06,Retail,Walmart,DC-East,0.15634823173227677,5515.0,1274.0,5515.0,0.0,1.0,23714.5
BTR-2101,2027-06,Retail,Whole Foods,DC-East,0.04176803602184172,1473.0,340.0,1473.0,0.0,1.0,6333.9
BTR-2101,2027-07,Ecommerce,Amazon,DC-East,0.03219876889331696,903.0,0.0,903.0,0.0,1.0,3882.9
BTR-2101,2027-07,Retail,Costco,DC-West,0.0770831885199688,2161.0,499.0,2161.0,0.0,1.0,9292.3
BTR-2101,2027-07,Ecommerce,DTC Shopify,DC-West,0.010584891525135738,297.0,0.0,297.0,0.0,1.0,1277.1
BTR-2101,2027-07,Retail,Home Depot,DC-West,0.3126501231879021,8765.0,2024.0,8765.0,0.0,1.0,37689.5
BTR-2101,2027-07,Retail,Kroger,DC-Central,0.048533716412953655,1361.0,314.0,1361.0,0.0,1.0,5852.3
BTR-2101,2027-07,Retail,Lowe's,DC-Central,0.19839817110374816,5562.0,1285.0,5562.0,0.0,1.0,23916.6
BTR-2101,2027-07,Retail,Target,DC-Central,0.12243487260285611,3432.0,793.0,3432.0,0.0,1.0,14757.6
BTR-2101,2027-07,Retail,Walmart,DC-East,0.15634823173227677,4383.0,1012.0,4383.0,0.0,1.0,18846.9
BTR-2101,2027-07,Retail,Whole Foods,DC-East,0.04176803602184172,1171.0,270.0,1171.0,0.0,1.0,5035.3
BTR-2101,2027-08,Ecommerce,Amazon,DC-East,0.03219876889331696,750.0,0.0,750.0,0.0,1.0,3225.0
BTR-2101,2027-08,Retail,Costco,DC-West,0.0770831885199688,1796.0,415.0,1796.0,0.0,1.0,7722.8
BTR-2101,2027-08,Ecommerce,DTC Shopify,DC-West,0.010584891525135738,247.0,0.0,247.0,0.0,1.0,1062.1
BTR-2101,2027-08,Retail,Home Depot,DC-West,0.3126501231879021,7283.0,1682.0,7283.0,0.0,1.0,31316.9
BTR-2101,2027-08,Retail,Kroger,DC-Central,0.048533716412953655,1131.0,261.0,1131.0,0.0,1.0,4863.3
BTR-2101,2027-08,Retail,Lowe's,DC-Central,0.19839817110374816,4622.0,1067.0,4622.0,0.0,1.0,19874.6
BTR-2101,2027-08,Retail,Target,DC-Central,0.12243487260285611,2852.0,659.0,2852.0,0.0,1.0,12263.6
BTR-2101,2027-08,Retail,Walmart,DC-East,0.15634823173227677,3642.0,841.0,3642.0,0.0,1.0,15660.6
BTR-2101,2027-08,Retail,Whole Foods,DC-East,0.04176803602184172,973.0,225.0,973.0,0.0,1.0,4183.9
BTR-2102,2026-09,Ecommerce,Amazon,DC-East,0.031610393616231316,510.0,0.0,510.0,0.0,1.0,1836.0
BTR-2102,2026-09,Retail,Costco,DC-West,0.08757689825154653,1413.0,326.0,1413.0,0.0,1.0,5086.8
BTR-2102,2026-09,Ecommerce,DTC Shopify,DC-West,0.011532595719402064,186.0,0.0,186.0,0.0,1.0,669.6
BTR-2102,2026-09,Retail,Home Depot,DC-West,0.30419434622920105,4906.0,1133.0,4906.0,0.0,1.0,17661.6
BTR-2102,2026-09,Retail,Kroger,DC-Central,0.05200806539135998,839.0,194.0,839.0,0.0,1.0,3020.4
BTR-2102,2026-09,Retail,Lowe's,DC-Central,0.1991557614426312,3212.0,742.0,3212.0,0.0,1.0,11563.2
BTR-2102,2026-09,Retail,Target,DC-Central,0.12514494285110442,2018.0,466.0,2018.0,0.0,1.0,7264.8
BTR-2102,2026-09,Retail,Walmart,DC-East,0.14565114326351325,2349.0,542.0,2349.0,0.0,1.0,8456.4
BTR-2102,2026-09,Retail,Whole Foods,DC-East,0.0431258532350102,696.0,161.0,696.0,0.0,1.0,2505.6
BTR-2102,2026-10,Ecommerce,Amazon,DC-East,0.031610393616231316,659.0,0.0,659.0,0.0,1.0,2372.4
BTR-2102,2026-10,Retail,Costco,DC-West,0.08757689825154653,1825.0,421.0,1825.0,0.0,1.0,6570.0
BTR-2102,2026-10,Ecommerce,DTC Shopify,DC-West,0.011532595719402064,240.0,0.0,240.0,0.0,1.0,864.0
BTR-2102,2026-10,Retail,Home Depot,DC-West,0.30419434622920105,6340.0,1464.0,6340.0,0.0,1.0,22824.0
BTR-2102,2026-10,Retail,Kroger,DC-Central,0.05200806539135998,1084.0,250.0,1084.0,0.0,1.0,3902.4
BTR-2102,2026-10,Retail,Lowe's,DC-Central,0.1991557614426312,4151.0,959.0,4151.0,0.0,1.0,14943.6
BTR-2102,2026-10,Retail,Target,DC-Central,0.12514494285110442,2608.0,602.0,2608.0,0.0,1.0,9388.8
BTR-2102,2026-10,Retail,Walmart,DC-East,0.14565114326351325,3036.0,701.0,3036.0,0.0,1.0,10929.6
BTR-2102,2026-10,Retail,Whole Foods,DC-East,0.0431258532350102,899.0,208.0,899.0,0.0,1.0,3236.4
BTR-2102,2026-11,Ecommerce,Amazon,DC-East,0.031610393616231316,378.0,0.0,378.0,0.0,1.0,1360.8
BTR-2102,2026-11,Retail,Costco,DC-West,0.08757689825154653,1048.0,242.0,1048.0,0.0,1.0,3772.8
BTR-2102,2026-11,Ecommerce,DTC Shopify,DC-West,0.011532595719402064,138.0,0.0,138.0,0.0,1.0,496.8
BTR-2102,2026-11,Retail,Home Depot,DC-West,0.30419434622920105,3642.0,841.0,3642.0,0.0,1.0,13111.2
BTR-2102,2026-11,Retail,Kroger,DC-Central,0.05200806539135998,623.0,144.0,623.0,0.0,1.0,2242.8
BTR-2102,2026-11,Retail,Lowe's,DC-Central,0.1991557614426312,2384.0,551.0,2384.0,0.0,1.0,8582.4
BTR-2102,2026-11,Retail,Target,DC-Central,0.12514494285110442,1498.0,346.0,1498.0,0.0,1.0,5392.8
BTR-2102,2026-11,Retail,Walmart,DC-East,0.14565114326351325,1744.0,403.0,1744.0,0.0,1.0,6278.4
BTR-2102,2026-11,Retail,Whole Foods,DC-East,0.0431258532350102,516.0,119.0,516.0,0.0,1.0,1857.6
BTR-2102,2026-12,Ecommerce,Amazon,DC-East,0.031610393616231316,395.0,0.0,395.0,0.0,1.0,1422.0
BTR-2102,2026-12,Retail,Costco,DC-West,0.08757689825154653,1095.0,253.0,1095.0,0.0,1.0,3942.0
BTR-2102,2026-12,Ecommerce,DTC Shopify,DC-West,0.011532595719402064,144.0,0.0,144.0,0.0,1.0,518.4
BTR-2102,2026-12,Retail,Home Depot,DC-West,0.30419434622920105,3804.0,879.0,3804.0,0.0,1.0,13694.4
BTR-2102,2026-12,Retail,Kroger,DC-Central,0.05200806539135998,650.0,150.0,650.0,0.0,1.0,2340.0
BTR-2102,2026-12,Retail,Lowe's,DC-Central,0.1991557614426312,2490.0,575.0,2490.0,0.0,1.0,8964.0
BTR-2102,2026-12,Retail,Target,DC-Central,0.12514494285110442,1565.0,361.0,1565.0,0.0,1.0,5634.0
BTR-2102,2026-12,Retail,Walmart,DC-East,0.14565114326351325,1821.0,421.0,1821.0,0.0,1.0,6555.6
BTR-2102,2026-12,Retail,Whole Foods,DC-East,0.0431258532350102,539.0,124.0,539.0,0.0,1.0,1940.4
BTR-2102,2027-01,Ecommerce,Amazon,DC-East,0.031610393616231316,516.0,0.0,516.0,0.0,1.0,1857.6
BTR-2102,2027-01,Retail,Costco,DC-West,0.08757689825154653,1430.0,330.0,1430.0,0.0,1.0,5148.0
BTR-2102,2027-01,Ecommerce,DTC Shopify,DC-West,0.011532595719402064,188.0,0.0,188.0,0.0,1.0,676.8
BTR-2102,2027-01,Retail,Home Depot,DC-West,0.30419434622920105,4967.0,1147.0,4967.0,0.0,1.0,17881.2
BTR-2102,2027-01,Retail,Kroger,DC-Central,0.05200806539135998,849.0,196.0,849.0,0.0,1.0,3056.4
BTR-2102,2027-01,Retail,Lowe's,DC-Central,0.1991557614426312,3252.0,751.0,3252.0,0.0,1.0,11707.2
BTR-2102,2027-01,Retail,Target,DC-Central,0.12514494285110442,2043.0,472.0,2043.0,0.0,1.0,7354.8
BTR-2102,2027-01,Retail,Walmart,DC-East,0.14565114326351325,2378.0,549.0,2378.0,0.0,1.0,8560.8
BTR-2102,2027-01,Retail,Whole Foods,DC-East,0.0431258532350102,704.0,163.0,704.0,0.0,1.0,2534.4
BTR-2102,2027-02,Ecommerce,Amazon,DC-East,0.031610393616231316,868.0,0.0,868.0,0.0,1.0,3124.8
BTR-2102,2027-02,Retail,Costco,DC-West,0.08757689825154653,2404.0,555.0,2404.0,0.0,1.0,8654.4
BTR-2102,2027-02,Ecommerce,DTC Shopify,DC-West,0.011532595719402064,317.0,0.0,317.0,0.0,1.0,1141.2
BTR-2102,2027-02,Retail,Home Depot,DC-West,0.30419434622920105,8350.0,1928.0,8350.0,0.0,1.0,30060.0
BTR-2102,2027-02,Retail,Kroger,DC-Central,0.05200806539135998,1428.0,330.0,1428.0,0.0,1.0,5140.8
BTR-2102,2027-02,Retail,Lowe's,DC-Central,0.1991557614426312,5467.0,1263.0,5467.0,0.0,1.0,19681.2
BTR-2102,2027-02,Retail,Target,DC-Central,0.12514494285110442,3435.0,793.0,3435.0,0.0,1.0,12366.0
BTR-2102,2027-02,Retail,Walmart,DC-East,0.14565114326351325,3998.0,923.0,3998.0,0.0,1.0,14392.8
BTR-2102,2027-02,Retail,Whole Foods,DC-East,0.0431258532350102,1184.0,273.0,1184.0,0.0,1.0,4262.4
BTR-2102,2027-03,Ecommerce,Amazon,DC-East,0.031610393616231316,1391.0,0.0,1391.0,0.0,1.0,5007.6
BTR-2102,2027-03,Retail,Costco,DC-West,0.08757689825154653,3854.0,890.0,3854.0,0.0,1.0,13874.4
BTR-2102,2027-03,Ecommerce,DTC Shopify,DC-West,0.011532595719402064,508.0,0.0,508.0,0.0,1.0,1828.8
BTR-2102,2027-03,Retail,Home Depot,DC-West,0.30419434622920105,13387.0,3092.0,13387.0,0.0,1.0,48193.2
BTR-2102,2027-03,Retail,Kroger,DC-Central,0.05200806539135998,2289.0,529.0,2289.0,0.0,1.0,8240.4
BTR-2102,2027-03,Retail,Lowe's,DC-Central,0.1991557614426312,8765.0,2024.0,8765.0,0.0,1.0,31554.0
BTR-2102,2027-03,Retail,Target,DC-Central,0.12514494285110442,5508.0,1272.0,5508.0,0.0,1.0,19828.8
BTR-2102,2027-03,Retail,Walmart,DC-East,0.14565114326351325,6410.0,1480.0,6410.0,0.0,1.0,23076.0
BTR-2102,2027-03,Retail,Whole Foods,DC-East,0.0431258532350102,1898.0,438.0,1898.0,0.0,1.0,6832.8
BTR-2102,2027-04,Ecommerce,Amazon,DC-East,0.031610393616231316,1556.0,0.0,1556.0,0.0,1.0,5601.6
BTR-2102,2027-04,Retail,Costco,DC-West,0.08757689825154653,4310.0,995.0,4310.0,0.0,1.0,15516.0
BTR-2102,2027-04,Ecommerce,DTC Shopify,DC-West,0.011532595719402064,568.0,0.0,568.0,0.0,1.0,2044.8
BTR-2102,2027-04,Retail,Home Depot,DC-West,0.30419434622920105,14970.0,3457.0,14970.0,0.0,1.0,53892.0
BTR-2102,2027-04,Retail,Kroger,DC-Central,0.05200806539135998,2559.0,591.0,2559.0,0.0,1.0,9212.4
BTR-2102,2027-04,Retail,Lowe's,DC-Central,0.1991557614426312,9801.0,2264.0,9801.0,0.0,1.0,35283.6
BTR-2102,2027-04,Retail,Target,DC-Central,0.12514494285110442,6159.0,1422.0,6159.0,0.0,1.0,22172.4
BTR-2102,2027-04,Retail,Walmart,DC-East,0.14565114326351325,7168.0,1655.0,7168.0,0.0,1.0,25804.8
BTR-2102,2027-04,Retail,Whole Foods,DC-East,0.0431258532350102,2122.0,490.0,2122.0,0.0,1.0,7639.2
BTR-2102,2027-05,Ecommerce,Amazon,DC-East,0.031610393616231316,1292.0,0.0,1292.0,0.0,1.0,4651.2
BTR-2102,2027-05,Retail,Costco,DC-West,0.08757689825154653,3580.0,827.0,3580.0,0.0,1.0,12888.0
BTR-2102,2027-05,Ecommerce,DTC Shopify,DC-West,0.011532595719402064,471.0,0.0,471.0,0.0,1.0,1695.6
BTR-2102,2027-05,Retail,Home Depot,DC-West,0.30419434622920105,12434.0,2872.0,12434.0,0.0,1.0,44762.4
BTR-2102,2027-05,Retail,Kroger,DC-Central,0.05200806539135998,2126.0,491.0,2126.0,0.0,1.0,7653.6
BTR-2102,2027-05,Retail,Lowe's,DC-Central,0.1991557614426312,8140.0,1880.0,8140.0,0.0,1.0,29304.0
BTR-2102,2027-05,Retail,Target,DC-Central,0.12514494285110442,5115.0,1181.0,5115.0,0.0,1.0,18414.0
BTR-2102,2027-05,Retail,Walmart,DC-East,0.14565114326351325,5953.0,1375.0,5953.0,0.0,1.0,21430.8
BTR-2102,2027-05,Retail,Whole Foods,DC-East,0.0431258532350102,1763.0,407.0,1763.0,0.0,1.0,6346.8
BTR-2102,2027-06,Ecommerce,Amazon,DC-East,0.031610393616231316,995.0,0.0,995.0,0.0,1.0,3582.0
BTR-2102,2027-06,Retail,Costco,DC-West,0.08757689825154653,2757.0,637.0,2757.0,0.0,1.0,9925.2
BTR-2102,2027-06,Ecommerce,DTC Shopify,DC-West,0.011532595719402064,363.0,0.0,363.0,0.0,1.0,1306.8
BTR-2102,2027-06,Retail,Home Depot,DC-West,0.30419434622920105,9578.0,2212.0,9578.0,0.0,1.0,34480.8
BTR-2102,2027-06,Retail,Kroger,DC-Central,0.05200806539135998,1638.0,378.0,1638.0,0.0,1.0,5896.8
BTR-2102,2027-06,Retail,Lowe's,DC-Central,0.1991557614426312,6271.0,1448.0,6271.0,0.0,1.0,22575.6
BTR-2102,2027-06,Retail,Target,DC-Central,0.12514494285110442,3940.0,910.0,3940.0,0.0,1.0,14184.0
BTR-2102,2027-06,Retail,Walmart,DC-East,0.14565114326351325,4586.0,1059.0,4586.0,0.0,1.0,16509.6
BTR-2102,2027-06,Retail,Whole Foods,DC-East,0.0431258532350102,1358.0,314.0,1358.0,0.0,1.0,4888.8
BTR-2102,2027-07,Ecommerce,Amazon,DC-East,0.031610393616231316,804.0,0.0,804.0,0.0,1.0,2894.4
BTR-2102,2027-07,Retail,Costco,DC-West,0.08757689825154653,2228.0,515.0,2228.0,0.0,1.0,8020.8
BTR-2102,2027-07,Ecommerce,DTC Shopify,DC-West,0.011532595719402064,293.0,0.0,293.0,0.0,1.0,1054.8
BTR-2102,2027-07,Retail,Home Depot,DC-West,0.30419434622920105,7740.0,1788.0,7740.0,0.0,1.0,27864.0
BTR-2102,2027-07,Retail,Kroger,DC-Central,0.05200806539135998,1323.0,306.0,1323.0,0.0,1.0,4762.8
BTR-2102,2027-07,Retail,Lowe's,DC-Central,0.1991557614426312,5067.0,1170.0,5067.0,0.0,1.0,18241.2
BTR-2102,2027-07,Retail,Target,DC-Central,0.12514494285110442,3184.0,735.0,3184.0,0.0,1.0,11462.4
BTR-2102,2027-07,Retail,Walmart,DC-East,0.14565114326351325,3706.0,856.0,3706.0,0.0,1.0,13341.6
BTR-2102,2027-07,Retail,Whole Foods,DC-East,0.0431258532350102,1097.0,253.0,1097.0,0.0,1.0,3949.2
BTR-2102,2027-08,Ecommerce,Amazon,DC-East,0.031610393616231316,680.0,0.0,680.0,0.0,1.0,2448.0
BTR-2102,2027-08,Retail,Costco,DC-West,0.08757689825154653,1883.0,435.0,1883.0,0.0,1.0,6778.8
BTR-2102,2027-08,Ecommerce,DTC Shopify,DC-West,0.011532595719402064,248.0,0.0,248.0,0.0,1.0,892.8
BTR-2102,2027-08,Retail,Home Depot,DC-West,0.30419434622920105,6541.0,1511.0,6541.0,0.0,1.0,23547.6
BTR-2102,2027-08,Retail,Kroger,DC-Central,0.05200806539135998,1118.0,258.0,1118.0,0.0,1.0,4024.8
BTR-2102,2027-08,Retail,Lowe's,DC-Central,0.1991557614426312,4282.0,989.0,4282.0,0.0,1.0,15415.2
BTR-2102,2027-08,Retail,Target,DC-Central,0.12514494285110442,2691.0,621.0,2691.0,0.0,1.0,9687.6
BTR-2102,2027-08,Retail,Walmart,DC-East,0.14565114326351325,3132.0,723.0,3132.0,0.0,1.0,11275.2
BTR-2102,2027-08,Retail,Whole Foods,DC-East,0.0431258532350102,927.0,214.0,927.0,0.0,1.0,3337.2
BTR-2103,2026-09,Ecommerce,Amazon,DC-East,0.030766649228612886,278.0,0.0,278.0,0.0,1.0,2474.2
BTR-2103,2026-09,Retail,Costco,DC-West,0.08273533969657787,747.0,173.0,747.0,0.0,1.0,6648.3
BTR-2103,2026-09,Ecommerce,DTC Shopify,DC-West,0.011212997601445056,101.0,0.0,101.0,0.0,1.0,898.9
BTR-2103,2026-09,Retail,Home Depot,DC-West,0.29592048247475594,2672.0,617.0,2672.0,0.0,1.0,23780.8
BTR-2103,2026-09,Retail,Kroger,DC-Central,0.054347504219679994,491.0,113.0,491.0,0.0,1.0,4369.9
BTR-2103,2026-09,Retail,Lowe's,DC-Central,0.21303708383097592,1923.0,444.0,1923.0,0.0,1.0,17114.7
BTR-2103,2026-09,Retail,Target,DC-Central,0.12905804897789974,1165.0,269.0,1165.0,0.0,1.0,10368.5
BTR-2103,2026-09,Retail,Walmart,DC-East,0.14102121191183584,1273.0,294.0,1273.0,0.0,1.0,11329.7
BTR-2103,2026-09,Retail,Whole Foods,DC-East,0.04190068205821678,378.0,87.0,378.0,0.0,1.0,3364.2
BTR-2103,2026-10,Ecommerce,Amazon,DC-East,0.030766649228612886,353.0,0.0,353.0,0.0,1.0,3141.7
BTR-2103,2026-10,Retail,Costco,DC-West,0.08273533969657787,948.0,219.0,948.0,0.0,1.0,8437.2
BTR-2103,2026-10,Ecommerce,DTC Shopify,DC-West,0.011212997601445056,128.0,0.0,128.0,0.0,1.0,1139.2
BTR-2103,2026-10,Retail,Home Depot,DC-West,0.29592048247475594,3391.0,783.0,3391.0,0.0,1.0,30179.9
BTR-2103,2026-10,Retail,Kroger,DC-Central,0.054347504219679994,623.0,144.0,623.0,0.0,1.0,5544.7
BTR-2103,2026-10,Retail,Lowe's,DC-Central,0.21303708383097592,2441.0,564.0,2441.0,0.0,1.0,21724.9
BTR-2103,2026-10,Retail,Target,DC-Central,0.12905804897789974,1479.0,342.0,1479.0,0.0,1.0,13163.1
BTR-2103,2026-10,Retail,Walmart,DC-East,0.14102121191183584,1616.0,373.0,1616.0,0.0,1.0,14382.4
BTR-2103,2026-10,Retail,Whole Foods,DC-East,0.04190068205821678,480.0,111.0,480.0,0.0,1.0,4272.0
BTR-2103,2026-11,Ecommerce,Amazon,DC-East,0.030766649228612886,199.0,0.0,199.0,0.0,1.0,1771.1
BTR-2103,2026-11,Retail,Costco,DC-West,0.08273533969657787,535.0,124.0,535.0,0.0,1.0,4761.5
BTR-2103,2026-11,Ecommerce,DTC Shopify,DC-West,0.011212997601445056,72.0,0.0,72.0,0.0,1.0,640.8
BTR-2103,2026-11,Retail,Home Depot,DC-West,0.29592048247475594,1913.0,442.0,1913.0,0.0,1.0,17025.7
BTR-2103,2026-11,Retail,Kroger,DC-Central,0.054347504219679994,351.0,81.0,351.0,0.0,1.0,3123.9
BTR-2103,2026-11,Retail,Lowe's,DC-Central,0.21303708383097592,1377.0,318.0,1377.0,0.0,1.0,12255.3
BTR-2103,2026-11,Retail,Target,DC-Central,0.12905804897789974,834.0,193.0,834.0,0.0,1.0,7422.6
BTR-2103,2026-11,Retail,Walmart,DC-East,0.14102121191183584,912.0,211.0,912.0,0.0,1.0,8116.8
BTR-2103,2026-11,Retail,Whole Foods,DC-East,0.04190068205821678,271.0,63.0,271.0,0.0,1.0,2411.9
BTR-2103,2026-12,Ecommerce,Amazon,DC-East,0.030766649228612886,204.0,0.0,204.0,0.0,1.0,1815.6
BTR-2103,2026-12,Retail,Costco,DC-West,0.08273533969657787,549.0,127.0,549.0,0.0,1.0,4886.1
BTR-2103,2026-12,Ecommerce,DTC Shopify,DC-West,0.011212997601445056,74.0,0.0,74.0,0.0,1.0,658.6
BTR-2103,2026-12,Retail,Home Depot,DC-West,0.29592048247475594,1963.0,453.0,1963.0,0.0,1.0,17470.7
BTR-2103,2026-12,Retail,Kroger,DC-Central,0.054347504219679994,360.0,83.0,360.0,0.0,1.0,3204.0
BTR-2103,2026-12,Retail,Lowe's,DC-Central,0.21303708383097592,1413.0,326.0,1413.0,0.0,1.0,12575.7
BTR-2103,2026-12,Retail,Target,DC-Central,0.12905804897789974,856.0,198.0,856.0,0.0,1.0,7618.4
BTR-2103,2026-12,Retail,Walmart,DC-East,0.14102121191183584,935.0,216.0,935.0,0.0,1.0,8321.5
BTR-2103,2026-12,Retail,Whole Foods,DC-East,0.04190068205821678,278.0,64.0,278.0,0.0,1.0,2474.2
BTR-2103,2027-01,Ecommerce,Amazon,DC-East,0.030766649228612886,262.0,0.0,262.0,0.0,1.0,2331.8
BTR-2103,2027-01,Retail,Costco,DC-West,0.08273533969657787,704.0,163.0,704.0,0.0,1.0,6265.6
BTR-2103,2027-01,Ecommerce,DTC Shopify,DC-West,0.011212997601445056,95.0,0.0,95.0,0.0,1.0,845.5
BTR-2103,2027-01,Retail,Home Depot,DC-West,0.29592048247475594,2517.0,581.0,2517.0,0.0,1.0,22401.3
BTR-2103,2027-01,Retail,Kroger,DC-Central,0.054347504219679994,462.0,107.0,462.0,0.0,1.0,4111.8
BTR-2103,2027-01,Retail,Lowe's,DC-Central,0.21303708383097592,1812.0,418.0,1812.0,0.0,1.0,16126.8
BTR-2103,2027-01,Retail,Target,DC-Central,0.12905804897789974,1098.0,254.0,1098.0,0.0,1.0,9772.2
BTR-2103,2027-01,Retail,Walmart,DC-East,0.14102121191183584,1200.0,277.0,1200.0,0.0,1.0,10680.0
BTR-2103,2027-01,Retail,Whole Foods,DC-East,0.04190068205821678,356.0,82.0,356.0,0.0,1.0,3168.4
BTR-2103,2027-02,Ecommerce,Amazon,DC-East,0.030766649228612886,432.0,0.0,432.0,0.0,1.0,3844.8
BTR-2103,2027-02,Retail,Costco,DC-West,0.08273533969657787,1162.0,268.0,1162.0,0.0,1.0,10341.8
BTR-2103,2027-02,Ecommerce,DTC Shopify,DC-West,0.011212997601445056,157.0,0.0,157.0,0.0,1.0,1397.3
BTR-2103,2027-02,Retail,Home Depot,DC-West,0.29592048247475594,4156.0,960.0,4156.0,0.0,1.0,36988.4
BTR-2103,2027-02,Retail,Kroger,DC-Central,0.054347504219679994,763.0,176.0,763.0,0.0,1.0,6790.7
BTR-2103,2027-02,Retail,Lowe's,DC-Central,0.21303708383097592,2992.0,691.0,2992.0,0.0,1.0,26628.8
BTR-2103,2027-02,Retail,Target,DC-Central,0.12905804897789974,1813.0,419.0,1813.0,0.0,1.0,16135.7
BTR-2103,2027-02,Retail,Walmart,DC-East,0.14102121191183584,1981.0,458.0,1981.0,0.0,1.0,17630.9
BTR-2103,2027-02,Retail,Whole Foods,DC-East,0.04190068205821678,588.0,136.0,588.0,0.0,1.0,5233.2
BTR-2103,2027-03,Ecommerce,Amazon,DC-East,0.030766649228612886,680.0,0.0,680.0,0.0,1.0,6052.0
BTR-2103,2027-03,Retail,Costco,DC-West,0.08273533969657787,1830.0,423.0,1830.0,0.0,1.0,16287.0
BTR-2103,2027-03,Ecommerce,DTC Shopify,DC-West,0.011212997601445056,248.0,0.0,248.0,0.0,1.0,2207.2
BTR-2103,2027-03,Retail,Home Depot,DC-West,0.29592048247475594,6544.0,1511.0,6544.0,0.0,1.0,58241.6
BTR-2103,2027-03,Retail,Kroger,DC-Central,0.054347504219679994,1202.0,278.0,1202.0,0.0,1.0,10697.8
BTR-2103,2027-03,Retail,Lowe's,DC-Central,0.21303708383097592,4711.0,1088.0,4711.0,0.0,1.0,41927.9
BTR-2103,2027-03,Retail,Target,DC-Central,0.12905804897789974,2854.0,659.0,2854.0,0.0,1.0,25400.6
BTR-2103,2027-03,Retail,Walmart,DC-East,0.14102121191183584,3119.0,720.0,3119.0,0.0,1.0,27759.1
BTR-2103,2027-03,Retail,Whole Foods,DC-East,0.04190068205821678,927.0,214.0,927.0,0.0,1.0,8250.3
BTR-2103,2027-04,Ecommerce,Amazon,DC-East,0.030766649228612886,747.0,0.0,747.0,0.0,1.0,6648.3
BTR-2103,2027-04,Retail,Costco,DC-West,0.08273533969657787,2010.0,464.0,2010.0,0.0,1.0,17889.0
BTR-2103,2027-04,Ecommerce,DTC Shopify,DC-West,0.011212997601445056,272.0,0.0,272.0,0.0,1.0,2420.8
BTR-2103,2027-04,Retail,Home Depot,DC-West,0.29592048247475594,7188.0,1660.0,7188.0,0.0,1.0,63973.2
BTR-2103,2027-04,Retail,Kroger,DC-Central,0.054347504219679994,1320.0,305.0,1320.0,0.0,1.0,11748.0
BTR-2103,2027-04,Retail,Lowe's,DC-Central,0.21303708383097592,5174.0,1195.0,5174.0,0.0,1.0,46048.6
BTR-2103,2027-04,Retail,Target,DC-Central,0.12905804897789974,3135.0,724.0,3135.0,0.0,1.0,27901.5
BTR-2103,2027-04,Retail,Walmart,DC-East,0.14102121191183584,3425.0,791.0,3425.0,0.0,1.0,30482.5
BTR-2103,2027-04,Retail,Whole Foods,DC-East,0.04190068205821678,1018.0,235.0,1018.0,0.0,1.0,9060.2
BTR-2103,2027-05,Ecommerce,Amazon,DC-East,0.030766649228612886,610.0,0.0,610.0,0.0,1.0,5429.0
BTR-2103,2027-05,Retail,Costco,DC-West,0.08273533969657787,1639.0,379.0,1639.0,0.0,1.0,14587.1
BTR-2103,2027-05,Ecommerce,DTC Shopify,DC-West,0.011212997601445056,222.0,0.0,222.0,0.0,1.0,1975.8
BTR-2103,2027-05,Retail,Home Depot,DC-West,0.29592048247475594,5863.0,1354.0,5863.0,0.0,1.0,52180.7
BTR-2103,2027-05,Retail,Kroger,DC-Central,0.054347504219679994,1077.0,249.0,1077.0,0.0,1.0,9585.3
BTR-2103,2027-05,Retail,Lowe's,DC-Central,0.21303708383097592,4221.0,975.0,4221.0,0.0,1.0,37566.9
BTR-2103,2027-05,Retail,Target,DC-Central,0.12905804897789974,2557.0,591.0,2557.0,0.0,1.0,22757.3
BTR-2103,2027-05,Retail,Walmart,DC-East,0.14102121191183584,2794.0,645.0,2794.0,0.0,1.0,24866.6
BTR-2103,2027-05,Retail,Whole Foods,DC-East,0.04190068205821678,830.0,192.0,830.0,0.0,1.0,7387.0
BTR-2103,2027-06,Ecommerce,Amazon,DC-East,0.030766649228612886,461.0,0.0,461.0,0.0,1.0,4102.9
BTR-2103,2027-06,Retail,Costco,DC-West,0.08273533969657787,1240.0,286.0,1240.0,0.0,1.0,11036.0
BTR-2103,2027-06,Ecommerce,DTC Shopify,DC-West,0.011212997601445056,168.0,0.0,168.0,0.0,1.0,1495.2
BTR-2103,2027-06,Retail,Home Depot,DC-West,0.29592048247475594,4436.0,1024.0,4436.0,0.0,1.0,39480.4
BTR-2103,2027-06,Retail,Kroger,DC-Central,0.054347504219679994,815.0,188.0,815.0,0.0,1.0,7253.5
BTR-2103,2027-06,Retail,Lowe's,DC-Central,0.21303708383097592,3194.0,738.0,3194.0,0.0,1.0,28426.6
BTR-2103,2027-06,Retail,Target,DC-Central,0.12905804897789974,1935.0,447.0,1935.0,0.0,1.0,17221.5
BTR-2103,2027-06,Retail,Walmart,DC-East,0.14102121191183584,2114.0,488.0,2114.0,0.0,1.0,18814.6
BTR-2103,2027-06,Retail,Whole Foods,DC-East,0.04190068205821678,628.0,145.0,628.0,0.0,1.0,5589.2
BTR-2103,2027-07,Ecommerce,Amazon,DC-East,0.030766649228612886,366.0,0.0,366.0,0.0,1.0,3257.4
BTR-2103,2027-07,Retail,Costco,DC-West,0.08273533969657787,984.0,227.0,984.0,0.0,1.0,8757.6
BTR-2103,2027-07,Ecommerce,DTC Shopify,DC-West,0.011212997601445056,133.0,0.0,133.0,0.0,1.0,1183.7
BTR-2103,2027-07,Retail,Home Depot,DC-West,0.29592048247475594,3521.0,813.0,3521.0,0.0,1.0,31336.9
BTR-2103,2027-07,Retail,Kroger,DC-Central,0.054347504219679994,647.0,149.0,647.0,0.0,1.0,5758.3
BTR-2103,2027-07,Retail,Lowe's,DC-Central,0.21303708383097592,2535.0,585.0,2535.0,0.0,1.0,22561.5
BTR-2103,2027-07,Retail,Target,DC-Central,0.12905804897789974,1536.0,355.0,1536.0,0.0,1.0,13670.4
BTR-2103,2027-07,Retail,Walmart,DC-East,0.14102121191183584,1678.0,388.0,1678.0,0.0,1.0,14934.2
BTR-2103,2027-07,Retail,Whole Foods,DC-East,0.04190068205821678,499.0,115.0,499.0,0.0,1.0,4441.1
BTR-2103,2027-08,Ecommerce,Amazon,DC-East,0.030766649228612886,304.0,0.0,304.0,0.0,1.0,2705.6
BTR-2103,2027-08,Retail,Costco,DC-West,0.08273533969657787,817.0,189.0,817.0,0.0,1.0,7271.3
BTR-2103,2027-08,Ecommerce,DTC Shopify,DC-West,0.011212997601445056,111.0,0.0,111.0,0.0,1.0,987.9
BTR-2103,2027-08,Retail,Home Depot,DC-West,0.29592048247475594,2923.0,675.0,2923.0,0.0,1.0,26014.7
BTR-2103,2027-08,Retail,Kroger,DC-Central,0.054347504219679994,537.0,124.0,537.0,0.0,1.0,4779.3
BTR-2103,2027-08,Retail,Lowe's,DC-Central,0.21303708383097592,2104.0,486.0,2104.0,0.0,1.0,18725.6
BTR-2103,2027-08,Retail,Target,DC-Central,0.12905804897789974,1275.0,294.0,1275.0,0.0,1.0,11347.5
BTR-2103,2027-08,Retail,Walmart,DC-East,0.14102121191183584,1393.0,322.0,1393.0,0.0,1.0,12397.7
BTR-2103,2027-08,Retail,Whole Foods,DC-East,0.04190068205821678,414.0,96.0,414.0,0.0,1.0,3684.6
BTR-2104,2026-09,Ecommerce,Amazon,DC-East,0.03214559877175026,177.0,0.0,177.0,0.0,1.0,548.7
BTR-2104,2026-09,Retail,Costco,DC-West,0.08792860798362334,484.0,112.0,484.0,0.0,1.0,1500.4
BTR-2104,2026-09,Ecommerce,DTC Shopify,DC-West,0.012458418628454452,69.0,0.0,69.0,0.0,1.0,213.9
BTR-2104,2026-09,Retail,Home Depot,DC-West,0.2836169396110543,1562.0,361.0,1562.0,0.0,1.0,4842.2
BTR-2104,2026-09,Retail,Kroger,DC-Central,0.05423170419651996,299.0,69.0,299.0,0.0,1.0,926.9
BTR-2104,2026-09,Retail,Lowe's,DC-Central,0.21006589048106447,1157.0,267.0,1157.0,0.0,1.0,3586.7
BTR-2104,2026-09,Retail,Target,DC-Central,0.12412039406345957,684.0,158.0,684.0,0.0,1.0,2120.4
BTR-2104,2026-09,Retail,Walmart,DC-East,0.15247569089048107,840.0,194.0,840.0,0.0,1.0,2604.0
BTR-2104,2026-09,Retail,Whole Foods,DC-East,0.04295675537359263,237.0,55.0,237.0,0.0,1.0,734.7
BTR-2104,2026-10,Ecommerce,Amazon,DC-East,0.03214559877175026,224.0,0.0,224.0,0.0,1.0,694.4
BTR-2104,2026-10,Retail,Costco,DC-West,0.08792860798362334,614.0,142.0,614.0,0.0,1.0,1903.4
BTR-2104,2026-10,Ecommerce,DTC Shopify,DC-West,0.012458418628454452,87.0,0.0,87.0,0.0,1.0,269.7
BTR-2104,2026-10,Retail,Home Depot,DC-West,0.2836169396110543,1980.0,457.0,1980.0,0.0,1.0,6138.0
BTR-2104,2026-10,Retail,Kroger,DC-Central,0.05423170419651996,379.0,88.0,379.0,0.0,1.0,1174.9
BTR-2104,2026-10,Retail,Lowe's,DC-Central,0.21006589048106447,1467.0,339.0,1467.0,0.0,1.0,4547.7
BTR-2104,2026-10,Retail,Target,DC-Central,0.12412039406345957,867.0,200.0,867.0,0.0,1.0,2687.7
BTR-2104,2026-10,Retail,Walmart,DC-East,0.15247569089048107,1065.0,246.0,1065.0,0.0,1.0,3301.5
BTR-2104,2026-10,Retail,Whole Foods,DC-East,0.04295675537359263,300.0,69.0,300.0,0.0,1.0,930.0
BTR-2104,2026-11,Ecommerce,Amazon,DC-East,0.03214559877175026,126.0,0.0,126.0,0.0,1.0,390.6
BTR-2104,2026-11,Retail,Costco,DC-West,0.08792860798362334,346.0,80.0,346.0,0.0,1.0,1072.6
BTR-2104,2026-11,Ecommerce,DTC Shopify,DC-West,0.012458418628454452,49.0,0.0,49.0,0.0,1.0,151.9
BTR-2104,2026-11,Retail,Home Depot,DC-West,0.2836169396110543,1115.0,258.0,1115.0,0.0,1.0,3456.5
BTR-2104,2026-11,Retail,Kroger,DC-Central,0.05423170419651996,213.0,49.0,213.0,0.0,1.0,660.3
BTR-2104,2026-11,Retail,Lowe's,DC-Central,0.21006589048106447,826.0,191.0,826.0,0.0,1.0,2560.6
BTR-2104,2026-11,Retail,Target,DC-Central,0.12412039406345957,488.0,113.0,488.0,0.0,1.0,1512.8
BTR-2104,2026-11,Retail,Walmart,DC-East,0.15247569089048107,600.0,139.0,600.0,0.0,1.0,1860.0
BTR-2104,2026-11,Retail,Whole Foods,DC-East,0.04295675537359263,169.0,39.0,169.0,0.0,1.0,523.9
BTR-2104,2026-12,Ecommerce,Amazon,DC-East,0.03214559877175026,130.0,0.0,130.0,0.0,1.0,403.0
BTR-2104,2026-12,Retail,Costco,DC-West,0.08792860798362334,354.0,82.0,354.0,0.0,1.0,1097.4
BTR-2104,2026-12,Ecommerce,DTC Shopify,DC-West,0.012458418628454452,50.0,0.0,50.0,0.0,1.0,155.0
BTR-2104,2026-12,Retail,Home Depot,DC-West,0.2836169396110543,1143.0,264.0,1143.0,0.0,1.0,3543.3
BTR-2104,2026-12,Retail,Kroger,DC-Central,0.05423170419651996,219.0,51.0,219.0,0.0,1.0,678.9
BTR-2104,2026-12,Retail,Lowe's,DC-Central,0.21006589048106447,847.0,196.0,847.0,0.0,1.0,2625.7
BTR-2104,2026-12,Retail,Target,DC-Central,0.12412039406345957,500.0,115.0,500.0,0.0,1.0,1550.0
BTR-2104,2026-12,Retail,Walmart,DC-East,0.15247569089048107,615.0,142.0,615.0,0.0,1.0,1906.5
BTR-2104,2026-12,Retail,Whole Foods,DC-East,0.04295675537359263,173.0,40.0,173.0,0.0,1.0,536.3
BTR-2104,2027-01,Ecommerce,Amazon,DC-East,0.03214559877175026,166.0,0.0,166.0,0.0,1.0,514.6
BTR-2104,2027-01,Retail,Costco,DC-West,0.08792860798362334,454.0,105.0,454.0,0.0,1.0,1407.4
BTR-2104,2027-01,Ecommerce,DTC Shopify,DC-West,0.012458418628454452,64.0,0.0,64.0,0.0,1.0,198.4
BTR-2104,2027-01,Retail,Home Depot,DC-West,0.2836169396110543,1464.0,338.0,1464.0,0.0,1.0,4538.4
BTR-2104,2027-01,Retail,Kroger,DC-Central,0.05423170419651996,280.0,65.0,280.0,0.0,1.0,868.0
BTR-2104,2027-01,Retail,Lowe's,DC-Central,0.21006589048106447,1085.0,251.0,1085.0,0.0,1.0,3363.5
BTR-2104,2027-01,Retail,Target,DC-Central,0.12412039406345957,641.0,148.0,641.0,0.0,1.0,1987.1
BTR-2104,2027-01,Retail,Walmart,DC-East,0.15247569089048107,787.0,182.0,787.0,0.0,1.0,2439.7
BTR-2104,2027-01,Retail,Whole Foods,DC-East,0.04295675537359263,222.0,51.0,222.0,0.0,1.0,688.2
BTR-2104,2027-02,Ecommerce,Amazon,DC-East,0.03214559877175026,274.0,0.0,274.0,0.0,1.0,849.4
BTR-2104,2027-02,Retail,Costco,DC-West,0.08792860798362334,749.0,173.0,749.0,0.0,1.0,2321.9
BTR-2104,2027-02,Ecommerce,DTC Shopify,DC-West,0.012458418628454452,106.0,0.0,106.0,0.0,1.0,328.6
BTR-2104,2027-02,Retail,Home Depot,DC-West,0.2836169396110543,2415.0,558.0,2415.0,0.0,1.0,7486.5
BTR-2104,2027-02,Retail,Kroger,DC-Central,0.05423170419651996,462.0,107.0,462.0,0.0,1.0,1432.2
BTR-2104,2027-02,Retail,Lowe's,DC-Central,0.21006589048106447,1789.0,413.0,1789.0,0.0,1.0,5545.9
BTR-2104,2027-02,Retail,Target,DC-Central,0.12412039406345957,1057.0,244.0,1057.0,0.0,1.0,3276.7
BTR-2104,2027-02,Retail,Walmart,DC-East,0.15247569089048107,1298.0,300.0,1298.0,0.0,1.0,4023.8
BTR-2104,2027-02,Retail,Whole Foods,DC-East,0.04295675537359263,366.0,85.0,366.0,0.0,1.0,1134.6
BTR-2104,2027-03,Ecommerce,Amazon,DC-East,0.03214559877175026,430.0,0.0,430.0,0.0,1.0,1333.0
BTR-2104,2027-03,Retail,Costco,DC-West,0.08792860798362334,1177.0,272.0,1177.0,0.0,1.0,3648.7
BTR-2104,2027-03,Ecommerce,DTC Shopify,DC-West,0.012458418628454452,167.0,0.0,167.0,0.0,1.0,517.7
BTR-2104,2027-03,Retail,Home Depot,DC-West,0.2836169396110543,3797.0,877.0,3797.0,0.0,1.0,11770.7
BTR-2104,2027-03,Retail,Kroger,DC-Central,0.05423170419651996,726.0,168.0,726.0,0.0,1.0,2250.6
BTR-2104,2027-03,Retail,Lowe's,DC-Central,0.21006589048106447,2813.0,650.0,2813.0,0.0,1.0,8720.3
BTR-2104,2027-03,Retail,Target,DC-Central,0.12412039406345957,1662.0,384.0,1662.0,0.0,1.0,5152.2
BTR-2104,2027-03,Retail,Walmart,DC-East,0.15247569089048107,2041.0,471.0,2041.0,0.0,1.0,6327.1
BTR-2104,2027-03,Retail,Whole Foods,DC-East,0.04295675537359263,575.0,133.0,575.0,0.0,1.0,1782.5
BTR-2104,2027-04,Ecommerce,Amazon,DC-East,0.03214559877175026,472.0,0.0,472.0,0.0,1.0,1463.2
BTR-2104,2027-04,Retail,Costco,DC-West,0.08792860798362334,1291.0,298.0,1291.0,0.0,1.0,4002.1
BTR-2104,2027-04,Ecommerce,DTC Shopify,DC-West,0.012458418628454452,183.0,0.0,183.0,0.0,1.0,567.3
BTR-2104,2027-04,Retail,Home Depot,DC-West,0.2836169396110543,4165.0,962.0,4165.0,0.0,1.0,12911.5
BTR-2104,2027-04,Retail,Kroger,DC-Central,0.05423170419651996,796.0,184.0,796.0,0.0,1.0,2467.6
BTR-2104,2027-04,Retail,Lowe's,DC-Central,0.21006589048106447,3085.0,712.0,3085.0,0.0,1.0,9563.5
BTR-2104,2027-04,Retail,Target,DC-Central,0.12412039406345957,1823.0,421.0,1823.0,0.0,1.0,5651.3
BTR-2104,2027-04,Retail,Walmart,DC-East,0.15247569089048107,2239.0,517.0,2239.0,0.0,1.0,6940.9
BTR-2104,2027-04,Retail,Whole Foods,DC-East,0.04295675537359263,631.0,146.0,631.0,0.0,1.0,1956.1
BTR-2104,2027-05,Ecommerce,Amazon,DC-East,0.03214559877175026,385.0,0.0,385.0,0.0,1.0,1193.5
BTR-2104,2027-05,Retail,Costco,DC-West,0.08792860798362334,1052.0,243.0,1052.0,0.0,1.0,3261.2
BTR-2104,2027-05,Ecommerce,DTC Shopify,DC-West,0.012458418628454452,149.0,0.0,149.0,0.0,1.0,461.9
BTR-2104,2027-05,Retail,Home Depot,DC-West,0.2836169396110543,3393.0,784.0,3393.0,0.0,1.0,10518.3
BTR-2104,2027-05,Retail,Kroger,DC-Central,0.05423170419651996,649.0,150.0,649.0,0.0,1.0,2011.9
BTR-2104,2027-05,Retail,Lowe's,DC-Central,0.21006589048106447,2513.0,580.0,2513.0,0.0,1.0,7790.3
BTR-2104,2027-05,Retail,Target,DC-Central,0.12412039406345957,1485.0,343.0,1485.0,0.0,1.0,4603.5
BTR-2104,2027-05,Retail,Walmart,DC-East,0.15247569089048107,1824.0,421.0,1824.0,0.0,1.0,5654.4
BTR-2104,2027-05,Retail,Whole Foods,DC-East,0.04295675537359263,514.0,119.0,514.0,0.0,1.0,1593.4
BTR-2104,2027-06,Ecommerce,Amazon,DC-East,0.03214559877175026,291.0,0.0,291.0,0.0,1.0,902.1
BTR-2104,2027-06,Retail,Costco,DC-West,0.08792860798362334,795.0,184.0,795.0,0.0,1.0,2464.5
BTR-2104,2027-06,Ecommerce,DTC Shopify,DC-West,0.012458418628454452,113.0,0.0,113.0,0.0,1.0,350.3
BTR-2104,2027-06,Retail,Home Depot,DC-West,0.2836169396110543,2564.0,592.0,2564.0,0.0,1.0,7948.4
BTR-2104,2027-06,Retail,Kroger,DC-Central,0.05423170419651996,490.0,113.0,490.0,0.0,1.0,1519.0
BTR-2104,2027-06,Retail,Lowe's,DC-Central,0.21006589048106447,1899.0,439.0,1899.0,0.0,1.0,5886.9
BTR-2104,2027-06,Retail,Target,DC-Central,0.12412039406345957,1122.0,259.0,1122.0,0.0,1.0,3478.2
BTR-2104,2027-06,Retail,Walmart,DC-East,0.15247569089048107,1379.0,318.0,1379.0,0.0,1.0,4274.9
BTR-2104,2027-06,Retail,Whole Foods,DC-East,0.04295675537359263,388.0,90.0,388.0,0.0,1.0,1202.8
BTR-2104,2027-07,Ecommerce,Amazon,DC-East,0.03214559877175026,230.0,0.0,230.0,0.0,1.0,713.0
BTR-2104,2027-07,Retail,Costco,DC-West,0.08792860798362334,630.0,145.0,630.0,0.0,1.0,1953.0
BTR-2104,2027-07,Ecommerce,DTC Shopify,DC-West,0.012458418628454452,89.0,0.0,89.0,0.0,1.0,275.9
BTR-2104,2027-07,Retail,Home Depot,DC-West,0.2836169396110543,2033.0,470.0,2033.0,0.0,1.0,6302.3
BTR-2104,2027-07,Retail,Kroger,DC-Central,0.05423170419651996,389.0,90.0,389.0,0.0,1.0,1205.9
BTR-2104,2027-07,Retail,Lowe's,DC-Central,0.21006589048106447,1506.0,348.0,1506.0,0.0,1.0,4668.6
BTR-2104,2027-07,Retail,Target,DC-Central,0.12412039406345957,890.0,206.0,890.0,0.0,1.0,2759.0
BTR-2104,2027-07,Retail,Walmart,DC-East,0.15247569089048107,1093.0,252.0,1093.0,0.0,1.0,3388.3
BTR-2104,2027-07,Retail,Whole Foods,DC-East,0.04295675537359263,308.0,71.0,308.0,0.0,1.0,954.8
BTR-2104,2027-08,Ecommerce,Amazon,DC-East,0.03214559877175026,191.0,0.0,191.0,0.0,1.0,592.1
BTR-2104,2027-08,Retail,Costco,DC-West,0.08792860798362334,522.0,121.0,522.0,0.0,1.0,1618.2
BTR-2104,2027-08,Ecommerce,DTC Shopify,DC-West,0.012458418628454452,74.0,0.0,74.0,0.0,1.0,229.4
BTR-2104,2027-08,Retail,Home Depot,DC-West,0.2836169396110543,1685.0,389.0,1685.0,0.0,1.0,5223.5
BTR-2104,2027-08,Retail,Kroger,DC-Central,0.05423170419651996,322.0,74.0,322.0,0.0,1.0,998.2
BTR-2104,2027-08,Retail,Lowe's,DC-Central,0.21006589048106447,1248.0,288.0,1248.0,0.0,1.0,3868.8
BTR-2104,2027-08,Retail,Target,DC-Central,0.12412039406345957,737.0,170.0,737.0,0.0,1.0,2284.7
BTR-2104,2027-08,Retail,Walmart,DC-East,0.15247569089048107,906.0,209.0,906.0,0.0,1.0,2808.6
BTR-2104,2027-08,Retail,Whole Foods,DC-East,0.04295675537359263,255.0,59.0,255.0,0.0,1.0,790.5
BTR-2201,2026-09,Ecommerce,Amazon,DC-East,0.11510210670756316,159.0,0.0,159.0,0.0,1.0,5167.5
BTR-2201,2026-09,Retail,Costco,DC-West,0.09548793284365163,132.0,30.0,132.0,0.0,1.0,4290.0
BTR-2201,2026-09,Ecommerce,DTC Shopify,DC-West,0.05956897247558318,83.0,0.0,83.0,0.0,1.0,2697.5
BTR-2201,2026-09,Retail,Home Depot,DC-West,0.2074420857212043,287.0,66.0,287.0,0.0,1.0,9327.5
BTR-2201,2026-09,Retail,Kroger,DC-Central,0.05182016304786504,72.0,17.0,72.0,0.0,1.0,2340.0
BTR-2201,2026-09,Retail,Lowe's,DC-Central,0.1419000726450884,197.0,45.0,197.0,0.0,1.0,6402.5
BTR-2201,2026-09,Retail,Target,DC-Central,0.12333521672451368,171.0,39.0,171.0,0.0,1.0,5557.5
BTR-2201,2026-09,Retail,Walmart,DC-East,0.15941561062232626,221.0,51.0,221.0,0.0,1.0,7182.5
BTR-2201,2026-09,Retail,Whole Foods,DC-East,0.04592783921220438,64.0,15.0,64.0,0.0,1.0,2080.0
BTR-2201,2026-10,Ecommerce,Amazon,DC-East,0.11510210670756316,174.0,0.0,174.0,0.0,1.0,5655.0
BTR-2201,2026-10,Retail,Costco,DC-West,0.09548793284365163,144.0,33.0,144.0,0.0,1.0,4680.0
BTR-2201,2026-10,Ecommerce,DTC Shopify,DC-West,0.05956897247558318,90.0,0.0,90.0,0.0,1.0,2925.0
BTR-2201,2026-10,Retail,Home Depot,DC-West,0.2074420857212043,313.0,72.0,313.0,0.0,1.0,10172.5
BTR-2201,2026-10,Retail,Kroger,DC-Central,0.05182016304786504,78.0,18.0,78.0,0.0,1.0,2535.0
BTR-2201,2026-10,Retail,Lowe's,DC-Central,0.1419000726450884,214.0,49.0,214.0,0.0,1.0,6955.0
BTR-2201,2026-10,Retail,Target,DC-Central,0.12333521672451368,186.0,43.0,186.0,0.0,1.0,6045.0
BTR-2201,2026-10,Retail,Walmart,DC-East,0.15941561062232626,241.0,56.0,241.0,0.0,1.0,7832.5
BTR-2201,2026-10,Retail,Whole Foods,DC-East,0.04592783921220438,69.0,16.0,69.0,0.0,1.0,2242.5
BTR-2201,2026-11,Ecommerce,Amazon,DC-East,0.11510210670756316,214.0,0.0,214.0,0.0,1.0,6955.0
BTR-2201,2026-11,Retail,Costco,DC-West,0.09548793284365163,178.0,41.0,178.0,0.0,1.0,5785.0
BTR-2201,2026-11,Ecommerce,DTC Shopify,DC-West,0.05956897247558318,111.0,0.0,111.0,0.0,1.0,3607.5
BTR-2201,2026-11,Retail,Home Depot,DC-West,0.2074420857212043,386.0,89.0,386.0,0.0,1.0,12545.0
BTR-2201,2026-11,Retail,Kroger,DC-Central,0.05182016304786504,97.0,22.0,97.0,0.0,1.0,3152.5
BTR-2201,2026-11,Retail,Lowe's,DC-Central,0.1419000726450884,264.0,61.0,264.0,0.0,1.0,8580.0
BTR-2201,2026-11,Retail,Target,DC-Central,0.12333521672451368,230.0,53.0,230.0,0.0,1.0,7475.0
BTR-2201,2026-11,Retail,Walmart,DC-East,0.15941561062232626,297.0,69.0,297.0,0.0,1.0,9652.5
BTR-2201,2026-11,Retail,Whole Foods,DC-East,0.04592783921220438,86.0,20.0,86.0,0.0,1.0,2795.0
BTR-2201,2026-12,Ecommerce,Amazon,DC-East,0.11510210670756316,177.0,0.0,177.0,0.0,1.0,5752.5
BTR-2201,2026-12,Retail,Costco,DC-West,0.09548793284365163,147.0,34.0,147.0,0.0,1.0,4777.5
BTR-2201,2026-12,Ecommerce,DTC Shopify,DC-West,0.05956897247558318,91.0,0.0,91.0,0.0,1.0,2957.5
BTR-2201,2026-12,Retail,Home Depot,DC-West,0.2074420857212043,319.0,74.0,319.0,0.0,1.0,10367.5
BTR-2201,2026-12,Retail,Kroger,DC-Central,0.05182016304786504,80.0,18.0,80.0,0.0,1.0,2600.0
BTR-2201,2026-12,Retail,Lowe's,DC-Central,0.1419000726450884,218.0,50.0,218.0,0.0,1.0,7085.0
BTR-2201,2026-12,Retail,Target,DC-Central,0.12333521672451368,189.0,44.0,189.0,0.0,1.0,6142.5
BTR-2201,2026-12,Retail,Walmart,DC-East,0.15941561062232626,245.0,57.0,245.0,0.0,1.0,7962.5
BTR-2201,2026-12,Retail,Whole Foods,DC-East,0.04592783921220438,71.0,16.0,71.0,0.0,1.0,2307.5
BTR-2201,2027-01,Ecommerce,Amazon,DC-East,0.11510210670756316,156.0,0.0,156.0,0.0,1.0,5070.0
BTR-2201,2027-01,Retail,Costco,DC-West,0.09548793284365163,129.0,30.0,129.0,0.0,1.0,4192.5
BTR-2201,2027-01,Ecommerce,DTC Shopify,DC-West,0.05956897247558318,81.0,0.0,81.0,0.0,1.0,2632.5
BTR-2201,2027-01,Retail,Home Depot,DC-West,0.2074420857212043,280.0,65.0,280.0,0.0,1.0,9100.0
BTR-2201,2027-01,Retail,Kroger,DC-Central,0.05182016304786504,70.0,16.0,70.0,0.0,1.0,2275.0
BTR-2201,2027-01,Retail,Lowe's,DC-Central,0.1419000726450884,192.0,44.0,192.0,0.0,1.0,6240.0
BTR-2201,2027-01,Retail,Target,DC-Central,0.12333521672451368,167.0,39.0,167.0,0.0,1.0,5427.5
BTR-2201,2027-01,Retail,Walmart,DC-East,0.15941561062232626,216.0,50.0,216.0,0.0,1.0,7020.0
BTR-2201,2027-01,Retail,Whole Foods,DC-East,0.04592783921220438,62.0,14.0,62.0,0.0,1.0,2015.0
BTR-2201,2027-02,Ecommerce,Amazon,DC-East,0.11510210670756316,226.0,0.0,226.0,0.0,1.0,7345.0
BTR-2201,2027-02,Retail,Costco,DC-West,0.09548793284365163,187.0,43.0,187.0,0.0,1.0,6077.5
BTR-2201,2027-02,Ecommerce,DTC Shopify,DC-West,0.05956897247558318,117.0,0.0,117.0,0.0,1.0,3802.5
BTR-2201,2027-02,Retail,Home Depot,DC-West,0.2074420857212043,407.0,94.0,407.0,0.0,1.0,13227.5
BTR-2201,2027-02,Retail,Kroger,DC-Central,0.05182016304786504,102.0,24.0,102.0,0.0,1.0,3315.0
BTR-2201,2027-02,Retail,Lowe's,DC-Central,0.1419000726450884,278.0,64.0,278.0,0.0,1.0,9035.0
BTR-2201,2027-02,Retail,Target,DC-Central,0.12333521672451368,242.0,56.0,242.0,0.0,1.0,7865.0
BTR-2201,2027-02,Retail,Walmart,DC-East,0.15941561062232626,313.0,72.0,313.0,0.0,1.0,10172.5
BTR-2201,2027-02,Retail,Whole Foods,DC-East,0.04592783921220438,90.0,21.0,90.0,0.0,1.0,2925.0
BTR-2201,2027-03,Ecommerce,Amazon,DC-East,0.11510210670756316,312.0,0.0,312.0,0.0,1.0,10140.0
BTR-2201,2027-03,Retail,Costco,DC-West,0.09548793284365163,259.0,60.0,259.0,0.0,1.0,8417.5
BTR-2201,2027-03,Ecommerce,DTC Shopify,DC-West,0.05956897247558318,162.0,0.0,162.0,0.0,1.0,5265.0
BTR-2201,2027-03,Retail,Home Depot,DC-West,0.2074420857212043,563.0,130.0,563.0,0.0,1.0,18297.5
BTR-2201,2027-03,Retail,Kroger,DC-Central,0.05182016304786504,141.0,33.0,141.0,0.0,1.0,4582.5
BTR-2201,2027-03,Retail,Lowe's,DC-Central,0.1419000726450884,385.0,89.0,385.0,0.0,1.0,12512.5
BTR-2201,2027-03,Retail,Target,DC-Central,0.12333521672451368,334.0,77.0,334.0,0.0,1.0,10855.0
BTR-2201,2027-03,Retail,Walmart,DC-East,0.15941561062232626,432.0,100.0,432.0,0.0,1.0,14040.0
BTR-2201,2027-03,Retail,Whole Foods,DC-East,0.04592783921220438,125.0,29.0,125.0,0.0,1.0,4062.5
BTR-2201,2027-04,Ecommerce,Amazon,DC-East,0.11510210670756316,379.0,0.0,379.0,0.0,1.0,12317.5
BTR-2201,2027-04,Retail,Costco,DC-West,0.09548793284365163,315.0,73.0,315.0,0.0,1.0,10237.5
BTR-2201,2027-04,Ecommerce,DTC Shopify,DC-West,0.05956897247558318,196.0,0.0,196.0,0.0,1.0,6370.0
BTR-2201,2027-04,Retail,Home Depot,DC-West,0.2074420857212043,684.0,158.0,684.0,0.0,1.0,22230.0
BTR-2201,2027-04,Retail,Kroger,DC-Central,0.05182016304786504,171.0,39.0,171.0,0.0,1.0,5557.5
BTR-2201,2027-04,Retail,Lowe's,DC-Central,0.1419000726450884,468.0,108.0,468.0,0.0,1.0,15210.0
BTR-2201,2027-04,Retail,Target,DC-Central,0.12333521672451368,407.0,94.0,407.0,0.0,1.0,13227.5
BTR-2201,2027-04,Retail,Walmart,DC-East,0.15941561062232626,525.0,121.0,525.0,0.0,1.0,17062.5
BTR-2201,2027-04,Retail,Whole Foods,DC-East,0.04592783921220438,151.0,35.0,151.0,0.0,1.0,4907.5
BTR-2201,2027-05,Ecommerce,Amazon,DC-East,0.11510210670756316,346.0,0.0,346.0,0.0,1.0,11245.0
BTR-2201,2027-05,Retail,Costco,DC-West,0.09548793284365163,287.0,66.0,287.0,0.0,1.0,9327.5
BTR-2201,2027-05,Ecommerce,DTC Shopify,DC-West,0.05956897247558318,179.0,0.0,179.0,0.0,1.0,5817.5
BTR-2201,2027-05,Retail,Home Depot,DC-West,0.2074420857212043,624.0,144.0,624.0,0.0,1.0,20280.0
BTR-2201,2027-05,Retail,Kroger,DC-Central,0.05182016304786504,156.0,36.0,156.0,0.0,1.0,5070.0
BTR-2201,2027-05,Retail,Lowe's,DC-Central,0.1419000726450884,427.0,99.0,427.0,0.0,1.0,13877.5
BTR-2201,2027-05,Retail,Target,DC-Central,0.12333521672451368,371.0,86.0,371.0,0.0,1.0,12057.5
BTR-2201,2027-05,Retail,Walmart,DC-East,0.15941561062232626,480.0,111.0,480.0,0.0,1.0,15600.0
BTR-2201,2027-05,Retail,Whole Foods,DC-East,0.04592783921220438,138.0,32.0,138.0,0.0,1.0,4485.0
BTR-2201,2027-06,Ecommerce,Amazon,DC-East,0.11510210670756316,224.0,0.0,224.0,0.0,1.0,7280.0
BTR-2201,2027-06,Retail,Costco,DC-West,0.09548793284365163,186.0,43.0,186.0,0.0,1.0,6045.0
BTR-2201,2027-06,Ecommerce,DTC Shopify,DC-West,0.05956897247558318,116.0,0.0,116.0,0.0,1.0,3770.0
BTR-2201,2027-06,Retail,Home Depot,DC-West,0.2074420857212043,404.0,93.0,404.0,0.0,1.0,13130.0
BTR-2201,2027-06,Retail,Kroger,DC-Central,0.05182016304786504,101.0,23.0,101.0,0.0,1.0,3282.5
BTR-2201,2027-06,Retail,Lowe's,DC-Central,0.1419000726450884,276.0,64.0,276.0,0.0,1.0,8970.0
BTR-2201,2027-06,Retail,Target,DC-Central,0.12333521672451368,240.0,55.0,240.0,0.0,1.0,7800.0
BTR-2201,2027-06,Retail,Walmart,DC-East,0.15941561062232626,310.0,72.0,310.0,0.0,1.0,10075.0
BTR-2201,2027-06,Retail,Whole Foods,DC-East,0.04592783921220438,89.0,21.0,89.0,0.0,1.0,2892.5
BTR-2201,2027-07,Ecommerce,Amazon,DC-East,0.11510210670756316,170.0,0.0,170.0,0.0,1.0,5525.0
BTR-2201,2027-07,Retail,Costco,DC-West,0.09548793284365163,141.0,33.0,141.0,0.0,1.0,4582.5
BTR-2201,2027-07,Ecommerce,DTC Shopify,DC-West,0.05956897247558318,88.0,0.0,88.0,0.0,1.0,2860.0
BTR-2201,2027-07,Retail,Home Depot,DC-West,0.2074420857212043,306.0,71.0,306.0,0.0,1.0,9945.0
BTR-2201,2027-07,Retail,Kroger,DC-Central,0.05182016304786504,76.0,18.0,76.0,0.0,1.0,2470.0
BTR-2201,2027-07,Retail,Lowe's,DC-Central,0.1419000726450884,209.0,48.0,209.0,0.0,1.0,6792.5
BTR-2201,2027-07,Retail,Target,DC-Central,0.12333521672451368,182.0,42.0,182.0,0.0,1.0,5915.0
BTR-2201,2027-07,Retail,Walmart,DC-East,0.15941561062232626,235.0,54.0,235.0,0.0,1.0,7637.5
BTR-2201,2027-07,Retail,Whole Foods,DC-East,0.04592783921220438,68.0,16.0,68.0,0.0,1.0,2210.0
BTR-2201,2027-08,Ecommerce,Amazon,DC-East,0.11510210670756316,179.0,0.0,179.0,0.0,1.0,5817.5
BTR-2201,2027-08,Retail,Costco,DC-West,0.09548793284365163,148.0,34.0,148.0,0.0,1.0,4810.0
BTR-2201,2027-08,Ecommerce,DTC Shopify,DC-West,0.05956897247558318,93.0,0.0,93.0,0.0,1.0,3022.5
BTR-2201,2027-08,Retail,Home Depot,DC-West,0.2074420857212043,322.0,74.0,322.0,0.0,1.0,10465.0
BTR-2201,2027-08,Retail,Kroger,DC-Central,0.05182016304786504,80.0,18.0,80.0,0.0,1.0,2600.0
BTR-2201,2027-08,Retail,Lowe's,DC-Central,0.1419000726450884,220.0,51.0,220.0,0.0,1.0,7150.0
BTR-2201,2027-08,Retail,Target,DC-Central,0.12333521672451368,192.0,44.0,192.0,0.0,1.0,6240.0
BTR-2201,2027-08,Retail,Walmart,DC-East,0.15941561062232626,248.0,57.0,248.0,0.0,1.0,8060.0
BTR-2201,2027-08,Retail,Whole Foods,DC-East,0.04592783921220438,71.0,16.0,71.0,0.0,1.0,2307.5
BTR-2202,2026-09,Ecommerce,Amazon,DC-East,0.12340332218628365,262.0,0.0,262.0,0.0,1.0,3720.4
BTR-2202,2026-09,Retail,Costco,DC-West,0.09067485335233814,193.0,45.0,193.0,0.0,1.0,2740.6
BTR-2202,2026-09,Ecommerce,DTC Shopify,DC-West,0.05816567074173565,124.0,0.0,124.0,0.0,1.0,1760.8
BTR-2202,2026-09,Retail,Home Depot,DC-West,0.2036620799298284,433.0,100.0,433.0,0.0,1.0,6148.6
BTR-2202,2026-09,Retail,Kroger,DC-Central,0.05575352228496245,118.0,27.0,118.0,0.0,1.0,1675.6
BTR-2202,2026-09,Retail,Lowe's,DC-Central,0.13842442848528042,294.0,68.0,294.0,0.0,1.0,4174.8
BTR-2202,2026-09,Retail,Target,DC-Central,0.12778904665314403,271.0,63.0,271.0,0.0,1.0,3848.2
BTR-2202,2026-09,Retail,Walmart,DC-East,0.15613179102022914,332.0,77.0,332.0,0.0,1.0,4714.4
BTR-2202,2026-09,Retail,Whole Foods,DC-East,0.04599528534619812,98.0,23.0,98.0,0.0,1.0,1391.6
BTR-2202,2026-10,Ecommerce,Amazon,DC-East,0.12340332218628365,289.0,0.0,289.0,0.0,1.0,4103.8
BTR-2202,2026-10,Retail,Costco,DC-West,0.09067485335233814,212.0,49.0,212.0,0.0,1.0,3010.4
BTR-2202,2026-10,Ecommerce,DTC Shopify,DC-West,0.05816567074173565,136.0,0.0,136.0,0.0,1.0,1931.2
BTR-2202,2026-10,Retail,Home Depot,DC-West,0.2036620799298284,477.0,110.0,477.0,0.0,1.0,6773.4
BTR-2202,2026-10,Retail,Kroger,DC-Central,0.05575352228496245,131.0,30.0,131.0,0.0,1.0,1860.2
BTR-2202,2026-10,Retail,Lowe's,DC-Central,0.13842442848528042,324.0,75.0,324.0,0.0,1.0,4600.8
BTR-2202,2026-10,Retail,Target,DC-Central,0.12778904665314403,299.0,69.0,299.0,0.0,1.0,4245.8
BTR-2202,2026-10,Retail,Walmart,DC-East,0.15613179102022914,366.0,85.0,366.0,0.0,1.0,5197.2
BTR-2202,2026-10,Retail,Whole Foods,DC-East,0.04599528534619812,108.0,25.0,108.0,0.0,1.0,1533.6
BTR-2202,2026-11,Ecommerce,Amazon,DC-East,0.12340332218628365,361.0,0.0,361.0,0.0,1.0,5126.2
BTR-2202,2026-11,Retail,Costco,DC-West,0.09067485335233814,265.0,61.0,265.0,0.0,1.0,3763.0
BTR-2202,2026-11,Ecommerce,DTC Shopify,DC-West,0.05816567074173565,170.0,0.0,170.0,0.0,1.0,2414.0
BTR-2202,2026-11,Retail,Home Depot,DC-West,0.2036620799298284,595.0,137.0,595.0,0.0,1.0,8449.0
BTR-2202,2026-11,Retail,Kroger,DC-Central,0.05575352228496245,163.0,38.0,163.0,0.0,1.0,2314.6
BTR-2202,2026-11,Retail,Lowe's,DC-Central,0.13842442848528042,404.0,93.0,404.0,0.0,1.0,5736.8
BTR-2202,2026-11,Retail,Target,DC-Central,0.12778904665314403,373.0,86.0,373.0,0.0,1.0,5296.6
BTR-2202,2026-11,Retail,Walmart,DC-East,0.15613179102022914,456.0,105.0,456.0,0.0,1.0,6475.2
BTR-2202,2026-11,Retail,Whole Foods,DC-East,0.04599528534619812,134.0,31.0,134.0,0.0,1.0,1902.8
BTR-2202,2026-12,Ecommerce,Amazon,DC-East,0.12340332218628365,301.0,0.0,301.0,0.0,1.0,4274.2
BTR-2202,2026-12,Retail,Costco,DC-West,0.09067485335233814,221.0,51.0,221.0,0.0,1.0,3138.2
BTR-2202,2026-12,Ecommerce,DTC Shopify,DC-West,0.05816567074173565,142.0,0.0,142.0,0.0,1.0,2016.4
BTR-2202,2026-12,Retail,Home Depot,DC-West,0.2036620799298284,496.0,115.0,496.0,0.0,1.0,7043.2
BTR-2202,2026-12,Retail,Kroger,DC-Central,0.05575352228496245,136.0,31.0,136.0,0.0,1.0,1931.2
BTR-2202,2026-12,Retail,Lowe's,DC-Central,0.13842442848528042,337.0,78.0,337.0,0.0,1.0,4785.4
BTR-2202,2026-12,Retail,Target,DC-Central,0.12778904665314403,311.0,72.0,311.0,0.0,1.0,4416.2
BTR-2202,2026-12,Retail,Walmart,DC-East,0.15613179102022914,380.0,88.0,380.0,0.0,1.0,5396.0
BTR-2202,2026-12,Retail,Whole Foods,DC-East,0.04599528534619812,112.0,26.0,112.0,0.0,1.0,1590.4
BTR-2202,2027-01,Ecommerce,Amazon,DC-East,0.12340332218628365,268.0,0.0,268.0,0.0,1.0,3805.6
BTR-2202,2027-01,Retail,Costco,DC-West,0.09067485335233814,197.0,45.0,197.0,0.0,1.0,2797.4
BTR-2202,2027-01,Ecommerce,DTC Shopify,DC-West,0.05816567074173565,126.0,0.0,126.0,0.0,1.0,1789.2
BTR-2202,2027-01,Retail,Home Depot,DC-West,0.2036620799298284,442.0,102.0,442.0,0.0,1.0,6276.4
BTR-2202,2027-01,Retail,Kroger,DC-Central,0.05575352228496245,121.0,28.0,121.0,0.0,1.0,1718.2
BTR-2202,2027-01,Retail,Lowe's,DC-Central,0.13842442848528042,300.0,69.0,300.0,0.0,1.0,4260.0
BTR-2202,2027-01,Retail,Target,DC-Central,0.12778904665314403,277.0,64.0,277.0,0.0,1.0,3933.4
BTR-2202,2027-01,Retail,Walmart,DC-East,0.15613179102022914,338.0,78.0,338.0,0.0,1.0,4799.6
BTR-2202,2027-01,Retail,Whole Foods,DC-East,0.04599528534619812,100.0,23.0,100.0,0.0,1.0,1420.0
BTR-2202,2027-02,Ecommerce,Amazon,DC-East,0.12340332218628365,392.0,0.0,392.0,0.0,1.0,5566.4
BTR-2202,2027-02,Retail,Costco,DC-West,0.09067485335233814,288.0,67.0,288.0,0.0,1.0,4089.6
BTR-2202,2027-02,Ecommerce,DTC Shopify,DC-West,0.05816567074173565,185.0,0.0,185.0,0.0,1.0,2627.0
BTR-2202,2027-02,Retail,Home Depot,DC-West,0.2036620799298284,647.0,149.0,647.0,0.0,1.0,9187.4
BTR-2202,2027-02,Retail,Kroger,DC-Central,0.05575352228496245,177.0,41.0,177.0,0.0,1.0,2513.4
BTR-2202,2027-02,Retail,Lowe's,DC-Central,0.13842442848528042,440.0,102.0,440.0,0.0,1.0,6248.0
BTR-2202,2027-02,Retail,Target,DC-Central,0.12778904665314403,406.0,94.0,406.0,0.0,1.0,5765.2
BTR-2202,2027-02,Retail,Walmart,DC-East,0.15613179102022914,496.0,115.0,496.0,0.0,1.0,7043.2
BTR-2202,2027-02,Retail,Whole Foods,DC-East,0.04599528534619812,146.0,34.0,146.0,0.0,1.0,2073.2
BTR-2202,2027-03,Ecommerce,Amazon,DC-East,0.12340332218628365,549.0,0.0,549.0,0.0,1.0,7795.8
BTR-2202,2027-03,Retail,Costco,DC-West,0.09067485335233814,403.0,93.0,403.0,0.0,1.0,5722.6
BTR-2202,2027-03,Ecommerce,DTC Shopify,DC-West,0.05816567074173565,259.0,0.0,259.0,0.0,1.0,3677.8
BTR-2202,2027-03,Retail,Home Depot,DC-West,0.2036620799298284,905.0,209.0,905.0,0.0,1.0,12851.0
BTR-2202,2027-03,Retail,Kroger,DC-Central,0.05575352228496245,248.0,57.0,248.0,0.0,1.0,3521.6
BTR-2202,2027-03,Retail,Lowe's,DC-Central,0.13842442848528042,615.0,142.0,615.0,0.0,1.0,8733.0
BTR-2202,2027-03,Retail,Target,DC-Central,0.12778904665314403,568.0,131.0,568.0,0.0,1.0,8065.6
BTR-2202,2027-03,Retail,Walmart,DC-East,0.15613179102022914,694.0,160.0,694.0,0.0,1.0,9854.8
BTR-2202,2027-03,Retail,Whole Foods,DC-East,0.04599528534619812,204.0,47.0,204.0,0.0,1.0,2896.8
BTR-2202,2027-04,Ecommerce,Amazon,DC-East,0.12340332218628365,674.0,0.0,674.0,0.0,1.0,9570.8
BTR-2202,2027-04,Retail,Costco,DC-West,0.09067485335233814,495.0,114.0,495.0,0.0,1.0,7029.0
BTR-2202,2027-04,Ecommerce,DTC Shopify,DC-West,0.05816567074173565,318.0,0.0,318.0,0.0,1.0,4515.6
BTR-2202,2027-04,Retail,Home Depot,DC-West,0.2036620799298284,1112.0,257.0,1112.0,0.0,1.0,15790.4
BTR-2202,2027-04,Retail,Kroger,DC-Central,0.05575352228496245,305.0,70.0,305.0,0.0,1.0,4331.0
BTR-2202,2027-04,Retail,Lowe's,DC-Central,0.13842442848528042,756.0,175.0,756.0,0.0,1.0,10735.2
BTR-2202,2027-04,Retail,Target,DC-Central,0.12778904665314403,698.0,161.0,698.0,0.0,1.0,9911.6
BTR-2202,2027-04,Retail,Walmart,DC-East,0.15613179102022914,853.0,197.0,853.0,0.0,1.0,12112.6
BTR-2202,2027-04,Retail,Whole Foods,DC-East,0.04599528534619812,251.0,58.0,251.0,0.0,1.0,3564.2
BTR-2202,2027-05,Ecommerce,Amazon,DC-East,0.12340332218628365,622.0,0.0,622.0,0.0,1.0,8832.4
BTR-2202,2027-05,Retail,Costco,DC-West,0.09067485335233814,457.0,106.0,457.0,0.0,1.0,6489.4
BTR-2202,2027-05,Ecommerce,DTC Shopify,DC-West,0.05816567074173565,293.0,0.0,293.0,0.0,1.0,4160.6
BTR-2202,2027-05,Retail,Home Depot,DC-West,0.2036620799298284,1027.0,237.0,1027.0,0.0,1.0,14583.4
BTR-2202,2027-05,Retail,Kroger,DC-Central,0.05575352228496245,281.0,65.0,281.0,0.0,1.0,3990.2
BTR-2202,2027-05,Retail,Lowe's,DC-Central,0.13842442848528042,698.0,161.0,698.0,0.0,1.0,9911.6
BTR-2202,2027-05,Retail,Target,DC-Central,0.12778904665314403,644.0,149.0,644.0,0.0,1.0,9144.8
BTR-2202,2027-05,Retail,Walmart,DC-East,0.15613179102022914,787.0,182.0,787.0,0.0,1.0,11175.4
BTR-2202,2027-05,Retail,Whole Foods,DC-East,0.04599528534619812,232.0,54.0,232.0,0.0,1.0,3294.4
BTR-2202,2027-06,Ecommerce,Amazon,DC-East,0.12340332218628365,407.0,0.0,407.0,0.0,1.0,5779.4
BTR-2202,2027-06,Retail,Costco,DC-West,0.09067485335233814,299.0,69.0,299.0,0.0,1.0,4245.8
BTR-2202,2027-06,Ecommerce,DTC Shopify,DC-West,0.05816567074173565,192.0,0.0,192.0,0.0,1.0,2726.4
BTR-2202,2027-06,Retail,Home Depot,DC-West,0.2036620799298284,672.0,155.0,672.0,0.0,1.0,9542.4
BTR-2202,2027-06,Retail,Kroger,DC-Central,0.05575352228496245,184.0,42.0,184.0,0.0,1.0,2612.8
BTR-2202,2027-06,Retail,Lowe's,DC-Central,0.13842442848528042,457.0,106.0,457.0,0.0,1.0,6489.4
BTR-2202,2027-06,Retail,Target,DC-Central,0.12778904665314403,421.0,97.0,421.0,0.0,1.0,5978.2
BTR-2202,2027-06,Retail,Walmart,DC-East,0.15613179102022914,515.0,119.0,515.0,0.0,1.0,7313.0
BTR-2202,2027-06,Retail,Whole Foods,DC-East,0.04599528534619812,152.0,35.0,152.0,0.0,1.0,2158.4
BTR-2202,2027-07,Ecommerce,Amazon,DC-East,0.12340332218628365,312.0,0.0,312.0,0.0,1.0,4430.4
BTR-2202,2027-07,Retail,Costco,DC-West,0.09067485335233814,229.0,53.0,229.0,0.0,1.0,3251.8
BTR-2202,2027-07,Ecommerce,DTC Shopify,DC-West,0.05816567074173565,147.0,0.0,147.0,0.0,1.0,2087.4
BTR-2202,2027-07,Retail,Home Depot,DC-West,0.2036620799298284,515.0,119.0,515.0,0.0,1.0,7313.0
BTR-2202,2027-07,Retail,Kroger,DC-Central,0.05575352228496245,141.0,33.0,141.0,0.0,1.0,2002.2
BTR-2202,2027-07,Retail,Lowe's,DC-Central,0.13842442848528042,350.0,81.0,350.0,0.0,1.0,4970.0
BTR-2202,2027-07,Retail,Target,DC-Central,0.12778904665314403,323.0,75.0,323.0,0.0,1.0,4586.6
BTR-2202,2027-07,Retail,Walmart,DC-East,0.15613179102022914,395.0,91.0,395.0,0.0,1.0,5609.0
BTR-2202,2027-07,Retail,Whole Foods,DC-East,0.04599528534619812,116.0,27.0,116.0,0.0,1.0,1647.2
BTR-2202,2027-08,Ecommerce,Amazon,DC-East,0.12340332218628365,332.0,0.0,332.0,0.0,1.0,4714.4
BTR-2202,2027-08,Retail,Costco,DC-West,0.09067485335233814,244.0,56.0,244.0,0.0,1.0,3464.8
BTR-2202,2027-08,Ecommerce,DTC Shopify,DC-West,0.05816567074173565,157.0,0.0,157.0,0.0,1.0,2229.4
BTR-2202,2027-08,Retail,Home Depot,DC-West,0.2036620799298284,548.0,127.0,548.0,0.0,1.0,7781.6
BTR-2202,2027-08,Retail,Kroger,DC-Central,0.05575352228496245,150.0,35.0,150.0,0.0,1.0,2130.0
BTR-2202,2027-08,Retail,Lowe's,DC-Central,0.13842442848528042,373.0,86.0,373.0,0.0,1.0,5296.6
BTR-2202,2027-08,Retail,Target,DC-Central,0.12778904665314403,344.0,79.0,344.0,0.0,1.0,4884.8
BTR-2202,2027-08,Retail,Walmart,DC-East,0.15613179102022914,420.0,97.0,420.0,0.0,1.0,5964.0
BTR-2202,2027-08,Retail,Whole Foods,DC-East,0.04599528534619812,124.0,29.0,124.0,0.0,1.0,1760.8
BTR-2203,2026-09,Ecommerce,Amazon,DC-East,0.11134572072072071,264.0,0.0,264.0,0.0,1.0,2326.26
BTR-2203,2026-09,Retail,Costco,DC-West,0.0884009009009009,209.0,48.0,209.0,0.0,1.0,1841.62
BTR-2203,2026-09,Ecommerce,DTC Shopify,DC-West,0.0629222972972973,149.0,0.0,149.0,0.0,1.0,1312.93
BTR-2203,2026-09,Retail,Home Depot,DC-West,0.19252064564564564,456.0,105.0,456.0,0.0,1.0,4018.09
BTR-2203,2026-09,Retail,Kroger,DC-Central,0.054523273273273276,129.0,30.0,129.0,0.0,1.0,1136.7
BTR-2203,2026-09,Retail,Lowe's,DC-Central,0.14569256756756757,345.0,80.0,345.0,0.0,1.0,3040.0
BTR-2203,2026-09,Retail,Target,DC-Central,0.1417042042042042,336.0,78.0,336.0,0.0,1.0,2960.7
BTR-2203,2026-09,Retail,Walmart,DC-East,0.15990990990990991,379.0,88.0,379.0,0.0,1.0,3339.6
BTR-2203,2026-09,Retail,Whole Foods,DC-East,0.04298048048048048,102.0,24.0,102.0,0.0,1.0,898.78
BTR-2203,2026-10,Ecommerce,Amazon,DC-East,0.11134572072072071,287.0,0.0,287.0,0.0,1.0,2528.93
BTR-2203,2026-10,Retail,Costco,DC-West,0.0884009009009009,228.0,53.0,228.0,0.0,1.0,2009.04
BTR-2203,2026-10,Ecommerce,DTC Shopify,DC-West,0.0629222972972973,162.0,0.0,162.0,0.0,1.0,1427.48
BTR-2203,2026-10,Retail,Home Depot,DC-West,0.19252064564564564,497.0,115.0,497.0,0.0,1.0,4379.37
BTR-2203,2026-10,Retail,Kroger,DC-Central,0.054523273273273276,141.0,33.0,141.0,0.0,1.0,1242.44
BTR-2203,2026-10,Retail,Lowe's,DC-Central,0.14569256756756757,376.0,87.0,376.0,0.0,1.0,3313.16
BTR-2203,2026-10,Retail,Target,DC-Central,0.1417042042042042,366.0,85.0,366.0,0.0,1.0,3225.05
BTR-2203,2026-10,Retail,Walmart,DC-East,0.15990990990990991,413.0,95.0,413.0,0.0,1.0,3639.19
BTR-2203,2026-10,Retail,Whole Foods,DC-East,0.04298048048048048,111.0,26.0,111.0,0.0,1.0,978.09
BTR-2203,2026-11,Ecommerce,Amazon,DC-East,0.11134572072072071,354.0,0.0,354.0,0.0,1.0,3119.31
BTR-2203,2026-11,Retail,Costco,DC-West,0.0884009009009009,281.0,65.0,281.0,0.0,1.0,2476.06
BTR-2203,2026-11,Ecommerce,DTC Shopify,DC-West,0.0629222972972973,200.0,0.0,200.0,0.0,1.0,1762.32
BTR-2203,2026-11,Retail,Home Depot,DC-West,0.19252064564564564,612.0,141.0,612.0,0.0,1.0,5392.7
BTR-2203,2026-11,Retail,Kroger,DC-Central,0.054523273273273276,173.0,40.0,173.0,0.0,1.0,1524.41
BTR-2203,2026-11,Retail,Lowe's,DC-Central,0.14569256756756757,463.0,107.0,463.0,0.0,1.0,4079.77
BTR-2203,2026-11,Retail,Target,DC-Central,0.1417042042042042,450.0,104.0,450.0,0.0,1.0,3965.22
BTR-2203,2026-11,Retail,Walmart,DC-East,0.15990990990990991,508.0,117.0,508.0,0.0,1.0,4476.29
BTR-2203,2026-11,Retail,Whole Foods,DC-East,0.04298048048048048,137.0,32.0,137.0,0.0,1.0,1207.19
BTR-2203,2026-12,Ecommerce,Amazon,DC-East,0.11134572072072071,291.0,0.0,291.0,0.0,1.0,2564.18
BTR-2203,2026-12,Retail,Costco,DC-West,0.0884009009009009,231.0,53.0,231.0,0.0,1.0,2035.48
BTR-2203,2026-12,Ecommerce,DTC Shopify,DC-West,0.0629222972972973,165.0,0.0,165.0,0.0,1.0,1453.91
BTR-2203,2026-12,Retail,Home Depot,DC-West,0.19252064564564564,504.0,116.0,504.0,0.0,1.0,4441.05
BTR-2203,2026-12,Retail,Kroger,DC-Central,0.054523273273273276,143.0,33.0,143.0,0.0,1.0,1260.06
BTR-2203,2026-12,Retail,Lowe's,DC-Central,0.14569256756756757,381.0,88.0,381.0,0.0,1.0,3357.22
BTR-2203,2026-12,Retail,Target,DC-Central,0.1417042042042042,371.0,86.0,371.0,0.0,1.0,3269.1
BTR-2203,2026-12,Retail,Walmart,DC-East,0.15990990990990991,418.0,97.0,418.0,0.0,1.0,3683.25
BTR-2203,2026-12,Retail,Whole Foods,DC-East,0.04298048048048048,112.0,26.0,112.0,0.0,1.0,986.9
BTR-2203,2027-01,Ecommerce,Amazon,DC-East,0.11134572072072071,256.0,0.0,256.0,0.0,1.0,2255.77
BTR-2203,2027-01,Retail,Costco,DC-West,0.0884009009009009,203.0,47.0,203.0,0.0,1.0,1788.75
BTR-2203,2027-01,Ecommerce,DTC Shopify,DC-West,0.0629222972972973,145.0,0.0,145.0,0.0,1.0,1277.68
BTR-2203,2027-01,Retail,Home Depot,DC-West,0.19252064564564564,443.0,102.0,443.0,0.0,1.0,3903.54
BTR-2203,2027-01,Retail,Kroger,DC-Central,0.054523273273273276,125.0,29.0,125.0,0.0,1.0,1101.45
BTR-2203,2027-01,Retail,Lowe's,DC-Central,0.14569256756756757,335.0,77.0,335.0,0.0,1.0,2951.89
BTR-2203,2027-01,Retail,Target,DC-Central,0.1417042042042042,326.0,75.0,326.0,0.0,1.0,2872.58
BTR-2203,2027-01,Retail,Walmart,DC-East,0.15990990990990991,368.0,85.0,368.0,0.0,1.0,3242.67
BTR-2203,2027-01,Retail,Whole Foods,DC-East,0.04298048048048048,99.0,23.0,99.0,0.0,1.0,872.35
BTR-2203,2027-02,Ecommerce,Amazon,DC-East,0.11134572072072071,371.0,0.0,371.0,0.0,1.0,3269.1
BTR-2203,2027-02,Retail,Costco,DC-West,0.0884009009009009,294.0,68.0,294.0,0.0,1.0,2590.61
BTR-2203,2027-02,Ecommerce,DTC Shopify,DC-West,0.0629222972972973,210.0,0.0,210.0,0.0,1.0,1850.44
BTR-2203,2027-02,Retail,Home Depot,DC-West,0.19252064564564564,641.0,148.0,641.0,0.0,1.0,5648.24
BTR-2203,2027-02,Retail,Kroger,DC-Central,0.054523273273273276,182.0,42.0,182.0,0.0,1.0,1603.71
BTR-2203,2027-02,Retail,Lowe's,DC-Central,0.14569256756756757,485.0,112.0,485.0,0.0,1.0,4273.63
BTR-2203,2027-02,Retail,Target,DC-Central,0.1417042042042042,472.0,109.0,472.0,0.0,1.0,4159.08
BTR-2203,2027-02,Retail,Walmart,DC-East,0.15990990990990991,533.0,123.0,533.0,0.0,1.0,4696.58
BTR-2203,2027-02,Retail,Whole Foods,DC-East,0.04298048048048048,143.0,33.0,143.0,0.0,1.0,1260.06
BTR-2203,2027-03,Ecommerce,Amazon,DC-East,0.11134572072072071,512.0,0.0,512.0,0.0,1.0,4511.54
BTR-2203,2027-03,Retail,Costco,DC-West,0.0884009009009009,407.0,94.0,407.0,0.0,1.0,3586.32
BTR-2203,2027-03,Ecommerce,DTC Shopify,DC-West,0.0629222972972973,290.0,0.0,290.0,0.0,1.0,2555.36
BTR-2203,2027-03,Retail,Home Depot,DC-West,0.19252064564564564,886.0,205.0,886.0,0.0,1.0,7807.08
BTR-2203,2027-03,Retail,Kroger,DC-Central,0.054523273273273276,251.0,58.0,251.0,0.0,1.0,2211.71
BTR-2203,2027-03,Retail,Lowe's,DC-Central,0.14569256756756757,670.0,155.0,670.0,0.0,1.0,5903.77
BTR-2203,2027-03,Retail,Target,DC-Central,0.1417042042042042,652.0,151.0,652.0,0.0,1.0,5745.16
BTR-2203,2027-03,Retail,Walmart,DC-East,0.15990990990990991,736.0,170.0,736.0,0.0,1.0,6485.34
BTR-2203,2027-03,Retail,Whole Foods,DC-East,0.04298048048048048,198.0,46.0,198.0,0.0,1.0,1744.7
BTR-2203,2027-04,Ecommerce,Amazon,DC-East,0.11134572072072071,622.0,0.0,622.0,0.0,1.0,5480.82
BTR-2203,2027-04,Retail,Costco,DC-West,0.0884009009009009,494.0,114.0,494.0,0.0,1.0,4352.93
BTR-2203,2027-04,Ecommerce,DTC Shopify,DC-West,0.0629222972972973,351.0,0.0,351.0,0.0,1.0,3092.87
BTR-2203,2027-04,Retail,Home Depot,DC-West,0.19252064564564564,1075.0,248.0,1075.0,0.0,1.0,9472.47
BTR-2203,2027-04,Retail,Kroger,DC-Central,0.054523273273273276,304.0,70.0,304.0,0.0,1.0,2678.73
BTR-2203,2027-04,Retail,Lowe's,DC-Central,0.14569256756756757,814.0,188.0,814.0,0.0,1.0,7172.64
BTR-2203,2027-04,Retail,Target,DC-Central,0.1417042042042042,791.0,183.0,791.0,0.0,1.0,6969.98
BTR-2203,2027-04,Retail,Walmart,DC-East,0.15990990990990991,893.0,206.0,893.0,0.0,1.0,7868.76
BTR-2203,2027-04,Retail,Whole Foods,DC-East,0.04298048048048048,240.0,55.0,240.0,0.0,1.0,2114.78
BTR-2203,2027-05,Ecommerce,Amazon,DC-East,0.11134572072072071,567.0,0.0,567.0,0.0,1.0,4996.18
BTR-2203,2027-05,Retail,Costco,DC-West,0.0884009009009009,450.0,104.0,450.0,0.0,1.0,3965.22
BTR-2203,2027-05,Ecommerce,DTC Shopify,DC-West,0.0629222972972973,320.0,0.0,320.0,0.0,1.0,2819.71
BTR-2203,2027-05,Retail,Home Depot,DC-West,0.19252064564564564,980.0,226.0,980.0,0.0,1.0,8635.37
BTR-2203,2027-05,Retail,Kroger,DC-Central,0.054523273273273276,278.0,64.0,278.0,0.0,1.0,2449.62
BTR-2203,2027-05,Retail,Lowe's,DC-Central,0.14569256756756757,742.0,171.0,742.0,0.0,1.0,6538.21
BTR-2203,2027-05,Retail,Target,DC-Central,0.1417042042042042,721.0,167.0,721.0,0.0,1.0,6353.16
BTR-2203,2027-05,Retail,Walmart,DC-East,0.15990990990990991,814.0,188.0,814.0,0.0,1.0,7172.64
BTR-2203,2027-05,Retail,Whole Foods,DC-East,0.04298048048048048,219.0,51.0,219.0,0.0,1.0,1929.74
BTR-2203,2027-06,Ecommerce,Amazon,DC-East,0.11134572072072071,366.0,0.0,366.0,0.0,1.0,3225.05
BTR-2203,2027-06,Retail,Costco,DC-West,0.0884009009009009,291.0,67.0,291.0,0.0,1.0,2564.18
BTR-2203,2027-06,Ecommerce,DTC Shopify,DC-West,0.0629222972972973,207.0,0.0,207.0,0.0,1.0,1824.0
BTR-2203,2027-06,Retail,Home Depot,DC-West,0.19252064564564564,633.0,146.0,633.0,0.0,1.0,5577.74
BTR-2203,2027-06,Retail,Kroger,DC-Central,0.054523273273273276,179.0,41.0,179.0,0.0,1.0,1577.28
BTR-2203,2027-06,Retail,Lowe's,DC-Central,0.14569256756756757,479.0,111.0,479.0,0.0,1.0,4220.76
BTR-2203,2027-06,Retail,Target,DC-Central,0.1417042042042042,466.0,108.0,466.0,0.0,1.0,4106.21
BTR-2203,2027-06,Retail,Walmart,DC-East,0.15990990990990991,526.0,121.0,526.0,0.0,1.0,4634.9
BTR-2203,2027-06,Retail,Whole Foods,DC-East,0.04298048048048048,141.0,33.0,141.0,0.0,1.0,1242.44
BTR-2203,2027-07,Ecommerce,Amazon,DC-East,0.11134572072072071,277.0,0.0,277.0,0.0,1.0,2440.81
BTR-2203,2027-07,Retail,Costco,DC-West,0.0884009009009009,220.0,51.0,220.0,0.0,1.0,1938.55
BTR-2203,2027-07,Ecommerce,DTC Shopify,DC-West,0.0629222972972973,157.0,0.0,157.0,0.0,1.0,1383.42
BTR-2203,2027-07,Retail,Home Depot,DC-West,0.19252064564564564,479.0,111.0,479.0,0.0,1.0,4220.76
BTR-2203,2027-07,Retail,Kroger,DC-Central,0.054523273273273276,136.0,31.0,136.0,0.0,1.0,1198.38
BTR-2203,2027-07,Retail,Lowe's,DC-Central,0.14569256756756757,363.0,84.0,363.0,0.0,1.0,3198.61
BTR-2203,2027-07,Retail,Target,DC-Central,0.1417042042042042,353.0,82.0,353.0,0.0,1.0,3110.49
BTR-2203,2027-07,Retail,Walmart,DC-East,0.15990990990990991,398.0,92.0,398.0,0.0,1.0,3507.02
BTR-2203,2027-07,Retail,Whole Foods,DC-East,0.04298048048048048,107.0,25.0,107.0,0.0,1.0,942.84
BTR-2203,2027-08,Ecommerce,Amazon,DC-East,0.11134572072072071,291.0,0.0,291.0,0.0,1.0,2564.18
BTR-2203,2027-08,Retail,Costco,DC-West,0.0884009009009009,231.0,53.0,231.0,0.0,1.0,2035.48
BTR-2203,2027-08,Ecommerce,DTC Shopify,DC-West,0.0629222972972973,165.0,0.0,165.0,0.0,1.0,1453.91
BTR-2203,2027-08,Retail,Home Depot,DC-West,0.19252064564564564,504.0,116.0,504.0,0.0,1.0,4441.05
BTR-2203,2027-08,Retail,Kroger,DC-Central,0.054523273273273276,143.0,33.0,143.0,0.0,1.0,1260.06
BTR-2203,2027-08,Retail,Lowe's,DC-Central,0.14569256756756757,381.0,88.0,381.0,0.0,1.0,3357.22
BTR-2203,2027-08,Retail,Target,DC-Central,0.1417042042042042,371.0,86.0,371.0,0.0,1.0,3269.1
BTR-2203,2027-08,Retail,Walmart,DC-East,0.15990990990990991,418.0,97.0,418.0,0.0,1.0,3683.25
BTR-2203,2027-08,Retail,Whole Foods,DC-East,0.04298048048048048,112.0,26.0,112.0,0.0,1.0,986.9
BTR-2204,2026-09,Ecommerce,Amazon,DC-East,0.11989813476495285,169.0,0.0,169.0,0.0,1.0,2978.32
BTR-2204,2026-09,Retail,Costco,DC-West,0.091403400096359,129.0,30.0,129.0,0.0,1.0,2273.39
BTR-2204,2026-09,Ecommerce,DTC Shopify,DC-West,0.06029320669006814,85.0,0.0,85.0,0.0,1.0,1497.97
BTR-2204,2026-09,Retail,Home Depot,DC-West,0.20352398650973913,287.0,66.0,287.0,0.0,1.0,5057.86
BTR-2204,2026-09,Retail,Kroger,DC-Central,0.05568173996833918,78.0,18.0,78.0,0.0,1.0,1374.61
BTR-2204,2026-09,Retail,Lowe's,DC-Central,0.14729162364925322,207.0,48.0,207.0,0.0,1.0,3648.0
BTR-2204,2026-09,Retail,Target,DC-Central,0.1366233051139101,192.0,44.0,192.0,0.0,1.0,3383.65
BTR-2204,2026-09,Retail,Walmart,DC-East,0.1404776653589373,198.0,46.0,198.0,0.0,1.0,3489.39
BTR-2204,2026-09,Retail,Whole Foods,DC-East,0.04480693784844105,63.0,15.0,63.0,0.0,1.0,1110.26
BTR-2204,2026-10,Ecommerce,Amazon,DC-East,0.11989813476495285,182.0,0.0,182.0,0.0,1.0,3207.42
BTR-2204,2026-10,Retail,Costco,DC-West,0.091403400096359,139.0,32.0,139.0,0.0,1.0,2449.62
BTR-2204,2026-10,Ecommerce,DTC Shopify,DC-West,0.06029320669006814,91.0,0.0,91.0,0.0,1.0,1603.71
BTR-2204,2026-10,Retail,Home Depot,DC-West,0.20352398650973913,309.0,71.0,309.0,0.0,1.0,5445.57
BTR-2204,2026-10,Retail,Kroger,DC-Central,0.05568173996833918,84.0,19.0,84.0,0.0,1.0,1480.35
BTR-2204,2026-10,Retail,Lowe's,DC-Central,0.14729162364925322,223.0,52.0,223.0,0.0,1.0,3929.97
BTR-2204,2026-10,Retail,Target,DC-Central,0.1366233051139101,207.0,48.0,207.0,0.0,1.0,3648.0
BTR-2204,2026-10,Retail,Walmart,DC-East,0.1404776653589373,213.0,49.0,213.0,0.0,1.0,3753.74
BTR-2204,2026-10,Retail,Whole Foods,DC-East,0.04480693784844105,68.0,16.0,68.0,0.0,1.0,1198.38
BTR-2204,2026-11,Ecommerce,Amazon,DC-East,0.11989813476495285,221.0,0.0,221.0,0.0,1.0,3894.73
BTR-2204,2026-11,Retail,Costco,DC-West,0.091403400096359,168.0,39.0,168.0,0.0,1.0,2960.7
BTR-2204,2026-11,Ecommerce,DTC Shopify,DC-West,0.06029320669006814,111.0,0.0,111.0,0.0,1.0,1956.18
BTR-2204,2026-11,Retail,Home Depot,DC-West,0.20352398650973913,375.0,87.0,375.0,0.0,1.0,6608.7
BTR-2204,2026-11,Retail,Kroger,DC-Central,0.05568173996833918,103.0,24.0,103.0,0.0,1.0,1815.19
BTR-2204,2026-11,Retail,Lowe's,DC-Central,0.14729162364925322,271.0,63.0,271.0,0.0,1.0,4775.89
BTR-2204,2026-11,Retail,Target,DC-Central,0.1366233051139101,252.0,58.0,252.0,0.0,1.0,4441.05
BTR-2204,2026-11,Retail,Walmart,DC-East,0.1404776653589373,259.0,60.0,259.0,0.0,1.0,4564.41
BTR-2204,2026-11,Retail,Whole Foods,DC-East,0.04480693784844105,83.0,19.0,83.0,0.0,1.0,1462.73
BTR-2204,2026-12,Ecommerce,Amazon,DC-East,0.11989813476495285,180.0,0.0,180.0,0.0,1.0,3172.18
BTR-2204,2026-12,Retail,Costco,DC-West,0.091403400096359,137.0,32.0,137.0,0.0,1.0,2414.38
BTR-2204,2026-12,Ecommerce,DTC Shopify,DC-West,0.06029320669006814,90.0,0.0,90.0,0.0,1.0,1586.09
BTR-2204,2026-12,Retail,Home Depot,DC-West,0.20352398650973913,305.0,70.0,305.0,0.0,1.0,5375.08
BTR-2204,2026-12,Retail,Kroger,DC-Central,0.05568173996833918,83.0,19.0,83.0,0.0,1.0,1462.73
BTR-2204,2026-12,Retail,Lowe's,DC-Central,0.14729162364925322,221.0,51.0,221.0,0.0,1.0,3894.73
BTR-2204,2026-12,Retail,Target,DC-Central,0.1366233051139101,205.0,47.0,205.0,0.0,1.0,3612.76
BTR-2204,2026-12,Retail,Walmart,DC-East,0.1404776653589373,211.0,49.0,211.0,0.0,1.0,3718.5
BTR-2204,2026-12,Retail,Whole Foods,DC-East,0.04480693784844105,67.0,15.0,67.0,0.0,1.0,1180.75
BTR-2204,2027-01,Ecommerce,Amazon,DC-East,0.11989813476495285,156.0,0.0,156.0,0.0,1.0,2749.22
BTR-2204,2027-01,Retail,Costco,DC-West,0.091403400096359,119.0,27.0,119.0,0.0,1.0,2097.16
BTR-2204,2027-01,Ecommerce,DTC Shopify,DC-West,0.06029320669006814,78.0,0.0,78.0,0.0,1.0,1374.61
BTR-2204,2027-01,Retail,Home Depot,DC-West,0.20352398650973913,265.0,61.0,265.0,0.0,1.0,4670.15
BTR-2204,2027-01,Retail,Kroger,DC-Central,0.05568173996833918,72.0,17.0,72.0,0.0,1.0,1268.87
BTR-2204,2027-01,Retail,Lowe's,DC-Central,0.14729162364925322,192.0,44.0,192.0,0.0,1.0,3383.65
BTR-2204,2027-01,Retail,Target,DC-Central,0.1366233051139101,178.0,41.0,178.0,0.0,1.0,3136.93
BTR-2204,2027-01,Retail,Walmart,DC-East,0.1404776653589373,183.0,42.0,183.0,0.0,1.0,3225.05
BTR-2204,2027-01,Retail,Whole Foods,DC-East,0.04480693784844105,58.0,13.0,58.0,0.0,1.0,1022.15
BTR-2204,2027-02,Ecommerce,Amazon,DC-East,0.11989813476495285,223.0,0.0,223.0,0.0,1.0,3929.97
BTR-2204,2027-02,Retail,Costco,DC-West,0.091403400096359,170.0,39.0,170.0,0.0,1.0,2995.94
BTR-2204,2027-02,Ecommerce,DTC Shopify,DC-West,0.06029320669006814,112.0,0.0,112.0,0.0,1.0,1973.8
BTR-2204,2027-02,Retail,Home Depot,DC-West,0.20352398650973913,379.0,88.0,379.0,0.0,1.0,6679.19
BTR-2204,2027-02,Retail,Kroger,DC-Central,0.05568173996833918,104.0,24.0,104.0,0.0,1.0,1832.81
BTR-2204,2027-02,Retail,Lowe's,DC-Central,0.14729162364925322,274.0,63.0,274.0,0.0,1.0,4828.76
BTR-2204,2027-02,Retail,Target,DC-Central,0.1366233051139101,254.0,59.0,254.0,0.0,1.0,4476.29
BTR-2204,2027-02,Retail,Walmart,DC-East,0.1404776653589373,261.0,60.0,261.0,0.0,1.0,4599.66
BTR-2204,2027-02,Retail,Whole Foods,DC-East,0.04480693784844105,83.0,19.0,83.0,0.0,1.0,1462.73
BTR-2204,2027-03,Ecommerce,Amazon,DC-East,0.11989813476495285,304.0,0.0,304.0,0.0,1.0,5357.45
BTR-2204,2027-03,Retail,Costco,DC-West,0.091403400096359,232.0,54.0,232.0,0.0,1.0,4088.58
BTR-2204,2027-03,Ecommerce,DTC Shopify,DC-West,0.06029320669006814,153.0,0.0,153.0,0.0,1.0,2696.35
BTR-2204,2027-03,Retail,Home Depot,DC-West,0.20352398650973913,516.0,119.0,516.0,0.0,1.0,9093.57
BTR-2204,2027-03,Retail,Kroger,DC-Central,0.05568173996833918,141.0,33.0,141.0,0.0,1.0,2484.87
BTR-2204,2027-03,Retail,Lowe's,DC-Central,0.14729162364925322,374.0,86.0,374.0,0.0,1.0,6591.08
BTR-2204,2027-03,Retail,Target,DC-Central,0.1366233051139101,347.0,80.0,347.0,0.0,1.0,6115.25
BTR-2204,2027-03,Retail,Walmart,DC-East,0.1404776653589373,356.0,82.0,356.0,0.0,1.0,6273.86
BTR-2204,2027-03,Retail,Whole Foods,DC-East,0.04480693784844105,114.0,26.0,114.0,0.0,1.0,2009.04
BTR-2204,2027-04,Ecommerce,Amazon,DC-East,0.11989813476495285,365.0,0.0,365.0,0.0,1.0,6432.47
BTR-2204,2027-04,Retail,Costco,DC-West,0.091403400096359,278.0,64.0,278.0,0.0,1.0,4899.25
BTR-2204,2027-04,Ecommerce,DTC Shopify,DC-West,0.06029320669006814,183.0,0.0,183.0,0.0,1.0,3225.05
BTR-2204,2027-04,Retail,Home Depot,DC-West,0.20352398650973913,619.0,143.0,619.0,0.0,1.0,10908.76
BTR-2204,2027-04,Retail,Kroger,DC-Central,0.05568173996833918,169.0,39.0,169.0,0.0,1.0,2978.32
BTR-2204,2027-04,Retail,Lowe's,DC-Central,0.14729162364925322,448.0,103.0,448.0,0.0,1.0,7895.19
BTR-2204,2027-04,Retail,Target,DC-Central,0.1366233051139101,415.0,96.0,415.0,0.0,1.0,7313.63
BTR-2204,2027-04,Retail,Walmart,DC-East,0.1404776653589373,427.0,99.0,427.0,0.0,1.0,7525.11
BTR-2204,2027-04,Retail,Whole Foods,DC-East,0.04480693784844105,136.0,31.0,136.0,0.0,1.0,2396.76
BTR-2204,2027-05,Ecommerce,Amazon,DC-East,0.11989813476495285,328.0,0.0,328.0,0.0,1.0,5780.41
BTR-2204,2027-05,Retail,Costco,DC-West,0.091403400096359,250.0,58.0,250.0,0.0,1.0,4405.8
BTR-2204,2027-05,Ecommerce,DTC Shopify,DC-West,0.06029320669006814,165.0,0.0,165.0,0.0,1.0,2907.83
BTR-2204,2027-05,Retail,Home Depot,DC-West,0.20352398650973913,557.0,129.0,557.0,0.0,1.0,9816.12
BTR-2204,2027-05,Retail,Kroger,DC-Central,0.05568173996833918,152.0,35.0,152.0,0.0,1.0,2678.73
BTR-2204,2027-05,Retail,Lowe's,DC-Central,0.14729162364925322,403.0,93.0,403.0,0.0,1.0,7102.15
BTR-2204,2027-05,Retail,Target,DC-Central,0.1366233051139101,374.0,86.0,374.0,0.0,1.0,6591.08
BTR-2204,2027-05,Retail,Walmart,DC-East,0.1404776653589373,385.0,89.0,385.0,0.0,1.0,6784.93
BTR-2204,2027-05,Retail,Whole Foods,DC-East,0.04480693784844105,123.0,28.0,123.0,0.0,1.0,2167.65
BTR-2204,2027-06,Ecommerce,Amazon,DC-East,0.11989813476495285,209.0,0.0,209.0,0.0,1.0,3683.25
BTR-2204,2027-06,Retail,Costco,DC-West,0.091403400096359,160.0,37.0,160.0,0.0,1.0,2819.71
BTR-2204,2027-06,Ecommerce,DTC Shopify,DC-West,0.06029320669006814,105.0,0.0,105.0,0.0,1.0,1850.44
BTR-2204,2027-06,Retail,Home Depot,DC-West,0.20352398650973913,355.0,82.0,355.0,0.0,1.0,6256.24
BTR-2204,2027-06,Retail,Kroger,DC-Central,0.05568173996833918,97.0,22.0,97.0,0.0,1.0,1709.45
BTR-2204,2027-06,Retail,Lowe's,DC-Central,0.14729162364925322,257.0,59.0,257.0,0.0,1.0,4529.16
BTR-2204,2027-06,Retail,Target,DC-Central,0.1366233051139101,239.0,55.0,239.0,0.0,1.0,4211.94
BTR-2204,2027-06,Retail,Walmart,DC-East,0.1404776653589373,245.0,57.0,245.0,0.0,1.0,4317.68
BTR-2204,2027-06,Retail,Whole Foods,DC-East,0.04480693784844105,78.0,18.0,78.0,0.0,1.0,1374.61
BTR-2204,2027-07,Ecommerce,Amazon,DC-East,0.11989813476495285,157.0,0.0,157.0,0.0,1.0,2766.84
BTR-2204,2027-07,Retail,Costco,DC-West,0.091403400096359,119.0,27.0,119.0,0.0,1.0,2097.16
BTR-2204,2027-07,Ecommerce,DTC Shopify,DC-West,0.06029320669006814,79.0,0.0,79.0,0.0,1.0,1392.23
BTR-2204,2027-07,Retail,Home Depot,DC-West,0.20352398650973913,266.0,61.0,266.0,0.0,1.0,4687.77
BTR-2204,2027-07,Retail,Kroger,DC-Central,0.05568173996833918,73.0,17.0,73.0,0.0,1.0,1286.49
BTR-2204,2027-07,Retail,Lowe's,DC-Central,0.14729162364925322,192.0,44.0,192.0,0.0,1.0,3383.65
BTR-2204,2027-07,Retail,Target,DC-Central,0.1366233051139101,178.0,41.0,178.0,0.0,1.0,3136.93
BTR-2204,2027-07,Retail,Walmart,DC-East,0.1404776653589373,183.0,42.0,183.0,0.0,1.0,3225.05
BTR-2204,2027-07,Retail,Whole Foods,DC-East,0.04480693784844105,59.0,14.0,59.0,0.0,1.0,1039.77
BTR-2204,2027-08,Ecommerce,Amazon,DC-East,0.11989813476495285,162.0,0.0,162.0,0.0,1.0,2854.96
BTR-2204,2027-08,Retail,Costco,DC-West,0.091403400096359,124.0,29.0,124.0,0.0,1.0,2185.28
BTR-2204,2027-08,Ecommerce,DTC Shopify,DC-West,0.06029320669006814,82.0,0.0,82.0,0.0,1.0,1445.1
BTR-2204,2027-08,Retail,Home Depot,DC-West,0.20352398650973913,276.0,64.0,276.0,0.0,1.0,4864.0
BTR-2204,2027-08,Retail,Kroger,DC-Central,0.05568173996833918,75.0,17.0,75.0,0.0,1.0,1321.74
BTR-2204,2027-08,Retail,Lowe's,DC-Central,0.14729162364925322,200.0,46.0,200.0,0.0,1.0,3524.64
BTR-2204,2027-08,Retail,Target,DC-Central,0.1366233051139101,185.0,43.0,185.0,0.0,1.0,3260.29
BTR-2204,2027-08,Retail,Walmart,DC-East,0.1404776653589373,190.0,44.0,190.0,0.0,1.0,3348.41
BTR-2204,2027-08,Retail,Whole Foods,DC-East,0.04480693784844105,61.0,14.0,61.0,0.0,1.0,1075.02
